PC_ID,PC_SMILES,PC_MaxEStateIndex,PC_MinEStateIndex,PC_MaxAbsEStateIndex,PC_MinAbsEStateIndex,PC_qed,PC_MolWt,PC_HeavyAtomMolWt,PC_ExactMolWt,PC_NumValenceElectrons,PC_MaxPartialCharge,PC_MinPartialCharge,PC_MaxAbsPartialCharge,PC_MinAbsPartialCharge,PC_FpDensityMorgan1,PC_FpDensityMorgan2,PC_FpDensityMorgan3,PC_BCUT2D_MWHI,PC_BCUT2D_MWLOW,PC_BCUT2D_CHGHI,PC_BCUT2D_CHGLO,PC_BCUT2D_LOGPHI,PC_BCUT2D_LOGPLOW,PC_BCUT2D_MRHI,PC_BCUT2D_MRLOW,PC_BalabanJ,PC_BertzCT,PC_Chi0,PC_Chi0n,PC_Chi0v,PC_Chi1,PC_Chi1n,PC_Chi1v,PC_Chi2n,PC_Chi2v,PC_Chi3n,PC_Chi3v,PC_Chi4n,PC_Chi4v,PC_HallKierAlpha,PC_Ipc,PC_Kappa1,PC_Kappa2,PC_Kappa3,PC_LabuteASA,PC_PEOE_VSA1,PC_PEOE_VSA10,PC_PEOE_VSA11,PC_PEOE_VSA12,PC_PEOE_VSA14,PC_PEOE_VSA2,PC_PEOE_VSA4,PC_PEOE_VSA5,PC_PEOE_VSA6,PC_PEOE_VSA7,PC_PEOE_VSA8,PC_PEOE_VSA9,PC_SMR_VSA1,PC_SMR_VSA10,PC_SMR_VSA3,PC_SMR_VSA5,PC_SMR_VSA6,PC_SMR_VSA7,PC_SMR_VSA9,PC_SlogP_VSA1,PC_SlogP_VSA10,PC_SlogP_VSA11,PC_SlogP_VSA12,PC_SlogP_VSA2,PC_SlogP_VSA3,PC_SlogP_VSA5,PC_SlogP_VSA6,PC_SlogP_VSA7,PC_SlogP_VSA8,PC_TPSA,PC_EState_VSA1,PC_EState_VSA10,PC_EState_VSA2,PC_EState_VSA3,PC_EState_VSA4,PC_EState_VSA5,PC_EState_VSA6,PC_EState_VSA7,PC_EState_VSA8,PC_EState_VSA9,PC_VSA_EState1,PC_VSA_EState10,PC_VSA_EState2,PC_VSA_EState3,PC_VSA_EState4,PC_VSA_EState5,PC_VSA_EState6,PC_VSA_EState7,PC_VSA_EState8,PC_VSA_EState9,PC_FractionCSP3,PC_HeavyAtomCount,PC_NHOHCount,PC_NOCount,PC_NumAliphaticCarbocycles,PC_NumAliphaticHeterocycles,PC_NumAliphaticRings,PC_NumAromaticCarbocycles,PC_NumAromaticHeterocycles,PC_NumAromaticRings,PC_NumHAcceptors,PC_NumHDonors,PC_NumHeteroatoms,PC_NumRotatableBonds,PC_RingCount,PC_MolLogP,PC_MolMR,PC_fr_Ar_N,PC_fr_Ar_NH,PC_fr_C_O,PC_fr_C_O_noCOO,PC_fr_NH0,PC_fr_NH1,PC_fr_Nhpyrrole,PC_fr_alkyl_halide,PC_fr_aniline,PC_fr_aryl_methyl,PC_fr_benzene,PC_fr_bicyclic,PC_fr_ether,PC_fr_halogen,PC_fr_ketone,PC_fr_methoxy,PC_fr_para_hydroxylation,PC_fr_pyridine,Alc_ID,Alc_SMILES,Alc_MaxEStateIndex,Alc_MinEStateIndex,Alc_MaxAbsEStateIndex,Alc_MinAbsEStateIndex,Alc_qed,Alc_MolWt,Alc_HeavyAtomMolWt,Alc_ExactMolWt,Alc_NumValenceElectrons,Alc_MaxPartialCharge,Alc_MinPartialCharge,Alc_MaxAbsPartialCharge,Alc_MinAbsPartialCharge,Alc_FpDensityMorgan1,Alc_FpDensityMorgan2,Alc_FpDensityMorgan3,Alc_BCUT2D_MWHI,Alc_BCUT2D_MWLOW,Alc_BCUT2D_CHGHI,Alc_BCUT2D_CHGLO,Alc_BCUT2D_LOGPHI,Alc_BCUT2D_LOGPLOW,Alc_BCUT2D_MRHI,Alc_BCUT2D_MRLOW,Alc_BalabanJ,Alc_BertzCT,Alc_Chi0,Alc_Chi0n,Alc_Chi0v,Alc_Chi1,Alc_Chi1n,Alc_Chi1v,Alc_Chi2n,Alc_Chi2v,Alc_Chi3n,Alc_Chi3v,Alc_Chi4n,Alc_Chi4v,Alc_HallKierAlpha,Alc_Ipc,Alc_Kappa1,Alc_Kappa2,Alc_Kappa3,Alc_LabuteASA,Alc_PEOE_VSA1,Alc_PEOE_VSA10,Alc_PEOE_VSA11,Alc_PEOE_VSA12,Alc_PEOE_VSA14,Alc_PEOE_VSA3,Alc_PEOE_VSA5,Alc_PEOE_VSA6,Alc_PEOE_VSA7,Alc_PEOE_VSA8,Alc_PEOE_VSA9,Alc_SMR_VSA1,Alc_SMR_VSA10,Alc_SMR_VSA5,Alc_SMR_VSA6,Alc_SMR_VSA7,Alc_SMR_VSA9,Alc_SlogP_VSA1,Alc_SlogP_VSA11,Alc_SlogP_VSA12,Alc_SlogP_VSA2,Alc_SlogP_VSA3,Alc_SlogP_VSA4,Alc_SlogP_VSA5,Alc_SlogP_VSA6,Alc_SlogP_VSA8,Alc_TPSA,Alc_EState_VSA1,Alc_EState_VSA10,Alc_EState_VSA2,Alc_EState_VSA3,Alc_EState_VSA4,Alc_EState_VSA5,Alc_EState_VSA6,Alc_EState_VSA7,Alc_EState_VSA8,Alc_EState_VSA9,Alc_VSA_EState1,Alc_VSA_EState10,Alc_VSA_EState2,Alc_VSA_EState3,Alc_VSA_EState4,Alc_VSA_EState5,Alc_VSA_EState6,Alc_VSA_EState7,Alc_VSA_EState8,Alc_VSA_EState9,Alc_FractionCSP3,Alc_HeavyAtomCount,Alc_NHOHCount,Alc_NOCount,Alc_NumAliphaticHeterocycles,Alc_NumAliphaticRings,Alc_NumAromaticCarbocycles,Alc_NumAromaticHeterocycles,Alc_NumAromaticRings,Alc_NumHAcceptors,Alc_NumHDonors,Alc_NumHeteroatoms,Alc_NumRotatableBonds,Alc_RingCount,Alc_MolLogP,Alc_MolMR,Alc_fr_Al_OH,Alc_fr_Al_OH_noTert,Alc_fr_C_O,Alc_fr_C_O_noCOO,Alc_fr_aryl_methyl,Alc_fr_benzene,Alc_fr_bicyclic,Alc_fr_ester,Alc_fr_ether,Alc_fr_methoxy,Alc_fr_thiophene,Yield
PC1,O=C1C2=C(C=CC=C2)[Si](C)(C)C3=CC=CC=C31,12.417962962962964,-1.6944367283950619,12.417962962962964,0.18335648148148165,0.6420668799555187,238.36199999999997,224.24999999999994,238.08139159799998,84,0.19232198585901034,-0.2886264571209127,0.2886264571209127,0.19232198585901034,0.7647058823529411,1.1764705882352942,1.6470588235294117,28.331785373045232,10.024134718045946,2.3706645414886993,-2.3174318117790387,2.1898009598952206,-2.591684231276457,7.021872963437379,0.10352437455598235,2.3793325707946518,562.3238142311482,12.043605595440512,10.02705044398087,11.02705044398087,8.121027033568037,5.858824683611183,8.858824683611182,5.045291709197352,9.372641978386977,3.690069476208283,7.255453617110493,2.742420743752315,5.798791643215924,-1.6731168831168826,10412.754946507801,10.478916736694815,3.407443762843578,1.338655913698618,102.12000186064249,0.0,8.073872300533118,5.783244946364939,0.0,0.0,4.794537184071822,0.0,0.0,61.62495925505505,10.373451291374916,11.126902983393991,0.0,4.794537184071822,24.230568538272976,0.0,13.094022707362173,0.0,59.65783953108687,0.0,10.373451291374916,0.0,0.0,0.0,13.857117246898056,0.0,15.921440167465814,48.53093654769288,13.094022707362173,0.0,17.07,8.073872300533118,4.794537184071822,5.783244946364939,0.0,11.126902983393991,10.373451291374916,0.0,36.39820241076966,25.226756844285394,0.0,0.0,0.0,12.417962962962964,2.53462962962963,1.8108641975308646,0.18335648148148165,16.142253086419753,0.0,4.633148148148148,-1.6944367283950619,0.13333333333333333,17,0,1,0,1,1,2,0,2,1,0,2,0,3,2.0536,73.06650000000003,0,0,1,1,0,0,0,0,0,0,2,2,0,0,1,0,0,0,Alc1,OC(CC1=CC=CC=C1)C2=CC=C(C(OC)=O)C=C2,11.300882193186936,-0.5749102418745282,11.300882193186936,0.3712044724021635,0.8555190559485526,256.30099999999993,240.17299999999994,256.10994437200003,98,0.33734179298009886,-0.4654175212523233,0.4654175212523233,0.33734179298009886,1.105263157894737,1.736842105263158,2.3157894736842106,16.523293378425766,10.003236877957912,2.100617014517665,-2.111125286046951,2.185198707818772,-2.040609496672206,5.887593188002341,0.06002383438700396,2.073681425115431,531.6803207544581,13.664925939000156,10.74431964951049,10.74431964951049,9.202708600407233,6.107223093895716,6.107223093895716,4.31911057255133,4.31911057255133,2.9884308157697754,2.9884308157697754,1.9144073831934183,1.9144073831934183,-2.1299999999999994,25130.041075738343,13.30515171594639,6.15877056967385,3.421837675345536,112.01756686489409,9.843390348640755,0.0,0.0,0.0,5.969305287951849,4.794537184071822,0.0,42.46456947923127,23.259637120317212,6.4208216229260096,18.777215420722833,14.637927532712578,5.969305287951849,12.524788010674312,7.109797541277533,71.28765809124549,0.0,0.0,0.0,0.0,18.18563022407009,11.157684576726059,0.0,27.58885804691111,54.59730361615449,0.0,46.53,6.103966387748303,9.901064578912528,5.969305287951849,11.984273114623004,11.126902983393991,7.109797541277533,24.26546827384644,30.33183534230805,4.736862953800049,0.0,4.63082306110129,0.0,11.300882193186936,10.144462317334341,2.3488071092634595,-0.3712044724021635,16.619447777784718,-0.020931201184178128,0.0,1.347713214915596,0.1875,19,1,3,0,0,2,0,2,3,1,3,4,2,2.7493000000000007,72.88730000000004,1,1,1,1,0,2,0,1,1,1,0,14
PC1,O=C1C2=C(C=CC=C2)[Si](C)(C)C3=CC=CC=C31,12.417962962962964,-1.6944367283950619,12.417962962962964,0.18335648148148165,0.6420668799555187,238.36199999999997,224.24999999999994,238.08139159799998,84,0.19232198585901034,-0.2886264571209127,0.2886264571209127,0.19232198585901034,0.7647058823529411,1.1764705882352942,1.6470588235294117,28.331785373045232,10.024134718045946,2.3706645414886993,-2.3174318117790387,2.1898009598952206,-2.591684231276457,7.021872963437379,0.10352437455598235,2.3793325707946518,562.3238142311482,12.043605595440512,10.02705044398087,11.02705044398087,8.121027033568037,5.858824683611183,8.858824683611182,5.045291709197352,9.372641978386977,3.690069476208283,7.255453617110493,2.742420743752315,5.798791643215924,-1.6731168831168826,10412.754946507801,10.478916736694815,3.407443762843578,1.338655913698618,102.12000186064249,0.0,8.073872300533118,5.783244946364939,0.0,0.0,4.794537184071822,0.0,0.0,61.62495925505505,10.373451291374916,11.126902983393991,0.0,4.794537184071822,24.230568538272976,0.0,13.094022707362173,0.0,59.65783953108687,0.0,10.373451291374916,0.0,0.0,0.0,13.857117246898056,0.0,15.921440167465814,48.53093654769288,13.094022707362173,0.0,17.07,8.073872300533118,4.794537184071822,5.783244946364939,0.0,11.126902983393991,10.373451291374916,0.0,36.39820241076966,25.226756844285394,0.0,0.0,0.0,12.417962962962964,2.53462962962963,1.8108641975308646,0.18335648148148165,16.142253086419753,0.0,4.633148148148148,-1.6944367283950619,0.13333333333333333,17,0,1,0,1,1,2,0,2,1,0,2,0,3,2.0536,73.06650000000003,0,0,1,1,0,0,0,0,0,0,2,2,0,0,1,0,0,0,Alc2,OC(CC1=CC=CC=C1)C2=CC=CC=C2,9.973947467876041,-0.40870370370370424,9.973947467876041,0.40870370370370424,0.8035051734358308,198.265,184.15299999999996,198.104465068,76,0.08298804952950145,-0.3880720436533714,0.3880720436533714,0.08298804952950145,0.8,1.3333333333333333,1.9333333333333333,16.266076170609406,10.017292443134783,2.0630459693402803,-2.099774890735418,2.1679020868127488,-2.0051469961497723,5.216146633482743,0.17822792250631558,2.0784516078094564,394.1985815306015,10.510225400620904,8.50517333777239,8.50517333777239,7.360173345306137,5.13004291044503,5.13004291044503,3.6162040833489484,3.6162040833489484,2.4562220383138484,2.4562220383138484,1.6303928292672958,1.6303928292672958,-1.5999999999999996,4035.3008467528234,9.936265432098764,4.759877126654065,2.6729591836734703,90.01261530655025,5.106527394840706,0.0,0.0,0.0,0.0,0.0,0.0,60.6636706846161,11.126902983393991,6.4208216229260096,6.103966387748303,5.106527394840706,0.0,12.524788010674312,0.0,71.7905736680101,0.0,0.0,0.0,0.0,5.106527394840706,6.4208216229260096,0.0,17.230869371142294,60.6636706846161,0.0,20.23,6.103966387748303,5.106527394840706,0.0,6.4208216229260096,11.126902983393991,0.0,0.0,60.6636706846161,0.0,0.0,0.0,0.0,0.0,9.973947467876041,2.1344501133786853,0.0,19.795491307634165,0.2627777777777772,0.0,0.0,0.14285714285714285,15,1,1,0,0,2,0,2,1,1,1,3,2,2.9627000000000008,61.54780000000004,1,1,0,0,0,2,0,0,0,0,0,4
PC1,O=C1C2=C(C=CC=C2)[Si](C)(C)C3=CC=CC=C31,12.417962962962964,-1.6944367283950619,12.417962962962964,0.18335648148148165,0.6420668799555187,238.36199999999997,224.24999999999994,238.08139159799998,84,0.19232198585901034,-0.2886264571209127,0.2886264571209127,0.19232198585901034,0.7647058823529411,1.1764705882352942,1.6470588235294117,28.331785373045232,10.024134718045946,2.3706645414886993,-2.3174318117790387,2.1898009598952206,-2.591684231276457,7.021872963437379,0.10352437455598235,2.3793325707946518,562.3238142311482,12.043605595440512,10.02705044398087,11.02705044398087,8.121027033568037,5.858824683611183,8.858824683611182,5.045291709197352,9.372641978386977,3.690069476208283,7.255453617110493,2.742420743752315,5.798791643215924,-1.6731168831168826,10412.754946507801,10.478916736694815,3.407443762843578,1.338655913698618,102.12000186064249,0.0,8.073872300533118,5.783244946364939,0.0,0.0,4.794537184071822,0.0,0.0,61.62495925505505,10.373451291374916,11.126902983393991,0.0,4.794537184071822,24.230568538272976,0.0,13.094022707362173,0.0,59.65783953108687,0.0,10.373451291374916,0.0,0.0,0.0,13.857117246898056,0.0,15.921440167465814,48.53093654769288,13.094022707362173,0.0,17.07,8.073872300533118,4.794537184071822,5.783244946364939,0.0,11.126902983393991,10.373451291374916,0.0,36.39820241076966,25.226756844285394,0.0,0.0,0.0,12.417962962962964,2.53462962962963,1.8108641975308646,0.18335648148148165,16.142253086419753,0.0,4.633148148148148,-1.6944367283950619,0.13333333333333333,17,0,1,0,1,1,2,0,2,1,0,2,0,3,2.0536,73.06650000000003,0,0,1,1,0,0,0,0,0,0,2,2,0,0,1,0,0,0,Alc3,OC(CC1=CC=CC=C1)C2=CC=C(C3=CC=CC=C3)C=C2,10.335407533383725,-0.46090429999160243,10.335407533383725,0.46090429999160243,0.7351163069128532,274.363,256.21899999999994,274.135765196,104,0.08298875307923671,-0.388072037808165,0.388072037808165,0.08298875307923671,0.6190476190476191,1.1428571428571428,1.7619047619047619,16.266083292964606,9.982653573837602,2.0818451903734125,-2.1170537852257123,2.231560758845956,-2.009876154068321,5.629945446690994,0.17824227821530972,1.7483318000385286,672.0487817325015,14.493353063746348,11.814574414530895,11.814574414530895,10.326499840494922,7.2014101154909484,7.2014101154909484,5.193554352538573,5.193554352538573,3.674455551106933,3.674455551106933,2.483526521520132,2.483526521520132,-2.379999999999999,104293.42426850586,13.596094137037953,6.379998762558589,3.3882865583782404,125.06970951261428,5.106527394840706,0.0,0.0,0.0,0.0,0.0,0.0,84.92913895846256,22.253805966787983,6.4208216229260096,6.103966387748303,5.106527394840706,0.0,12.524788010674312,0.0,96.05604194185656,11.126902983393991,0.0,0.0,0.0,5.106527394840706,6.4208216229260096,0.0,17.230869371142294,84.92913895846256,11.126902983393991,20.23,6.103966387748303,5.106527394840706,0.0,6.4208216229260096,11.126902983393991,11.126902983393991,0.0,60.6636706846161,24.26546827384644,0.0,0.0,0.0,0.0,10.335407533383725,4.475491082490542,0.0,28.505636982933158,0.1834644011925748,0.0,0.0,0.1,21,1,1,0,0,3,0,3,1,1,1,4,3,4.629700000000004,86.98380000000003,1,1,0,0,0,3,0,0,0,0,0,18
PC1,O=C1C2=C(C=CC=C2)[Si](C)(C)C3=CC=CC=C31,12.417962962962964,-1.6944367283950619,12.417962962962964,0.18335648148148165,0.6420668799555187,238.36199999999997,224.24999999999994,238.08139159799998,84,0.19232198585901034,-0.2886264571209127,0.2886264571209127,0.19232198585901034,0.7647058823529411,1.1764705882352942,1.6470588235294117,28.331785373045232,10.024134718045946,2.3706645414886993,-2.3174318117790387,2.1898009598952206,-2.591684231276457,7.021872963437379,0.10352437455598235,2.3793325707946518,562.3238142311482,12.043605595440512,10.02705044398087,11.02705044398087,8.121027033568037,5.858824683611183,8.858824683611182,5.045291709197352,9.372641978386977,3.690069476208283,7.255453617110493,2.742420743752315,5.798791643215924,-1.6731168831168826,10412.754946507801,10.478916736694815,3.407443762843578,1.338655913698618,102.12000186064249,0.0,8.073872300533118,5.783244946364939,0.0,0.0,4.794537184071822,0.0,0.0,61.62495925505505,10.373451291374916,11.126902983393991,0.0,4.794537184071822,24.230568538272976,0.0,13.094022707362173,0.0,59.65783953108687,0.0,10.373451291374916,0.0,0.0,0.0,13.857117246898056,0.0,15.921440167465814,48.53093654769288,13.094022707362173,0.0,17.07,8.073872300533118,4.794537184071822,5.783244946364939,0.0,11.126902983393991,10.373451291374916,0.0,36.39820241076966,25.226756844285394,0.0,0.0,0.0,12.417962962962964,2.53462962962963,1.8108641975308646,0.18335648148148165,16.142253086419753,0.0,4.633148148148148,-1.6944367283950619,0.13333333333333333,17,0,1,0,1,1,2,0,2,1,0,2,0,3,2.0536,73.06650000000003,0,0,1,1,0,0,0,0,0,0,2,2,0,0,1,0,0,0,Alc4,OC(CC1=CC=CC=C1)C2=CC=C(C)C=C2,10.064839380196524,-0.41388888888888964,10.064839380196524,0.41388888888888964,0.827496933605173,212.29199999999997,196.16399999999996,212.120115132,82,0.0829883747658443,-0.38807204092055403,0.38807204092055403,0.0829883747658443,0.9375,1.5625,2.1875,16.266078389325447,10.006289195538882,2.069742142147314,-2.1072106640509842,2.1789660783789326,-2.009250363373895,5.250301887094522,0.17821400361845985,2.085070944860585,430.75194762320365,11.380468888623982,9.427823068582764,9.427823068582764,7.7540201954234895,5.54072651296799,5.54072651296799,4.116204083348947,4.116204083348947,2.7339998160916257,2.7339998160916257,1.7438068228410388,1.7438068228410388,-1.5999999999999996,5689.016293492532,10.902614268848035,4.950941945405614,2.7067723730180067,96.37755742094683,5.106527394840706,0.0,0.0,0.0,0.0,0.0,0.0,60.160755107851486,18.050640183084617,6.4208216229260096,6.103966387748303,5.106527394840706,0.0,19.448525210364934,0.0,71.28765809124549,0.0,0.0,0.0,0.0,5.106527394840706,6.4208216229260096,6.923737199690624,22.79432086283929,54.59730361615449,0.0,20.23,6.103966387748303,5.106527394840706,0.0,6.4208216229260096,11.126902983393991,5.563451491696996,0.0,61.52104081584511,0.0,0.0,0.0,0.0,0.0,10.064839380196524,3.3617492336440753,0.0,18.10113200218359,0.25664777021919793,2.048964947089947,0.0,0.2,16,1,1,0,0,2,0,2,1,1,1,3,2,3.2711200000000016,66.28480000000003,1,1,0,0,1,2,0,0,0,0,0,11
PC1,O=C1C2=C(C=CC=C2)[Si](C)(C)C3=CC=CC=C31,12.417962962962964,-1.6944367283950619,12.417962962962964,0.18335648148148165,0.6420668799555187,238.36199999999997,224.24999999999994,238.08139159799998,84,0.19232198585901034,-0.2886264571209127,0.2886264571209127,0.19232198585901034,0.7647058823529411,1.1764705882352942,1.6470588235294117,28.331785373045232,10.024134718045946,2.3706645414886993,-2.3174318117790387,2.1898009598952206,-2.591684231276457,7.021872963437379,0.10352437455598235,2.3793325707946518,562.3238142311482,12.043605595440512,10.02705044398087,11.02705044398087,8.121027033568037,5.858824683611183,8.858824683611182,5.045291709197352,9.372641978386977,3.690069476208283,7.255453617110493,2.742420743752315,5.798791643215924,-1.6731168831168826,10412.754946507801,10.478916736694815,3.407443762843578,1.338655913698618,102.12000186064249,0.0,8.073872300533118,5.783244946364939,0.0,0.0,4.794537184071822,0.0,0.0,61.62495925505505,10.373451291374916,11.126902983393991,0.0,4.794537184071822,24.230568538272976,0.0,13.094022707362173,0.0,59.65783953108687,0.0,10.373451291374916,0.0,0.0,0.0,13.857117246898056,0.0,15.921440167465814,48.53093654769288,13.094022707362173,0.0,17.07,8.073872300533118,4.794537184071822,5.783244946364939,0.0,11.126902983393991,10.373451291374916,0.0,36.39820241076966,25.226756844285394,0.0,0.0,0.0,12.417962962962964,2.53462962962963,1.8108641975308646,0.18335648148148165,16.142253086419753,0.0,4.633148148148148,-1.6944367283950619,0.13333333333333333,17,0,1,0,1,1,2,0,2,1,0,2,0,3,2.0536,73.06650000000003,0,0,1,1,0,0,0,0,0,0,2,2,0,0,1,0,0,0,Alc5,OC(CC1=CC=CC=C1)C2=CC=C(OC)C=C2,10.096727135298565,-0.4691609977324269,10.096727135298565,0.4691609977324269,0.8713621378125769,228.29099999999997,212.16299999999995,228.115029752,88,0.1183810048644517,-0.4967681917897237,0.4967681917897237,0.1183810048644517,1.0,1.6470588235294117,2.235294117647059,16.465293963471616,10.014481763052645,2.0766339002525425,-2.1114630586776655,2.2033628169898027,-2.0103111679180383,5.291757736922201,0.17813111737507337,2.062926536206509,448.10785282653126,12.08757566981053,9.836071359046628,9.836071359046628,8.292024997884274,5.653098948663784,5.653098948663784,3.9786802197867686,3.9786802197867686,2.772451506641763,2.772451506641763,1.7812643014063039,1.7812643014063039,-1.7999999999999998,10090.555572179177,11.678585581466239,5.50509077963688,3.0789697570071675,101.49110265045373,9.843390348640755,5.749511833283905,0.0,0.0,0.0,0.0,0.0,42.46456947923127,23.259637120317212,6.4208216229260096,13.213763929025836,9.843390348640755,0.0,12.524788010674312,7.109797541277533,65.72420659954848,5.749511833283905,4.736862953800049,5.749511833283905,0.0,12.216324936118239,6.4208216229260096,0.0,17.230869371142294,54.59730361615449,0.0,29.46,6.103966387748303,5.106527394840706,0.0,6.4208216229260096,16.876414816677897,0.0,7.109797541277533,54.59730361615449,0.0,4.736862953800049,5.085560668137779,0.0,0.0,10.096727135298565,2.0467325155370792,0.8061676954732513,17.500864937598344,0.16295091647770144,0.0,1.6343294648106155,0.2,17,1,2,0,0,2,0,2,2,1,2,4,2,2.971300000000001,68.09980000000004,1,1,0,0,0,2,0,0,1,1,0,78
PC1,O=C1C2=C(C=CC=C2)[Si](C)(C)C3=CC=CC=C31,12.417962962962964,-1.6944367283950619,12.417962962962964,0.18335648148148165,0.6420668799555187,238.36199999999997,224.24999999999994,238.08139159799998,84,0.19232198585901034,-0.2886264571209127,0.2886264571209127,0.19232198585901034,0.7647058823529411,1.1764705882352942,1.6470588235294117,28.331785373045232,10.024134718045946,2.3706645414886993,-2.3174318117790387,2.1898009598952206,-2.591684231276457,7.021872963437379,0.10352437455598235,2.3793325707946518,562.3238142311482,12.043605595440512,10.02705044398087,11.02705044398087,8.121027033568037,5.858824683611183,8.858824683611182,5.045291709197352,9.372641978386977,3.690069476208283,7.255453617110493,2.742420743752315,5.798791643215924,-1.6731168831168826,10412.754946507801,10.478916736694815,3.407443762843578,1.338655913698618,102.12000186064249,0.0,8.073872300533118,5.783244946364939,0.0,0.0,4.794537184071822,0.0,0.0,61.62495925505505,10.373451291374916,11.126902983393991,0.0,4.794537184071822,24.230568538272976,0.0,13.094022707362173,0.0,59.65783953108687,0.0,10.373451291374916,0.0,0.0,0.0,13.857117246898056,0.0,15.921440167465814,48.53093654769288,13.094022707362173,0.0,17.07,8.073872300533118,4.794537184071822,5.783244946364939,0.0,11.126902983393991,10.373451291374916,0.0,36.39820241076966,25.226756844285394,0.0,0.0,0.0,12.417962962962964,2.53462962962963,1.8108641975308646,0.18335648148148165,16.142253086419753,0.0,4.633148148148148,-1.6944367283950619,0.13333333333333333,17,0,1,0,1,1,2,0,2,1,0,2,0,3,2.0536,73.06650000000003,0,0,1,1,0,0,0,0,0,0,2,2,0,0,1,0,0,0,Alc6,OC(CC1=CC=CC=C1)C2=CC=C(OC)C(OC)=C2,10.261137566137567,-0.5535128495842787,10.261137566137567,0.5535128495842787,0.8956990875329504,258.31699999999995,240.17299999999994,258.12559443600003,100,0.16058453750747206,-0.4928699503057866,0.4928699503057866,0.16058453750747206,0.9473684210526315,1.631578947368421,2.263157894736842,16.507840676524992,10.009678695325208,2.1172434065020065,-2.139118621146542,2.3039729637253057,-2.023299718872896,5.433081291348095,0.17759935416267483,2.170628055604028,522.7721843403044,13.664925939000156,11.166969380320865,11.166969380320865,9.240713402868018,6.182138051026246,6.182138051026246,4.319941212142852,4.319941212142852,3.0642462362819742,3.0642462362819742,2.0152864579650367,2.0152864579650367,-2.0,25290.518080230475,13.432098765432098,6.25,3.263267429760666,112.96958999435721,14.580253302440804,0.0,11.49902366656781,0.0,0.0,0.0,0.0,36.39820241076966,23.259637120317212,6.4208216229260096,20.323561470303368,14.580253302440804,0.0,12.524788010674312,14.219595082555067,59.65783953108687,11.49902366656781,9.473725907600098,11.49902366656781,0.0,19.32612247739577,6.4208216229260096,0.0,17.230869371142294,48.53093654769288,0.0,38.69,6.103966387748303,5.106527394840706,0.0,17.919845289493818,11.126902983393991,0.0,14.219595082555067,48.53093654769288,0.0,9.473725907600098,10.423739523013062,0.0,0.0,10.261137566137567,1.922488845846981,1.296548878810784,15.3862476431497,0.0261727607709743,0.0,3.1836647822709327,0.25,19,1,3,0,0,2,0,2,3,1,3,5,2,2.9799000000000015,74.65180000000005,1,1,0,0,0,2,0,0,2,2,0,90
PC1,O=C1C2=C(C=CC=C2)[Si](C)(C)C3=CC=CC=C31,12.417962962962964,-1.6944367283950619,12.417962962962964,0.18335648148148165,0.6420668799555187,238.36199999999997,224.24999999999994,238.08139159799998,84,0.19232198585901034,-0.2886264571209127,0.2886264571209127,0.19232198585901034,0.7647058823529411,1.1764705882352942,1.6470588235294117,28.331785373045232,10.024134718045946,2.3706645414886993,-2.3174318117790387,2.1898009598952206,-2.591684231276457,7.021872963437379,0.10352437455598235,2.3793325707946518,562.3238142311482,12.043605595440512,10.02705044398087,11.02705044398087,8.121027033568037,5.858824683611183,8.858824683611182,5.045291709197352,9.372641978386977,3.690069476208283,7.255453617110493,2.742420743752315,5.798791643215924,-1.6731168831168826,10412.754946507801,10.478916736694815,3.407443762843578,1.338655913698618,102.12000186064249,0.0,8.073872300533118,5.783244946364939,0.0,0.0,4.794537184071822,0.0,0.0,61.62495925505505,10.373451291374916,11.126902983393991,0.0,4.794537184071822,24.230568538272976,0.0,13.094022707362173,0.0,59.65783953108687,0.0,10.373451291374916,0.0,0.0,0.0,13.857117246898056,0.0,15.921440167465814,48.53093654769288,13.094022707362173,0.0,17.07,8.073872300533118,4.794537184071822,5.783244946364939,0.0,11.126902983393991,10.373451291374916,0.0,36.39820241076966,25.226756844285394,0.0,0.0,0.0,12.417962962962964,2.53462962962963,1.8108641975308646,0.18335648148148165,16.142253086419753,0.0,4.633148148148148,-1.6944367283950619,0.13333333333333333,17,0,1,0,1,1,2,0,2,1,0,2,0,3,2.0536,73.06650000000003,0,0,1,1,0,0,0,0,0,0,2,2,0,0,1,0,0,0,Alc7,OC(CC1=CC=CC=C1)C2=C(OC)C=CC=C2OC,10.43783635676493,-0.6587962962962965,10.43783635676493,0.5253703703703706,0.8956990875329504,258.31699999999995,240.17299999999994,258.12559443600003,100,0.12790209537997485,-0.49622875863680643,0.49622875863680643,0.12790209537997485,0.8947368421052632,1.4736842105263157,2.0,16.477976847424276,9.995068210762046,2.1838950809298114,-2.1766985532877468,2.348905965119941,-2.0598899020398505,5.4636733049682915,0.16908465638196046,2.2969656304417856,500.52218434030453,13.664925939000156,11.166969380320865,11.166969380320865,9.257550155273625,6.1881211151699524,6.1881211151699524,4.281728869170134,4.281728869170134,3.0710430404017512,3.0710430404017512,2.147725380294945,2.147725380294945,-1.9999999999999998,25369.482589932766,13.432098765432098,6.25,3.0625,112.9695899943572,14.580253302440804,11.49902366656781,0.0,0.0,0.0,0.0,0.0,36.39820241076966,17.696185628620217,6.4208216229260096,25.887012962000366,14.580253302440804,0.0,12.524788010674312,14.219595082555067,59.65783953108687,11.49902366656781,9.473725907600098,11.49902366656781,0.0,19.32612247739577,6.4208216229260096,0.0,17.230869371142294,48.53093654769288,0.0,38.69,6.103966387748303,5.106527394840706,0.0,23.483296781190813,5.563451491696996,0.0,14.219595082555067,48.53093654769288,0.0,9.473725907600098,10.613328609221465,0.0,0.0,10.43783635676493,1.7632520786092218,1.2829280045351479,15.354512471655326,-0.13342592592592595,0.0,3.1815684051398336,0.25,19,1,3,0,0,2,0,2,3,1,3,5,2,2.9799000000000015,74.65180000000005,1,1,0,0,0,2,0,0,2,2,0,13
PC1,O=C1C2=C(C=CC=C2)[Si](C)(C)C3=CC=CC=C31,12.417962962962964,-1.6944367283950619,12.417962962962964,0.18335648148148165,0.6420668799555187,238.36199999999997,224.24999999999994,238.08139159799998,84,0.19232198585901034,-0.2886264571209127,0.2886264571209127,0.19232198585901034,0.7647058823529411,1.1764705882352942,1.6470588235294117,28.331785373045232,10.024134718045946,2.3706645414886993,-2.3174318117790387,2.1898009598952206,-2.591684231276457,7.021872963437379,0.10352437455598235,2.3793325707946518,562.3238142311482,12.043605595440512,10.02705044398087,11.02705044398087,8.121027033568037,5.858824683611183,8.858824683611182,5.045291709197352,9.372641978386977,3.690069476208283,7.255453617110493,2.742420743752315,5.798791643215924,-1.6731168831168826,10412.754946507801,10.478916736694815,3.407443762843578,1.338655913698618,102.12000186064249,0.0,8.073872300533118,5.783244946364939,0.0,0.0,4.794537184071822,0.0,0.0,61.62495925505505,10.373451291374916,11.126902983393991,0.0,4.794537184071822,24.230568538272976,0.0,13.094022707362173,0.0,59.65783953108687,0.0,10.373451291374916,0.0,0.0,0.0,13.857117246898056,0.0,15.921440167465814,48.53093654769288,13.094022707362173,0.0,17.07,8.073872300533118,4.794537184071822,5.783244946364939,0.0,11.126902983393991,10.373451291374916,0.0,36.39820241076966,25.226756844285394,0.0,0.0,0.0,12.417962962962964,2.53462962962963,1.8108641975308646,0.18335648148148165,16.142253086419753,0.0,4.633148148148148,-1.6944367283950619,0.13333333333333333,17,0,1,0,1,1,2,0,2,1,0,2,0,3,2.0536,73.06650000000003,0,0,1,1,0,0,0,0,0,0,2,2,0,0,1,0,0,0,Alc8,OC(CC1=CC=CC=C1)(C)C2=CC=C(OC)C=C2,10.562004913076343,-0.8674357520786091,10.562004913076343,0.5973896919879061,0.8921056666605938,242.31799999999996,224.17399999999995,242.130679816,94,0.11838137186134988,-0.4967681887289843,0.4967681887289843,0.11838137186134988,1.0,1.6111111111111112,2.1666666666666665,16.465304335878308,9.889503760970026,2.22797150875665,-2.2385349345184125,2.2631394577439528,-2.2362172676827443,5.316379902260567,0.057569130157961716,2.1884279567800498,486.2652269194349,13.010225400620904,10.758721089857001,10.758721089857001,8.615321630085539,6.025136822201199,6.025136822201199,4.664730960695685,4.664730960695685,3.103088053135465,3.103088053135465,2.045469160275508,2.045469160275508,-1.7999999999999998,13287.836301449152,12.651595457003785,5.233467659312888,2.90182022893601,107.85604476485034,9.843390348640755,5.749511833283905,0.0,0.0,0.0,0.0,0.0,42.46456947923127,30.183374320007832,6.4208216229260096,12.710848352261221,9.843390348640755,0.0,18.94560963360032,7.109797541277533,65.72420659954848,5.749511833283905,4.736862953800049,5.749511833283905,0.0,12.216324936118239,12.021872433909698,0.0,18.050640183084614,54.59730361615449,0.0,29.46,5.601050810983688,5.106527394840706,0.0,6.4208216229260096,16.876414816677897,0.0,7.109797541277533,61.52104081584511,0.0,4.736862953800049,5.118487727850552,0.0,0.0,10.562004913076343,1.1515189856806924,0.8002417695473254,17.549198270931676,0.5973896919879061,1.8351284958427816,1.6360301450827244,0.25,18,1,2,0,0,2,0,2,2,1,2,4,2,3.1454000000000013,72.71080000000005,1,0,0,0,0,2,0,0,1,1,0,53
PC1,O=C1C2=C(C=CC=C2)[Si](C)(C)C3=CC=CC=C31,12.417962962962964,-1.6944367283950619,12.417962962962964,0.18335648148148165,0.6420668799555187,238.36199999999997,224.24999999999994,238.08139159799998,84,0.19232198585901034,-0.2886264571209127,0.2886264571209127,0.19232198585901034,0.7647058823529411,1.1764705882352942,1.6470588235294117,28.331785373045232,10.024134718045946,2.3706645414886993,-2.3174318117790387,2.1898009598952206,-2.591684231276457,7.021872963437379,0.10352437455598235,2.3793325707946518,562.3238142311482,12.043605595440512,10.02705044398087,11.02705044398087,8.121027033568037,5.858824683611183,8.858824683611182,5.045291709197352,9.372641978386977,3.690069476208283,7.255453617110493,2.742420743752315,5.798791643215924,-1.6731168831168826,10412.754946507801,10.478916736694815,3.407443762843578,1.338655913698618,102.12000186064249,0.0,8.073872300533118,5.783244946364939,0.0,0.0,4.794537184071822,0.0,0.0,61.62495925505505,10.373451291374916,11.126902983393991,0.0,4.794537184071822,24.230568538272976,0.0,13.094022707362173,0.0,59.65783953108687,0.0,10.373451291374916,0.0,0.0,0.0,13.857117246898056,0.0,15.921440167465814,48.53093654769288,13.094022707362173,0.0,17.07,8.073872300533118,4.794537184071822,5.783244946364939,0.0,11.126902983393991,10.373451291374916,0.0,36.39820241076966,25.226756844285394,0.0,0.0,0.0,12.417962962962964,2.53462962962963,1.8108641975308646,0.18335648148148165,16.142253086419753,0.0,4.633148148148148,-1.6944367283950619,0.13333333333333333,17,0,1,0,1,1,2,0,2,1,0,2,0,3,2.0536,73.06650000000003,0,0,1,1,0,0,0,0,0,0,2,2,0,0,1,0,0,0,Alc9,OC(CC1=CC=CC=C1)(C)C2=CC(OC)=C(OC)C=C2,10.726415343915345,-0.9574357520786094,10.726415343915345,0.5449633881330308,0.9083721892957952,272.34399999999994,252.18399999999994,272.1412445,106,0.16059535666137958,-0.4928699470920177,0.4928699470920177,0.16059535666137958,0.95,1.6,2.2,16.507863905067826,9.886714685339358,2.2446519921947496,-2.246767402855474,2.332200446601139,-2.238535516915506,5.443974299613938,0.05730381851548327,2.2900575453340792,561.7027291484295,14.58757566981053,12.089619111131238,12.089619111131238,9.564010035069282,6.554175924563661,6.554175924563661,5.005991953051767,5.005991953051767,3.3966099446226505,3.3966099446226505,2.2666261378643466,2.2666261378643466,-2.0,33330.10718164373,14.409972299168976,5.969821673525377,3.114186851211073,119.3345321087538,14.580253302440804,0.0,11.49902366656781,0.0,0.0,0.0,0.0,36.39820241076966,30.183374320007832,6.4208216229260096,19.820645893538753,14.580253302440804,0.0,18.94560963360032,14.219595082555067,59.65783953108687,11.49902366656781,9.473725907600098,11.49902366656781,0.0,19.32612247739577,12.021872433909698,0.0,18.050640183084614,48.53093654769288,0.0,38.69,5.601050810983688,5.106527394840706,0.0,17.919845289493818,11.126902983393991,0.0,21.14333228224569,48.53093654769288,0.0,9.473725907600098,10.501666582725836,0.0,0.0,10.726415343915345,0.937275315990594,1.2824979528848581,15.429372643149698,0.5449633881330308,1.8067951625094483,3.187680277357857,0.29411764705882354,20,1,3,0,0,2,0,2,3,1,3,5,2,3.1540000000000017,79.26280000000006,1,0,0,0,0,2,0,0,2,2,0,86
PC1,O=C1C2=C(C=CC=C2)[Si](C)(C)C3=CC=CC=C31,12.417962962962964,-1.6944367283950619,12.417962962962964,0.18335648148148165,0.6420668799555187,238.36199999999997,224.24999999999994,238.08139159799998,84,0.19232198585901034,-0.2886264571209127,0.2886264571209127,0.19232198585901034,0.7647058823529411,1.1764705882352942,1.6470588235294117,28.331785373045232,10.024134718045946,2.3706645414886993,-2.3174318117790387,2.1898009598952206,-2.591684231276457,7.021872963437379,0.10352437455598235,2.3793325707946518,562.3238142311482,12.043605595440512,10.02705044398087,11.02705044398087,8.121027033568037,5.858824683611183,8.858824683611182,5.045291709197352,9.372641978386977,3.690069476208283,7.255453617110493,2.742420743752315,5.798791643215924,-1.6731168831168826,10412.754946507801,10.478916736694815,3.407443762843578,1.338655913698618,102.12000186064249,0.0,8.073872300533118,5.783244946364939,0.0,0.0,4.794537184071822,0.0,0.0,61.62495925505505,10.373451291374916,11.126902983393991,0.0,4.794537184071822,24.230568538272976,0.0,13.094022707362173,0.0,59.65783953108687,0.0,10.373451291374916,0.0,0.0,0.0,13.857117246898056,0.0,15.921440167465814,48.53093654769288,13.094022707362173,0.0,17.07,8.073872300533118,4.794537184071822,5.783244946364939,0.0,11.126902983393991,10.373451291374916,0.0,36.39820241076966,25.226756844285394,0.0,0.0,0.0,12.417962962962964,2.53462962962963,1.8108641975308646,0.18335648148148165,16.142253086419753,0.0,4.633148148148148,-1.6944367283950619,0.13333333333333333,17,0,1,0,1,1,2,0,2,1,0,2,0,3,2.0536,73.06650000000003,0,0,1,1,0,0,0,0,0,0,2,2,0,0,1,0,0,0,Alc10,OC(CC1=CC=CC=C1)C2=CC=CS2,9.873253023431594,-0.363518518518519,9.873253023431594,0.363518518518519,0.8144390837938148,204.29399999999998,192.19799999999998,204.060886004,72,0.09216528017574561,-0.3872321395951382,0.3872321395951382,0.09216528017574561,1.0714285714285714,1.8571428571428572,2.5,32.13347351704487,10.076452642388125,2.0789213690058697,-2.072307396572147,2.2167942612728524,-1.9832437646643386,7.095204082273813,0.18207119399780475,2.0553179911767563,366.484957172308,9.803118619434356,7.758721089857002,8.575217670784728,6.860173345306137,4.614527514810998,5.4941803260658935,3.2209400579704255,4.200212366132882,2.1434838152946787,3.117025631515786,1.418819851357115,2.130640812291436,-1.1199999999999999,3066.3242502334906,9.435606308498535,4.39885050222963,2.218442359688379,87.65297857696171,5.106527394840706,0.0,0.0,0.0,0.0,0.0,11.336785877934737,36.39820241076966,17.00988133062452,11.297968816627309,6.103966387748303,5.106527394840706,11.336785877934737,12.524788010674312,0.0,58.28523093509548,0.0,0.0,0.0,11.336785877934737,5.106527394840706,6.4208216229260096,0.0,16.5445650731466,47.844632249697185,0.0,20.23,0.0,5.106527394840706,6.103966387748303,6.4208216229260096,4.877147193701299,5.563451491696996,11.336785877934737,47.844632249697185,0.0,0.0,0.0,1.6002690381708238,1.0359750566893426,11.862882653061224,1.1744444444444446,0.0,13.994160289115648,0.3322685185185179,0.0,0.0,0.16666666666666666,14,1,1,0,0,1,1,2,2,1,2,3,2,3.0242000000000013,59.42480000000003,1,1,0,0,0,1,0,0,0,0,1,5
PC1,O=C1C2=C(C=CC=C2)[Si](C)(C)C3=CC=CC=C31,12.417962962962964,-1.6944367283950619,12.417962962962964,0.18335648148148165,0.6420668799555187,238.36199999999997,224.24999999999994,238.08139159799998,84,0.19232198585901034,-0.2886264571209127,0.2886264571209127,0.19232198585901034,0.7647058823529411,1.1764705882352942,1.6470588235294117,28.331785373045232,10.024134718045946,2.3706645414886993,-2.3174318117790387,2.1898009598952206,-2.591684231276457,7.021872963437379,0.10352437455598235,2.3793325707946518,562.3238142311482,12.043605595440512,10.02705044398087,11.02705044398087,8.121027033568037,5.858824683611183,8.858824683611182,5.045291709197352,9.372641978386977,3.690069476208283,7.255453617110493,2.742420743752315,5.798791643215924,-1.6731168831168826,10412.754946507801,10.478916736694815,3.407443762843578,1.338655913698618,102.12000186064249,0.0,8.073872300533118,5.783244946364939,0.0,0.0,4.794537184071822,0.0,0.0,61.62495925505505,10.373451291374916,11.126902983393991,0.0,4.794537184071822,24.230568538272976,0.0,13.094022707362173,0.0,59.65783953108687,0.0,10.373451291374916,0.0,0.0,0.0,13.857117246898056,0.0,15.921440167465814,48.53093654769288,13.094022707362173,0.0,17.07,8.073872300533118,4.794537184071822,5.783244946364939,0.0,11.126902983393991,10.373451291374916,0.0,36.39820241076966,25.226756844285394,0.0,0.0,0.0,12.417962962962964,2.53462962962963,1.8108641975308646,0.18335648148148165,16.142253086419753,0.0,4.633148148148148,-1.6944367283950619,0.13333333333333333,17,0,1,0,1,1,2,0,2,1,0,2,0,3,2.0536,73.06650000000003,0,0,1,1,0,0,0,0,0,0,2,2,0,0,1,0,0,0,Alc11,OC(CC1=CC=CC=C1)C2=CC=C3C(C=CC=C3)=C2,10.333416477702194,-0.45184618291761214,10.333416477702194,0.45184618291761214,0.7390124361646712,248.325,232.19699999999995,248.120115132,94,0.08300986627191954,-0.3880716629573365,0.3880716629573365,0.08300986627191954,0.7368421052631579,1.4210526315789473,2.210526315789474,16.266084676889072,9.986417291736672,2.0837478242584777,-2.1170473119725113,2.22495003462181,-2.010327051240819,5.8258821301024994,0.17837975584231427,1.8694641546477884,673.3497852752665,13.079139501373252,10.659873876151643,10.659873876151643,9.326499840494922,6.534743448824282,6.534743448824282,4.812108496772772,4.812108496772772,3.4301714223830455,3.4301714223830455,2.370271692755298,2.370271692755298,-2.119999999999999,36765.486524452244,11.941790792875613,5.2496193822875306,2.665278690398365,112.69427983828544,5.106527394840706,0.0,0.0,0.0,0.0,0.0,0.0,66.73003775307771,27.965718480785192,6.4208216229260096,6.103966387748303,5.106527394840706,10.772448428929591,12.524788010674312,0.0,83.92330780493333,0.0,0.0,0.0,0.0,5.106527394840706,6.4208216229260096,0.0,17.230869371142294,72.79640482153933,10.772448428929591,20.23,6.103966387748303,5.106527394840706,0.0,6.4208216229260096,11.126902983393991,10.772448428929591,0.0,48.53093654769288,24.26546827384644,0.0,0.0,0.0,0.0,12.713298689846312,2.1302885907449403,0.0,24.456294380406483,0.20011833900226683,0.0,0.0,0.1111111111111111,19,1,1,0,0,3,0,3,1,1,1,3,3,4.1159000000000034,79.05380000000005,1,1,0,0,0,3,1,0,0,0,0,0
PC1,O=C1C2=C(C=CC=C2)[Si](C)(C)C3=CC=CC=C31,12.417962962962964,-1.6944367283950619,12.417962962962964,0.18335648148148165,0.6420668799555187,238.36199999999997,224.24999999999994,238.08139159799998,84,0.19232198585901034,-0.2886264571209127,0.2886264571209127,0.19232198585901034,0.7647058823529411,1.1764705882352942,1.6470588235294117,28.331785373045232,10.024134718045946,2.3706645414886993,-2.3174318117790387,2.1898009598952206,-2.591684231276457,7.021872963437379,0.10352437455598235,2.3793325707946518,562.3238142311482,12.043605595440512,10.02705044398087,11.02705044398087,8.121027033568037,5.858824683611183,8.858824683611182,5.045291709197352,9.372641978386977,3.690069476208283,7.255453617110493,2.742420743752315,5.798791643215924,-1.6731168831168826,10412.754946507801,10.478916736694815,3.407443762843578,1.338655913698618,102.12000186064249,0.0,8.073872300533118,5.783244946364939,0.0,0.0,4.794537184071822,0.0,0.0,61.62495925505505,10.373451291374916,11.126902983393991,0.0,4.794537184071822,24.230568538272976,0.0,13.094022707362173,0.0,59.65783953108687,0.0,10.373451291374916,0.0,0.0,0.0,13.857117246898056,0.0,15.921440167465814,48.53093654769288,13.094022707362173,0.0,17.07,8.073872300533118,4.794537184071822,5.783244946364939,0.0,11.126902983393991,10.373451291374916,0.0,36.39820241076966,25.226756844285394,0.0,0.0,0.0,12.417962962962964,2.53462962962963,1.8108641975308646,0.18335648148148165,16.142253086419753,0.0,4.633148148148148,-1.6944367283950619,0.13333333333333333,17,0,1,0,1,1,2,0,2,1,0,2,0,3,2.0536,73.06650000000003,0,0,1,1,0,0,0,0,0,0,2,2,0,0,1,0,0,0,Alc12,OC(CC1=CC=CC=C1)C2=C3C(C=CC=C3)=CC=C2,10.471969009826154,-0.4643518518518521,10.471969009826154,0.4643518518518521,0.7390124361646712,248.325,232.19699999999995,248.120115132,94,0.08358696226666694,-0.38804892064838004,0.38804892064838004,0.08358696226666694,0.7368421052631579,1.4210526315789473,2.263157894736842,16.266124497202814,9.961087361988065,2.108514386470234,-2.1353412666234526,2.259726004252622,-2.01936407132354,5.854953122949918,0.17978572251943617,1.955927549052766,668.0997852752665,13.079139501373252,10.659873876151643,10.659873876151643,9.34333659290053,6.540726512967988,6.540726512967988,4.773896153800053,4.773896153800053,3.454236172267494,3.454236172267494,2.4883469055147316,2.4883469055147316,-2.119999999999999,37234.02225887323,11.941790792875613,5.2496193822875306,2.5146438115478507,112.69427983828544,5.106527394840706,0.0,0.0,0.0,0.0,0.0,0.0,72.79640482153933,21.899351412323583,6.4208216229260096,6.103966387748303,5.106527394840706,10.772448428929591,12.524788010674312,0.0,83.92330780493333,0.0,0.0,0.0,0.0,5.106527394840706,6.4208216229260096,0.0,17.230869371142294,72.79640482153933,10.772448428929591,20.23,6.103966387748303,5.106527394840706,0.0,6.4208216229260096,16.513127197858786,5.386224214464796,0.0,54.59730361615449,18.19910120538483,0.0,0.0,0.0,0.0,12.778027158394224,2.157303004535148,0.0,24.381355400184763,0.18331443688586524,0.0,0.0,0.1111111111111111,19,1,1,0,0,3,0,3,1,1,1,3,3,4.1159000000000034,79.05380000000005,1,1,0,0,0,3,1,0,0,0,0,0
PC1,O=C1C2=C(C=CC=C2)[Si](C)(C)C3=CC=CC=C31,12.417962962962964,-1.6944367283950619,12.417962962962964,0.18335648148148165,0.6420668799555187,238.36199999999997,224.24999999999994,238.08139159799998,84,0.19232198585901034,-0.2886264571209127,0.2886264571209127,0.19232198585901034,0.7647058823529411,1.1764705882352942,1.6470588235294117,28.331785373045232,10.024134718045946,2.3706645414886993,-2.3174318117790387,2.1898009598952206,-2.591684231276457,7.021872963437379,0.10352437455598235,2.3793325707946518,562.3238142311482,12.043605595440512,10.02705044398087,11.02705044398087,8.121027033568037,5.858824683611183,8.858824683611182,5.045291709197352,9.372641978386977,3.690069476208283,7.255453617110493,2.742420743752315,5.798791643215924,-1.6731168831168826,10412.754946507801,10.478916736694815,3.407443762843578,1.338655913698618,102.12000186064249,0.0,8.073872300533118,5.783244946364939,0.0,0.0,4.794537184071822,0.0,0.0,61.62495925505505,10.373451291374916,11.126902983393991,0.0,4.794537184071822,24.230568538272976,0.0,13.094022707362173,0.0,59.65783953108687,0.0,10.373451291374916,0.0,0.0,0.0,13.857117246898056,0.0,15.921440167465814,48.53093654769288,13.094022707362173,0.0,17.07,8.073872300533118,4.794537184071822,5.783244946364939,0.0,11.126902983393991,10.373451291374916,0.0,36.39820241076966,25.226756844285394,0.0,0.0,0.0,12.417962962962964,2.53462962962963,1.8108641975308646,0.18335648148148165,16.142253086419753,0.0,4.633148148148148,-1.6944367283950619,0.13333333333333333,17,0,1,0,1,1,2,0,2,1,0,2,0,3,2.0536,73.06650000000003,0,0,1,1,0,0,0,0,0,0,2,2,0,0,1,0,0,0,Alc13,OC(CC1=CC=CC=C1)C2=CC(OCO3)=C3C=C2,10.20884164777022,-0.5260185185185189,10.20884164777022,0.25750711414807714,0.8989449432481046,242.27399999999994,228.16199999999995,242.094294308,92,0.23080037765931263,-0.45359546622627495,0.45359546622627495,0.23080037765931263,1.0,1.7777777777777777,2.611111111111111,16.69672242832603,10.010456757448827,2.1618380133670794,-2.1120797030123173,2.3423428663928165,-2.0110859698250523,5.447982471537591,0.171222170739647,1.7820126966370167,536.6899070467601,12.372032720186704,9.874076161507412,9.874076161507412,8.826499840494922,5.9429917392881455,5.9429917392881455,4.31821918647156,4.31821918647156,3.053275194816359,3.053275194816359,2.0756028645147335,2.0756028645147335,-1.9999999999999996,27276.075850448757,11.11111111111111,4.704,2.172635445362718,105.59881672643137,14.580253302440804,0.0,11.49902366656781,6.792942306099827,0.0,0.0,0.0,36.39820241076966,23.259637120317212,6.4208216229260096,6.103966387748303,14.580253302440804,0.0,12.524788010674312,6.792942306099827,59.65783953108687,11.49902366656781,9.473725907600098,11.49902366656781,0.0,11.899469700940532,6.4208216229260096,0.0,17.230869371142294,48.53093654769288,0.0,38.69,6.103966387748303,5.106527394840706,6.792942306099827,12.170333456209914,16.876414816677897,0.0,0.0,48.53093654769288,0.0,9.473725907600098,10.55373952301306,0.0,0.0,10.20884164777022,1.9636758314436888,1.4493266565885616,15.495225553567005,0.0716836734693872,0.25750711414807714,0.0,0.2,18,1,3,1,1,2,0,2,3,1,3,3,3,2.6914000000000007,67.67080000000004,1,1,0,0,0,2,1,0,2,0,0,45
PC1,O=C1C2=C(C=CC=C2)[Si](C)(C)C3=CC=CC=C31,12.417962962962964,-1.6944367283950619,12.417962962962964,0.18335648148148165,0.6420668799555187,238.36199999999997,224.24999999999994,238.08139159799998,84,0.19232198585901034,-0.2886264571209127,0.2886264571209127,0.19232198585901034,0.7647058823529411,1.1764705882352942,1.6470588235294117,28.331785373045232,10.024134718045946,2.3706645414886993,-2.3174318117790387,2.1898009598952206,-2.591684231276457,7.021872963437379,0.10352437455598235,2.3793325707946518,562.3238142311482,12.043605595440512,10.02705044398087,11.02705044398087,8.121027033568037,5.858824683611183,8.858824683611182,5.045291709197352,9.372641978386977,3.690069476208283,7.255453617110493,2.742420743752315,5.798791643215924,-1.6731168831168826,10412.754946507801,10.478916736694815,3.407443762843578,1.338655913698618,102.12000186064249,0.0,8.073872300533118,5.783244946364939,0.0,0.0,4.794537184071822,0.0,0.0,61.62495925505505,10.373451291374916,11.126902983393991,0.0,4.794537184071822,24.230568538272976,0.0,13.094022707362173,0.0,59.65783953108687,0.0,10.373451291374916,0.0,0.0,0.0,13.857117246898056,0.0,15.921440167465814,48.53093654769288,13.094022707362173,0.0,17.07,8.073872300533118,4.794537184071822,5.783244946364939,0.0,11.126902983393991,10.373451291374916,0.0,36.39820241076966,25.226756844285394,0.0,0.0,0.0,12.417962962962964,2.53462962962963,1.8108641975308646,0.18335648148148165,16.142253086419753,0.0,4.633148148148148,-1.6944367283950619,0.13333333333333333,17,0,1,0,1,1,2,0,2,1,0,2,0,3,2.0536,73.06650000000003,0,0,1,1,0,0,0,0,0,0,2,2,0,0,1,0,0,0,Alc14,OC(CC1=CC=CC=C1)C2=CC=C3C(OCCO3)=C2,10.279154147770221,-0.5294198790627365,10.279154147770221,0.5294198790627365,0.917331086007642,256.30099999999993,240.17299999999994,256.10994437200003,98,0.16122961165638874,-0.4861472727903348,0.4861472727903348,0.16122961165638874,0.9473684210526315,1.6842105263157894,2.473684210526316,16.562628442435113,10.008696216764893,2.1511380646401257,-2.1988672450591435,2.3280711304727224,-2.1537912220555357,5.441928645560842,0.1642102965101603,1.779518636946347,551.1754332522945,13.079139501373252,10.58118294269396,10.58118294269396,9.326499840494922,6.442991739288146,6.442991739288146,4.608616346737665,4.608616346737665,3.2228815431838655,3.2228815431838655,2.222419671269494,2.222419671269494,-1.9999999999999996,36765.486524452244,12.055401662049862,5.325443786982248,2.71280276816609,111.96375884082798,14.580253302440804,13.213763929025836,11.49902366656781,0.0,0.0,0.0,0.0,36.39820241076966,23.259637120317212,6.4208216229260096,6.103966387748303,14.580253302440804,0.0,12.524788010674312,13.213763929025836,59.65783953108687,11.49902366656781,9.473725907600098,11.49902366656781,0.0,18.32029132386654,6.4208216229260096,0.0,17.230869371142294,48.53093654769288,0.0,38.69,6.103966387748303,5.106527394840706,0.0,19.634585551951847,22.6259266499618,0.0,0.0,48.53093654769288,0.0,9.473725907600098,10.998183967457507,0.0,0.0,10.279154147770221,1.970363074242043,1.4701599899218951,15.570851127488034,0.06828231292516962,1.1430053801951348,0.0,0.25,19,1,3,1,1,2,0,2,3,1,3,3,3,2.733900000000001,72.53780000000005,1,1,0,0,0,2,1,0,2,0,0,48
PC2,O=C1C2=C(C=CC=C2)SC3=CC=CC=C31,12.09462962962963,0.1388425925925929,12.09462962962963,0.1388425925925929,0.5217633094626958,212.27299999999997,204.20899999999995,212.029585876,72,0.19536524172862973,-0.2885031875217516,0.2885031875217516,0.19536524172862973,0.7333333333333333,1.2,1.7333333333333334,32.13349928154837,10.165349025365215,2.028623879517387,-1.9860995952242266,2.230710442268434,-1.9938468504027813,7.240827244633697,1.746623807731708,2.6627666913495847,640.2898406010062,10.25071237662706,7.935298734444734,8.75179531537246,7.360173345306137,4.767072974075047,5.583569555002773,3.4235050528459525,4.507282009332779,2.483286574872578,3.6351049131033824,1.7500015561466706,2.821534080398997,-1.6699999999999995,4959.094331954027,8.623270169768038,3.1742815889732823,1.25878717762205,90.60710511335486,0.0,0.0,5.428790391900541,0.0,0.0,4.794537184071822,0.0,11.336785877934737,24.26546827384644,24.26546827384644,20.17228826186779,0.0,0.0,31.50907413980253,0.0,0.0,0.0,58.75426412366524,0.0,5.428790391900541,0.0,0.0,11.336785877934737,0.0,0.0,0.0,53.3254737317647,0.0,20.17228826186779,17.07,0.0,4.794537184071822,5.428790391900541,0.0,20.17228826186779,0.0,11.336785877934737,48.53093654769288,0.0,0.0,2.113333333333334,1.6654166666666665,12.09462962962963,1.6411111111111114,0.1388425925925929,0.0,15.51333333333333,0.0,0.0,0.0,0.0,15,0,1,0,0,0,2,1,3,2,0,2,0,3,3.4147000000000016,65.60100000000003,0,0,0,0,0,0,0,0,0,0,2,2,0,0,0,0,0,0,Alc1,OC(CC1=CC=CC=C1)C2=CC=C(C(OC)=O)C=C2,11.300882193186936,-0.5749102418745282,11.300882193186936,0.3712044724021635,0.8555190559485526,256.30099999999993,240.17299999999994,256.10994437200003,98,0.33734179298009886,-0.4654175212523233,0.4654175212523233,0.33734179298009886,1.105263157894737,1.736842105263158,2.3157894736842106,16.523293378425766,10.003236877957912,2.100617014517665,-2.111125286046951,2.185198707818772,-2.040609496672206,5.887593188002341,0.06002383438700396,2.073681425115431,531.6803207544581,13.664925939000156,10.74431964951049,10.74431964951049,9.202708600407233,6.107223093895716,6.107223093895716,4.31911057255133,4.31911057255133,2.9884308157697754,2.9884308157697754,1.9144073831934183,1.9144073831934183,-2.1299999999999994,25130.041075738343,13.30515171594639,6.15877056967385,3.421837675345536,112.01756686489409,9.843390348640755,0.0,0.0,0.0,5.969305287951849,4.794537184071822,0.0,42.46456947923127,23.259637120317212,6.4208216229260096,18.777215420722833,14.637927532712578,5.969305287951849,12.524788010674312,7.109797541277533,71.28765809124549,0.0,0.0,0.0,0.0,18.18563022407009,11.157684576726059,0.0,27.58885804691111,54.59730361615449,0.0,46.53,6.103966387748303,9.901064578912528,5.969305287951849,11.984273114623004,11.126902983393991,7.109797541277533,24.26546827384644,30.33183534230805,4.736862953800049,0.0,4.63082306110129,0.0,11.300882193186936,10.144462317334341,2.3488071092634595,-0.3712044724021635,16.619447777784718,-0.020931201184178128,0.0,1.347713214915596,0.1875,19,1,3,0,0,2,0,2,3,1,3,4,2,2.7493000000000007,72.88730000000004,1,1,1,1,0,2,0,1,1,1,0,2
PC2,O=C1C2=C(C=CC=C2)SC3=CC=CC=C31,12.09462962962963,0.1388425925925929,12.09462962962963,0.1388425925925929,0.5217633094626958,212.27299999999997,204.20899999999995,212.029585876,72,0.19536524172862973,-0.2885031875217516,0.2885031875217516,0.19536524172862973,0.7333333333333333,1.2,1.7333333333333334,32.13349928154837,10.165349025365215,2.028623879517387,-1.9860995952242266,2.230710442268434,-1.9938468504027813,7.240827244633697,1.746623807731708,2.6627666913495847,640.2898406010062,10.25071237662706,7.935298734444734,8.75179531537246,7.360173345306137,4.767072974075047,5.583569555002773,3.4235050528459525,4.507282009332779,2.483286574872578,3.6351049131033824,1.7500015561466706,2.821534080398997,-1.6699999999999995,4959.094331954027,8.623270169768038,3.1742815889732823,1.25878717762205,90.60710511335486,0.0,0.0,5.428790391900541,0.0,0.0,4.794537184071822,0.0,11.336785877934737,24.26546827384644,24.26546827384644,20.17228826186779,0.0,0.0,31.50907413980253,0.0,0.0,0.0,58.75426412366524,0.0,5.428790391900541,0.0,0.0,11.336785877934737,0.0,0.0,0.0,53.3254737317647,0.0,20.17228826186779,17.07,0.0,4.794537184071822,5.428790391900541,0.0,20.17228826186779,0.0,11.336785877934737,48.53093654769288,0.0,0.0,2.113333333333334,1.6654166666666665,12.09462962962963,1.6411111111111114,0.1388425925925929,0.0,15.51333333333333,0.0,0.0,0.0,0.0,15,0,1,0,0,0,2,1,3,2,0,2,0,3,3.4147000000000016,65.60100000000003,0,0,0,0,0,0,0,0,0,0,2,2,0,0,0,0,0,0,Alc2,OC(CC1=CC=CC=C1)C2=CC=CC=C2,9.973947467876041,-0.40870370370370424,9.973947467876041,0.40870370370370424,0.8035051734358308,198.265,184.15299999999996,198.104465068,76,0.08298804952950145,-0.3880720436533714,0.3880720436533714,0.08298804952950145,0.8,1.3333333333333333,1.9333333333333333,16.266076170609406,10.017292443134783,2.0630459693402803,-2.099774890735418,2.1679020868127488,-2.0051469961497723,5.216146633482743,0.17822792250631558,2.0784516078094564,394.1985815306015,10.510225400620904,8.50517333777239,8.50517333777239,7.360173345306137,5.13004291044503,5.13004291044503,3.6162040833489484,3.6162040833489484,2.4562220383138484,2.4562220383138484,1.6303928292672958,1.6303928292672958,-1.5999999999999996,4035.3008467528234,9.936265432098764,4.759877126654065,2.6729591836734703,90.01261530655025,5.106527394840706,0.0,0.0,0.0,0.0,0.0,0.0,60.6636706846161,11.126902983393991,6.4208216229260096,6.103966387748303,5.106527394840706,0.0,12.524788010674312,0.0,71.7905736680101,0.0,0.0,0.0,0.0,5.106527394840706,6.4208216229260096,0.0,17.230869371142294,60.6636706846161,0.0,20.23,6.103966387748303,5.106527394840706,0.0,6.4208216229260096,11.126902983393991,0.0,0.0,60.6636706846161,0.0,0.0,0.0,0.0,0.0,9.973947467876041,2.1344501133786853,0.0,19.795491307634165,0.2627777777777772,0.0,0.0,0.14285714285714285,15,1,1,0,0,2,0,2,1,1,1,3,2,2.9627000000000008,61.54780000000004,1,1,0,0,0,2,0,0,0,0,0,1
PC2,O=C1C2=C(C=CC=C2)SC3=CC=CC=C31,12.09462962962963,0.1388425925925929,12.09462962962963,0.1388425925925929,0.5217633094626958,212.27299999999997,204.20899999999995,212.029585876,72,0.19536524172862973,-0.2885031875217516,0.2885031875217516,0.19536524172862973,0.7333333333333333,1.2,1.7333333333333334,32.13349928154837,10.165349025365215,2.028623879517387,-1.9860995952242266,2.230710442268434,-1.9938468504027813,7.240827244633697,1.746623807731708,2.6627666913495847,640.2898406010062,10.25071237662706,7.935298734444734,8.75179531537246,7.360173345306137,4.767072974075047,5.583569555002773,3.4235050528459525,4.507282009332779,2.483286574872578,3.6351049131033824,1.7500015561466706,2.821534080398997,-1.6699999999999995,4959.094331954027,8.623270169768038,3.1742815889732823,1.25878717762205,90.60710511335486,0.0,0.0,5.428790391900541,0.0,0.0,4.794537184071822,0.0,11.336785877934737,24.26546827384644,24.26546827384644,20.17228826186779,0.0,0.0,31.50907413980253,0.0,0.0,0.0,58.75426412366524,0.0,5.428790391900541,0.0,0.0,11.336785877934737,0.0,0.0,0.0,53.3254737317647,0.0,20.17228826186779,17.07,0.0,4.794537184071822,5.428790391900541,0.0,20.17228826186779,0.0,11.336785877934737,48.53093654769288,0.0,0.0,2.113333333333334,1.6654166666666665,12.09462962962963,1.6411111111111114,0.1388425925925929,0.0,15.51333333333333,0.0,0.0,0.0,0.0,15,0,1,0,0,0,2,1,3,2,0,2,0,3,3.4147000000000016,65.60100000000003,0,0,0,0,0,0,0,0,0,0,2,2,0,0,0,0,0,0,Alc3,OC(CC1=CC=CC=C1)C2=CC=C(C3=CC=CC=C3)C=C2,10.335407533383725,-0.46090429999160243,10.335407533383725,0.46090429999160243,0.7351163069128532,274.363,256.21899999999994,274.135765196,104,0.08298875307923671,-0.388072037808165,0.388072037808165,0.08298875307923671,0.6190476190476191,1.1428571428571428,1.7619047619047619,16.266083292964606,9.982653573837602,2.0818451903734125,-2.1170537852257123,2.231560758845956,-2.009876154068321,5.629945446690994,0.17824227821530972,1.7483318000385286,672.0487817325015,14.493353063746348,11.814574414530895,11.814574414530895,10.326499840494922,7.2014101154909484,7.2014101154909484,5.193554352538573,5.193554352538573,3.674455551106933,3.674455551106933,2.483526521520132,2.483526521520132,-2.379999999999999,104293.42426850586,13.596094137037953,6.379998762558589,3.3882865583782404,125.06970951261428,5.106527394840706,0.0,0.0,0.0,0.0,0.0,0.0,84.92913895846256,22.253805966787983,6.4208216229260096,6.103966387748303,5.106527394840706,0.0,12.524788010674312,0.0,96.05604194185656,11.126902983393991,0.0,0.0,0.0,5.106527394840706,6.4208216229260096,0.0,17.230869371142294,84.92913895846256,11.126902983393991,20.23,6.103966387748303,5.106527394840706,0.0,6.4208216229260096,11.126902983393991,11.126902983393991,0.0,60.6636706846161,24.26546827384644,0.0,0.0,0.0,0.0,10.335407533383725,4.475491082490542,0.0,28.505636982933158,0.1834644011925748,0.0,0.0,0.1,21,1,1,0,0,3,0,3,1,1,1,4,3,4.629700000000004,86.98380000000003,1,1,0,0,0,3,0,0,0,0,0,1
PC2,O=C1C2=C(C=CC=C2)SC3=CC=CC=C31,12.09462962962963,0.1388425925925929,12.09462962962963,0.1388425925925929,0.5217633094626958,212.27299999999997,204.20899999999995,212.029585876,72,0.19536524172862973,-0.2885031875217516,0.2885031875217516,0.19536524172862973,0.7333333333333333,1.2,1.7333333333333334,32.13349928154837,10.165349025365215,2.028623879517387,-1.9860995952242266,2.230710442268434,-1.9938468504027813,7.240827244633697,1.746623807731708,2.6627666913495847,640.2898406010062,10.25071237662706,7.935298734444734,8.75179531537246,7.360173345306137,4.767072974075047,5.583569555002773,3.4235050528459525,4.507282009332779,2.483286574872578,3.6351049131033824,1.7500015561466706,2.821534080398997,-1.6699999999999995,4959.094331954027,8.623270169768038,3.1742815889732823,1.25878717762205,90.60710511335486,0.0,0.0,5.428790391900541,0.0,0.0,4.794537184071822,0.0,11.336785877934737,24.26546827384644,24.26546827384644,20.17228826186779,0.0,0.0,31.50907413980253,0.0,0.0,0.0,58.75426412366524,0.0,5.428790391900541,0.0,0.0,11.336785877934737,0.0,0.0,0.0,53.3254737317647,0.0,20.17228826186779,17.07,0.0,4.794537184071822,5.428790391900541,0.0,20.17228826186779,0.0,11.336785877934737,48.53093654769288,0.0,0.0,2.113333333333334,1.6654166666666665,12.09462962962963,1.6411111111111114,0.1388425925925929,0.0,15.51333333333333,0.0,0.0,0.0,0.0,15,0,1,0,0,0,2,1,3,2,0,2,0,3,3.4147000000000016,65.60100000000003,0,0,0,0,0,0,0,0,0,0,2,2,0,0,0,0,0,0,Alc4,OC(CC1=CC=CC=C1)C2=CC=C(C)C=C2,10.064839380196524,-0.41388888888888964,10.064839380196524,0.41388888888888964,0.827496933605173,212.29199999999997,196.16399999999996,212.120115132,82,0.0829883747658443,-0.38807204092055403,0.38807204092055403,0.0829883747658443,0.9375,1.5625,2.1875,16.266078389325447,10.006289195538882,2.069742142147314,-2.1072106640509842,2.1789660783789326,-2.009250363373895,5.250301887094522,0.17821400361845985,2.085070944860585,430.75194762320365,11.380468888623982,9.427823068582764,9.427823068582764,7.7540201954234895,5.54072651296799,5.54072651296799,4.116204083348947,4.116204083348947,2.7339998160916257,2.7339998160916257,1.7438068228410388,1.7438068228410388,-1.5999999999999996,5689.016293492532,10.902614268848035,4.950941945405614,2.7067723730180067,96.37755742094683,5.106527394840706,0.0,0.0,0.0,0.0,0.0,0.0,60.160755107851486,18.050640183084617,6.4208216229260096,6.103966387748303,5.106527394840706,0.0,19.448525210364934,0.0,71.28765809124549,0.0,0.0,0.0,0.0,5.106527394840706,6.4208216229260096,6.923737199690624,22.79432086283929,54.59730361615449,0.0,20.23,6.103966387748303,5.106527394840706,0.0,6.4208216229260096,11.126902983393991,5.563451491696996,0.0,61.52104081584511,0.0,0.0,0.0,0.0,0.0,10.064839380196524,3.3617492336440753,0.0,18.10113200218359,0.25664777021919793,2.048964947089947,0.0,0.2,16,1,1,0,0,2,0,2,1,1,1,3,2,3.2711200000000016,66.28480000000003,1,1,0,0,1,2,0,0,0,0,0,8
PC2,O=C1C2=C(C=CC=C2)SC3=CC=CC=C31,12.09462962962963,0.1388425925925929,12.09462962962963,0.1388425925925929,0.5217633094626958,212.27299999999997,204.20899999999995,212.029585876,72,0.19536524172862973,-0.2885031875217516,0.2885031875217516,0.19536524172862973,0.7333333333333333,1.2,1.7333333333333334,32.13349928154837,10.165349025365215,2.028623879517387,-1.9860995952242266,2.230710442268434,-1.9938468504027813,7.240827244633697,1.746623807731708,2.6627666913495847,640.2898406010062,10.25071237662706,7.935298734444734,8.75179531537246,7.360173345306137,4.767072974075047,5.583569555002773,3.4235050528459525,4.507282009332779,2.483286574872578,3.6351049131033824,1.7500015561466706,2.821534080398997,-1.6699999999999995,4959.094331954027,8.623270169768038,3.1742815889732823,1.25878717762205,90.60710511335486,0.0,0.0,5.428790391900541,0.0,0.0,4.794537184071822,0.0,11.336785877934737,24.26546827384644,24.26546827384644,20.17228826186779,0.0,0.0,31.50907413980253,0.0,0.0,0.0,58.75426412366524,0.0,5.428790391900541,0.0,0.0,11.336785877934737,0.0,0.0,0.0,53.3254737317647,0.0,20.17228826186779,17.07,0.0,4.794537184071822,5.428790391900541,0.0,20.17228826186779,0.0,11.336785877934737,48.53093654769288,0.0,0.0,2.113333333333334,1.6654166666666665,12.09462962962963,1.6411111111111114,0.1388425925925929,0.0,15.51333333333333,0.0,0.0,0.0,0.0,15,0,1,0,0,0,2,1,3,2,0,2,0,3,3.4147000000000016,65.60100000000003,0,0,0,0,0,0,0,0,0,0,2,2,0,0,0,0,0,0,Alc5,OC(CC1=CC=CC=C1)C2=CC=C(OC)C=C2,10.096727135298565,-0.4691609977324269,10.096727135298565,0.4691609977324269,0.8713621378125769,228.29099999999997,212.16299999999995,228.115029752,88,0.1183810048644517,-0.4967681917897237,0.4967681917897237,0.1183810048644517,1.0,1.6470588235294117,2.235294117647059,16.465293963471616,10.014481763052645,2.0766339002525425,-2.1114630586776655,2.2033628169898027,-2.0103111679180383,5.291757736922201,0.17813111737507337,2.062926536206509,448.10785282653126,12.08757566981053,9.836071359046628,9.836071359046628,8.292024997884274,5.653098948663784,5.653098948663784,3.9786802197867686,3.9786802197867686,2.772451506641763,2.772451506641763,1.7812643014063039,1.7812643014063039,-1.7999999999999998,10090.555572179177,11.678585581466239,5.50509077963688,3.0789697570071675,101.49110265045373,9.843390348640755,5.749511833283905,0.0,0.0,0.0,0.0,0.0,42.46456947923127,23.259637120317212,6.4208216229260096,13.213763929025836,9.843390348640755,0.0,12.524788010674312,7.109797541277533,65.72420659954848,5.749511833283905,4.736862953800049,5.749511833283905,0.0,12.216324936118239,6.4208216229260096,0.0,17.230869371142294,54.59730361615449,0.0,29.46,6.103966387748303,5.106527394840706,0.0,6.4208216229260096,16.876414816677897,0.0,7.109797541277533,54.59730361615449,0.0,4.736862953800049,5.085560668137779,0.0,0.0,10.096727135298565,2.0467325155370792,0.8061676954732513,17.500864937598344,0.16295091647770144,0.0,1.6343294648106155,0.2,17,1,2,0,0,2,0,2,2,1,2,4,2,2.971300000000001,68.09980000000004,1,1,0,0,0,2,0,0,1,1,0,11
PC2,O=C1C2=C(C=CC=C2)SC3=CC=CC=C31,12.09462962962963,0.1388425925925929,12.09462962962963,0.1388425925925929,0.5217633094626958,212.27299999999997,204.20899999999995,212.029585876,72,0.19536524172862973,-0.2885031875217516,0.2885031875217516,0.19536524172862973,0.7333333333333333,1.2,1.7333333333333334,32.13349928154837,10.165349025365215,2.028623879517387,-1.9860995952242266,2.230710442268434,-1.9938468504027813,7.240827244633697,1.746623807731708,2.6627666913495847,640.2898406010062,10.25071237662706,7.935298734444734,8.75179531537246,7.360173345306137,4.767072974075047,5.583569555002773,3.4235050528459525,4.507282009332779,2.483286574872578,3.6351049131033824,1.7500015561466706,2.821534080398997,-1.6699999999999995,4959.094331954027,8.623270169768038,3.1742815889732823,1.25878717762205,90.60710511335486,0.0,0.0,5.428790391900541,0.0,0.0,4.794537184071822,0.0,11.336785877934737,24.26546827384644,24.26546827384644,20.17228826186779,0.0,0.0,31.50907413980253,0.0,0.0,0.0,58.75426412366524,0.0,5.428790391900541,0.0,0.0,11.336785877934737,0.0,0.0,0.0,53.3254737317647,0.0,20.17228826186779,17.07,0.0,4.794537184071822,5.428790391900541,0.0,20.17228826186779,0.0,11.336785877934737,48.53093654769288,0.0,0.0,2.113333333333334,1.6654166666666665,12.09462962962963,1.6411111111111114,0.1388425925925929,0.0,15.51333333333333,0.0,0.0,0.0,0.0,15,0,1,0,0,0,2,1,3,2,0,2,0,3,3.4147000000000016,65.60100000000003,0,0,0,0,0,0,0,0,0,0,2,2,0,0,0,0,0,0,Alc6,OC(CC1=CC=CC=C1)C2=CC=C(OC)C(OC)=C2,10.261137566137567,-0.5535128495842787,10.261137566137567,0.5535128495842787,0.8956990875329504,258.31699999999995,240.17299999999994,258.12559443600003,100,0.16058453750747206,-0.4928699503057866,0.4928699503057866,0.16058453750747206,0.9473684210526315,1.631578947368421,2.263157894736842,16.507840676524992,10.009678695325208,2.1172434065020065,-2.139118621146542,2.3039729637253057,-2.023299718872896,5.433081291348095,0.17759935416267483,2.170628055604028,522.7721843403044,13.664925939000156,11.166969380320865,11.166969380320865,9.240713402868018,6.182138051026246,6.182138051026246,4.319941212142852,4.319941212142852,3.0642462362819742,3.0642462362819742,2.0152864579650367,2.0152864579650367,-2.0,25290.518080230475,13.432098765432098,6.25,3.263267429760666,112.96958999435721,14.580253302440804,0.0,11.49902366656781,0.0,0.0,0.0,0.0,36.39820241076966,23.259637120317212,6.4208216229260096,20.323561470303368,14.580253302440804,0.0,12.524788010674312,14.219595082555067,59.65783953108687,11.49902366656781,9.473725907600098,11.49902366656781,0.0,19.32612247739577,6.4208216229260096,0.0,17.230869371142294,48.53093654769288,0.0,38.69,6.103966387748303,5.106527394840706,0.0,17.919845289493818,11.126902983393991,0.0,14.219595082555067,48.53093654769288,0.0,9.473725907600098,10.423739523013062,0.0,0.0,10.261137566137567,1.922488845846981,1.296548878810784,15.3862476431497,0.0261727607709743,0.0,3.1836647822709327,0.25,19,1,3,0,0,2,0,2,3,1,3,5,2,2.9799000000000015,74.65180000000005,1,1,0,0,0,2,0,0,2,2,0,63
PC2,O=C1C2=C(C=CC=C2)SC3=CC=CC=C31,12.09462962962963,0.1388425925925929,12.09462962962963,0.1388425925925929,0.5217633094626958,212.27299999999997,204.20899999999995,212.029585876,72,0.19536524172862973,-0.2885031875217516,0.2885031875217516,0.19536524172862973,0.7333333333333333,1.2,1.7333333333333334,32.13349928154837,10.165349025365215,2.028623879517387,-1.9860995952242266,2.230710442268434,-1.9938468504027813,7.240827244633697,1.746623807731708,2.6627666913495847,640.2898406010062,10.25071237662706,7.935298734444734,8.75179531537246,7.360173345306137,4.767072974075047,5.583569555002773,3.4235050528459525,4.507282009332779,2.483286574872578,3.6351049131033824,1.7500015561466706,2.821534080398997,-1.6699999999999995,4959.094331954027,8.623270169768038,3.1742815889732823,1.25878717762205,90.60710511335486,0.0,0.0,5.428790391900541,0.0,0.0,4.794537184071822,0.0,11.336785877934737,24.26546827384644,24.26546827384644,20.17228826186779,0.0,0.0,31.50907413980253,0.0,0.0,0.0,58.75426412366524,0.0,5.428790391900541,0.0,0.0,11.336785877934737,0.0,0.0,0.0,53.3254737317647,0.0,20.17228826186779,17.07,0.0,4.794537184071822,5.428790391900541,0.0,20.17228826186779,0.0,11.336785877934737,48.53093654769288,0.0,0.0,2.113333333333334,1.6654166666666665,12.09462962962963,1.6411111111111114,0.1388425925925929,0.0,15.51333333333333,0.0,0.0,0.0,0.0,15,0,1,0,0,0,2,1,3,2,0,2,0,3,3.4147000000000016,65.60100000000003,0,0,0,0,0,0,0,0,0,0,2,2,0,0,0,0,0,0,Alc7,OC(CC1=CC=CC=C1)C2=C(OC)C=CC=C2OC,10.43783635676493,-0.6587962962962965,10.43783635676493,0.5253703703703706,0.8956990875329504,258.31699999999995,240.17299999999994,258.12559443600003,100,0.12790209537997485,-0.49622875863680643,0.49622875863680643,0.12790209537997485,0.8947368421052632,1.4736842105263157,2.0,16.477976847424276,9.995068210762046,2.1838950809298114,-2.1766985532877468,2.348905965119941,-2.0598899020398505,5.4636733049682915,0.16908465638196046,2.2969656304417856,500.52218434030453,13.664925939000156,11.166969380320865,11.166969380320865,9.257550155273625,6.1881211151699524,6.1881211151699524,4.281728869170134,4.281728869170134,3.0710430404017512,3.0710430404017512,2.147725380294945,2.147725380294945,-1.9999999999999998,25369.482589932766,13.432098765432098,6.25,3.0625,112.9695899943572,14.580253302440804,11.49902366656781,0.0,0.0,0.0,0.0,0.0,36.39820241076966,17.696185628620217,6.4208216229260096,25.887012962000366,14.580253302440804,0.0,12.524788010674312,14.219595082555067,59.65783953108687,11.49902366656781,9.473725907600098,11.49902366656781,0.0,19.32612247739577,6.4208216229260096,0.0,17.230869371142294,48.53093654769288,0.0,38.69,6.103966387748303,5.106527394840706,0.0,23.483296781190813,5.563451491696996,0.0,14.219595082555067,48.53093654769288,0.0,9.473725907600098,10.613328609221465,0.0,0.0,10.43783635676493,1.7632520786092218,1.2829280045351479,15.354512471655326,-0.13342592592592595,0.0,3.1815684051398336,0.25,19,1,3,0,0,2,0,2,3,1,3,5,2,2.9799000000000015,74.65180000000005,1,1,0,0,0,2,0,0,2,2,0,9
PC2,O=C1C2=C(C=CC=C2)SC3=CC=CC=C31,12.09462962962963,0.1388425925925929,12.09462962962963,0.1388425925925929,0.5217633094626958,212.27299999999997,204.20899999999995,212.029585876,72,0.19536524172862973,-0.2885031875217516,0.2885031875217516,0.19536524172862973,0.7333333333333333,1.2,1.7333333333333334,32.13349928154837,10.165349025365215,2.028623879517387,-1.9860995952242266,2.230710442268434,-1.9938468504027813,7.240827244633697,1.746623807731708,2.6627666913495847,640.2898406010062,10.25071237662706,7.935298734444734,8.75179531537246,7.360173345306137,4.767072974075047,5.583569555002773,3.4235050528459525,4.507282009332779,2.483286574872578,3.6351049131033824,1.7500015561466706,2.821534080398997,-1.6699999999999995,4959.094331954027,8.623270169768038,3.1742815889732823,1.25878717762205,90.60710511335486,0.0,0.0,5.428790391900541,0.0,0.0,4.794537184071822,0.0,11.336785877934737,24.26546827384644,24.26546827384644,20.17228826186779,0.0,0.0,31.50907413980253,0.0,0.0,0.0,58.75426412366524,0.0,5.428790391900541,0.0,0.0,11.336785877934737,0.0,0.0,0.0,53.3254737317647,0.0,20.17228826186779,17.07,0.0,4.794537184071822,5.428790391900541,0.0,20.17228826186779,0.0,11.336785877934737,48.53093654769288,0.0,0.0,2.113333333333334,1.6654166666666665,12.09462962962963,1.6411111111111114,0.1388425925925929,0.0,15.51333333333333,0.0,0.0,0.0,0.0,15,0,1,0,0,0,2,1,3,2,0,2,0,3,3.4147000000000016,65.60100000000003,0,0,0,0,0,0,0,0,0,0,2,2,0,0,0,0,0,0,Alc8,OC(CC1=CC=CC=C1)(C)C2=CC=C(OC)C=C2,10.562004913076343,-0.8674357520786091,10.562004913076343,0.5973896919879061,0.8921056666605938,242.31799999999996,224.17399999999995,242.130679816,94,0.11838137186134988,-0.4967681887289843,0.4967681887289843,0.11838137186134988,1.0,1.6111111111111112,2.1666666666666665,16.465304335878308,9.889503760970026,2.22797150875665,-2.2385349345184125,2.2631394577439528,-2.2362172676827443,5.316379902260567,0.057569130157961716,2.1884279567800498,486.2652269194349,13.010225400620904,10.758721089857001,10.758721089857001,8.615321630085539,6.025136822201199,6.025136822201199,4.664730960695685,4.664730960695685,3.103088053135465,3.103088053135465,2.045469160275508,2.045469160275508,-1.7999999999999998,13287.836301449152,12.651595457003785,5.233467659312888,2.90182022893601,107.85604476485034,9.843390348640755,5.749511833283905,0.0,0.0,0.0,0.0,0.0,42.46456947923127,30.183374320007832,6.4208216229260096,12.710848352261221,9.843390348640755,0.0,18.94560963360032,7.109797541277533,65.72420659954848,5.749511833283905,4.736862953800049,5.749511833283905,0.0,12.216324936118239,12.021872433909698,0.0,18.050640183084614,54.59730361615449,0.0,29.46,5.601050810983688,5.106527394840706,0.0,6.4208216229260096,16.876414816677897,0.0,7.109797541277533,61.52104081584511,0.0,4.736862953800049,5.118487727850552,0.0,0.0,10.562004913076343,1.1515189856806924,0.8002417695473254,17.549198270931676,0.5973896919879061,1.8351284958427816,1.6360301450827244,0.25,18,1,2,0,0,2,0,2,2,1,2,4,2,3.1454000000000013,72.71080000000005,1,0,0,0,0,2,0,0,1,1,0,18
PC2,O=C1C2=C(C=CC=C2)SC3=CC=CC=C31,12.09462962962963,0.1388425925925929,12.09462962962963,0.1388425925925929,0.5217633094626958,212.27299999999997,204.20899999999995,212.029585876,72,0.19536524172862973,-0.2885031875217516,0.2885031875217516,0.19536524172862973,0.7333333333333333,1.2,1.7333333333333334,32.13349928154837,10.165349025365215,2.028623879517387,-1.9860995952242266,2.230710442268434,-1.9938468504027813,7.240827244633697,1.746623807731708,2.6627666913495847,640.2898406010062,10.25071237662706,7.935298734444734,8.75179531537246,7.360173345306137,4.767072974075047,5.583569555002773,3.4235050528459525,4.507282009332779,2.483286574872578,3.6351049131033824,1.7500015561466706,2.821534080398997,-1.6699999999999995,4959.094331954027,8.623270169768038,3.1742815889732823,1.25878717762205,90.60710511335486,0.0,0.0,5.428790391900541,0.0,0.0,4.794537184071822,0.0,11.336785877934737,24.26546827384644,24.26546827384644,20.17228826186779,0.0,0.0,31.50907413980253,0.0,0.0,0.0,58.75426412366524,0.0,5.428790391900541,0.0,0.0,11.336785877934737,0.0,0.0,0.0,53.3254737317647,0.0,20.17228826186779,17.07,0.0,4.794537184071822,5.428790391900541,0.0,20.17228826186779,0.0,11.336785877934737,48.53093654769288,0.0,0.0,2.113333333333334,1.6654166666666665,12.09462962962963,1.6411111111111114,0.1388425925925929,0.0,15.51333333333333,0.0,0.0,0.0,0.0,15,0,1,0,0,0,2,1,3,2,0,2,0,3,3.4147000000000016,65.60100000000003,0,0,0,0,0,0,0,0,0,0,2,2,0,0,0,0,0,0,Alc9,OC(CC1=CC=CC=C1)(C)C2=CC(OC)=C(OC)C=C2,10.726415343915345,-0.9574357520786094,10.726415343915345,0.5449633881330308,0.9083721892957952,272.34399999999994,252.18399999999994,272.1412445,106,0.16059535666137958,-0.4928699470920177,0.4928699470920177,0.16059535666137958,0.95,1.6,2.2,16.507863905067826,9.886714685339358,2.2446519921947496,-2.246767402855474,2.332200446601139,-2.238535516915506,5.443974299613938,0.05730381851548327,2.2900575453340792,561.7027291484295,14.58757566981053,12.089619111131238,12.089619111131238,9.564010035069282,6.554175924563661,6.554175924563661,5.005991953051767,5.005991953051767,3.3966099446226505,3.3966099446226505,2.2666261378643466,2.2666261378643466,-2.0,33330.10718164373,14.409972299168976,5.969821673525377,3.114186851211073,119.3345321087538,14.580253302440804,0.0,11.49902366656781,0.0,0.0,0.0,0.0,36.39820241076966,30.183374320007832,6.4208216229260096,19.820645893538753,14.580253302440804,0.0,18.94560963360032,14.219595082555067,59.65783953108687,11.49902366656781,9.473725907600098,11.49902366656781,0.0,19.32612247739577,12.021872433909698,0.0,18.050640183084614,48.53093654769288,0.0,38.69,5.601050810983688,5.106527394840706,0.0,17.919845289493818,11.126902983393991,0.0,21.14333228224569,48.53093654769288,0.0,9.473725907600098,10.501666582725836,0.0,0.0,10.726415343915345,0.937275315990594,1.2824979528848581,15.429372643149698,0.5449633881330308,1.8067951625094483,3.187680277357857,0.29411764705882354,20,1,3,0,0,2,0,2,3,1,3,5,2,3.1540000000000017,79.26280000000006,1,0,0,0,0,2,0,0,2,2,0,86
PC2,O=C1C2=C(C=CC=C2)SC3=CC=CC=C31,12.09462962962963,0.1388425925925929,12.09462962962963,0.1388425925925929,0.5217633094626958,212.27299999999997,204.20899999999995,212.029585876,72,0.19536524172862973,-0.2885031875217516,0.2885031875217516,0.19536524172862973,0.7333333333333333,1.2,1.7333333333333334,32.13349928154837,10.165349025365215,2.028623879517387,-1.9860995952242266,2.230710442268434,-1.9938468504027813,7.240827244633697,1.746623807731708,2.6627666913495847,640.2898406010062,10.25071237662706,7.935298734444734,8.75179531537246,7.360173345306137,4.767072974075047,5.583569555002773,3.4235050528459525,4.507282009332779,2.483286574872578,3.6351049131033824,1.7500015561466706,2.821534080398997,-1.6699999999999995,4959.094331954027,8.623270169768038,3.1742815889732823,1.25878717762205,90.60710511335486,0.0,0.0,5.428790391900541,0.0,0.0,4.794537184071822,0.0,11.336785877934737,24.26546827384644,24.26546827384644,20.17228826186779,0.0,0.0,31.50907413980253,0.0,0.0,0.0,58.75426412366524,0.0,5.428790391900541,0.0,0.0,11.336785877934737,0.0,0.0,0.0,53.3254737317647,0.0,20.17228826186779,17.07,0.0,4.794537184071822,5.428790391900541,0.0,20.17228826186779,0.0,11.336785877934737,48.53093654769288,0.0,0.0,2.113333333333334,1.6654166666666665,12.09462962962963,1.6411111111111114,0.1388425925925929,0.0,15.51333333333333,0.0,0.0,0.0,0.0,15,0,1,0,0,0,2,1,3,2,0,2,0,3,3.4147000000000016,65.60100000000003,0,0,0,0,0,0,0,0,0,0,2,2,0,0,0,0,0,0,Alc10,OC(CC1=CC=CC=C1)C2=CC=CS2,9.873253023431594,-0.363518518518519,9.873253023431594,0.363518518518519,0.8144390837938148,204.29399999999998,192.19799999999998,204.060886004,72,0.09216528017574561,-0.3872321395951382,0.3872321395951382,0.09216528017574561,1.0714285714285714,1.8571428571428572,2.5,32.13347351704487,10.076452642388125,2.0789213690058697,-2.072307396572147,2.2167942612728524,-1.9832437646643386,7.095204082273813,0.18207119399780475,2.0553179911767563,366.484957172308,9.803118619434356,7.758721089857002,8.575217670784728,6.860173345306137,4.614527514810998,5.4941803260658935,3.2209400579704255,4.200212366132882,2.1434838152946787,3.117025631515786,1.418819851357115,2.130640812291436,-1.1199999999999999,3066.3242502334906,9.435606308498535,4.39885050222963,2.218442359688379,87.65297857696171,5.106527394840706,0.0,0.0,0.0,0.0,0.0,11.336785877934737,36.39820241076966,17.00988133062452,11.297968816627309,6.103966387748303,5.106527394840706,11.336785877934737,12.524788010674312,0.0,58.28523093509548,0.0,0.0,0.0,11.336785877934737,5.106527394840706,6.4208216229260096,0.0,16.5445650731466,47.844632249697185,0.0,20.23,0.0,5.106527394840706,6.103966387748303,6.4208216229260096,4.877147193701299,5.563451491696996,11.336785877934737,47.844632249697185,0.0,0.0,0.0,1.6002690381708238,1.0359750566893426,11.862882653061224,1.1744444444444446,0.0,13.994160289115648,0.3322685185185179,0.0,0.0,0.16666666666666666,14,1,1,0,0,1,1,2,2,1,2,3,2,3.0242000000000013,59.42480000000003,1,1,0,0,0,1,0,0,0,0,1,1
PC2,O=C1C2=C(C=CC=C2)SC3=CC=CC=C31,12.09462962962963,0.1388425925925929,12.09462962962963,0.1388425925925929,0.5217633094626958,212.27299999999997,204.20899999999995,212.029585876,72,0.19536524172862973,-0.2885031875217516,0.2885031875217516,0.19536524172862973,0.7333333333333333,1.2,1.7333333333333334,32.13349928154837,10.165349025365215,2.028623879517387,-1.9860995952242266,2.230710442268434,-1.9938468504027813,7.240827244633697,1.746623807731708,2.6627666913495847,640.2898406010062,10.25071237662706,7.935298734444734,8.75179531537246,7.360173345306137,4.767072974075047,5.583569555002773,3.4235050528459525,4.507282009332779,2.483286574872578,3.6351049131033824,1.7500015561466706,2.821534080398997,-1.6699999999999995,4959.094331954027,8.623270169768038,3.1742815889732823,1.25878717762205,90.60710511335486,0.0,0.0,5.428790391900541,0.0,0.0,4.794537184071822,0.0,11.336785877934737,24.26546827384644,24.26546827384644,20.17228826186779,0.0,0.0,31.50907413980253,0.0,0.0,0.0,58.75426412366524,0.0,5.428790391900541,0.0,0.0,11.336785877934737,0.0,0.0,0.0,53.3254737317647,0.0,20.17228826186779,17.07,0.0,4.794537184071822,5.428790391900541,0.0,20.17228826186779,0.0,11.336785877934737,48.53093654769288,0.0,0.0,2.113333333333334,1.6654166666666665,12.09462962962963,1.6411111111111114,0.1388425925925929,0.0,15.51333333333333,0.0,0.0,0.0,0.0,15,0,1,0,0,0,2,1,3,2,0,2,0,3,3.4147000000000016,65.60100000000003,0,0,0,0,0,0,0,0,0,0,2,2,0,0,0,0,0,0,Alc11,OC(CC1=CC=CC=C1)C2=CC=C3C(C=CC=C3)=C2,10.333416477702194,-0.45184618291761214,10.333416477702194,0.45184618291761214,0.7390124361646712,248.325,232.19699999999995,248.120115132,94,0.08300986627191954,-0.3880716629573365,0.3880716629573365,0.08300986627191954,0.7368421052631579,1.4210526315789473,2.210526315789474,16.266084676889072,9.986417291736672,2.0837478242584777,-2.1170473119725113,2.22495003462181,-2.010327051240819,5.8258821301024994,0.17837975584231427,1.8694641546477884,673.3497852752665,13.079139501373252,10.659873876151643,10.659873876151643,9.326499840494922,6.534743448824282,6.534743448824282,4.812108496772772,4.812108496772772,3.4301714223830455,3.4301714223830455,2.370271692755298,2.370271692755298,-2.119999999999999,36765.486524452244,11.941790792875613,5.2496193822875306,2.665278690398365,112.69427983828544,5.106527394840706,0.0,0.0,0.0,0.0,0.0,0.0,66.73003775307771,27.965718480785192,6.4208216229260096,6.103966387748303,5.106527394840706,10.772448428929591,12.524788010674312,0.0,83.92330780493333,0.0,0.0,0.0,0.0,5.106527394840706,6.4208216229260096,0.0,17.230869371142294,72.79640482153933,10.772448428929591,20.23,6.103966387748303,5.106527394840706,0.0,6.4208216229260096,11.126902983393991,10.772448428929591,0.0,48.53093654769288,24.26546827384644,0.0,0.0,0.0,0.0,12.713298689846312,2.1302885907449403,0.0,24.456294380406483,0.20011833900226683,0.0,0.0,0.1111111111111111,19,1,1,0,0,3,0,3,1,1,1,3,3,4.1159000000000034,79.05380000000005,1,1,0,0,0,3,1,0,0,0,0,1
PC2,O=C1C2=C(C=CC=C2)SC3=CC=CC=C31,12.09462962962963,0.1388425925925929,12.09462962962963,0.1388425925925929,0.5217633094626958,212.27299999999997,204.20899999999995,212.029585876,72,0.19536524172862973,-0.2885031875217516,0.2885031875217516,0.19536524172862973,0.7333333333333333,1.2,1.7333333333333334,32.13349928154837,10.165349025365215,2.028623879517387,-1.9860995952242266,2.230710442268434,-1.9938468504027813,7.240827244633697,1.746623807731708,2.6627666913495847,640.2898406010062,10.25071237662706,7.935298734444734,8.75179531537246,7.360173345306137,4.767072974075047,5.583569555002773,3.4235050528459525,4.507282009332779,2.483286574872578,3.6351049131033824,1.7500015561466706,2.821534080398997,-1.6699999999999995,4959.094331954027,8.623270169768038,3.1742815889732823,1.25878717762205,90.60710511335486,0.0,0.0,5.428790391900541,0.0,0.0,4.794537184071822,0.0,11.336785877934737,24.26546827384644,24.26546827384644,20.17228826186779,0.0,0.0,31.50907413980253,0.0,0.0,0.0,58.75426412366524,0.0,5.428790391900541,0.0,0.0,11.336785877934737,0.0,0.0,0.0,53.3254737317647,0.0,20.17228826186779,17.07,0.0,4.794537184071822,5.428790391900541,0.0,20.17228826186779,0.0,11.336785877934737,48.53093654769288,0.0,0.0,2.113333333333334,1.6654166666666665,12.09462962962963,1.6411111111111114,0.1388425925925929,0.0,15.51333333333333,0.0,0.0,0.0,0.0,15,0,1,0,0,0,2,1,3,2,0,2,0,3,3.4147000000000016,65.60100000000003,0,0,0,0,0,0,0,0,0,0,2,2,0,0,0,0,0,0,Alc12,OC(CC1=CC=CC=C1)C2=C3C(C=CC=C3)=CC=C2,10.471969009826154,-0.4643518518518521,10.471969009826154,0.4643518518518521,0.7390124361646712,248.325,232.19699999999995,248.120115132,94,0.08358696226666694,-0.38804892064838004,0.38804892064838004,0.08358696226666694,0.7368421052631579,1.4210526315789473,2.263157894736842,16.266124497202814,9.961087361988065,2.108514386470234,-2.1353412666234526,2.259726004252622,-2.01936407132354,5.854953122949918,0.17978572251943617,1.955927549052766,668.0997852752665,13.079139501373252,10.659873876151643,10.659873876151643,9.34333659290053,6.540726512967988,6.540726512967988,4.773896153800053,4.773896153800053,3.454236172267494,3.454236172267494,2.4883469055147316,2.4883469055147316,-2.119999999999999,37234.02225887323,11.941790792875613,5.2496193822875306,2.5146438115478507,112.69427983828544,5.106527394840706,0.0,0.0,0.0,0.0,0.0,0.0,72.79640482153933,21.899351412323583,6.4208216229260096,6.103966387748303,5.106527394840706,10.772448428929591,12.524788010674312,0.0,83.92330780493333,0.0,0.0,0.0,0.0,5.106527394840706,6.4208216229260096,0.0,17.230869371142294,72.79640482153933,10.772448428929591,20.23,6.103966387748303,5.106527394840706,0.0,6.4208216229260096,16.513127197858786,5.386224214464796,0.0,54.59730361615449,18.19910120538483,0.0,0.0,0.0,0.0,12.778027158394224,2.157303004535148,0.0,24.381355400184763,0.18331443688586524,0.0,0.0,0.1111111111111111,19,1,1,0,0,3,0,3,1,1,1,3,3,4.1159000000000034,79.05380000000005,1,1,0,0,0,3,1,0,0,0,0,0
PC2,O=C1C2=C(C=CC=C2)SC3=CC=CC=C31,12.09462962962963,0.1388425925925929,12.09462962962963,0.1388425925925929,0.5217633094626958,212.27299999999997,204.20899999999995,212.029585876,72,0.19536524172862973,-0.2885031875217516,0.2885031875217516,0.19536524172862973,0.7333333333333333,1.2,1.7333333333333334,32.13349928154837,10.165349025365215,2.028623879517387,-1.9860995952242266,2.230710442268434,-1.9938468504027813,7.240827244633697,1.746623807731708,2.6627666913495847,640.2898406010062,10.25071237662706,7.935298734444734,8.75179531537246,7.360173345306137,4.767072974075047,5.583569555002773,3.4235050528459525,4.507282009332779,2.483286574872578,3.6351049131033824,1.7500015561466706,2.821534080398997,-1.6699999999999995,4959.094331954027,8.623270169768038,3.1742815889732823,1.25878717762205,90.60710511335486,0.0,0.0,5.428790391900541,0.0,0.0,4.794537184071822,0.0,11.336785877934737,24.26546827384644,24.26546827384644,20.17228826186779,0.0,0.0,31.50907413980253,0.0,0.0,0.0,58.75426412366524,0.0,5.428790391900541,0.0,0.0,11.336785877934737,0.0,0.0,0.0,53.3254737317647,0.0,20.17228826186779,17.07,0.0,4.794537184071822,5.428790391900541,0.0,20.17228826186779,0.0,11.336785877934737,48.53093654769288,0.0,0.0,2.113333333333334,1.6654166666666665,12.09462962962963,1.6411111111111114,0.1388425925925929,0.0,15.51333333333333,0.0,0.0,0.0,0.0,15,0,1,0,0,0,2,1,3,2,0,2,0,3,3.4147000000000016,65.60100000000003,0,0,0,0,0,0,0,0,0,0,2,2,0,0,0,0,0,0,Alc13,OC(CC1=CC=CC=C1)C2=CC(OCO3)=C3C=C2,10.20884164777022,-0.5260185185185189,10.20884164777022,0.25750711414807714,0.8989449432481046,242.27399999999994,228.16199999999995,242.094294308,92,0.23080037765931263,-0.45359546622627495,0.45359546622627495,0.23080037765931263,1.0,1.7777777777777777,2.611111111111111,16.69672242832603,10.010456757448827,2.1618380133670794,-2.1120797030123173,2.3423428663928165,-2.0110859698250523,5.447982471537591,0.171222170739647,1.7820126966370167,536.6899070467601,12.372032720186704,9.874076161507412,9.874076161507412,8.826499840494922,5.9429917392881455,5.9429917392881455,4.31821918647156,4.31821918647156,3.053275194816359,3.053275194816359,2.0756028645147335,2.0756028645147335,-1.9999999999999996,27276.075850448757,11.11111111111111,4.704,2.172635445362718,105.59881672643137,14.580253302440804,0.0,11.49902366656781,6.792942306099827,0.0,0.0,0.0,36.39820241076966,23.259637120317212,6.4208216229260096,6.103966387748303,14.580253302440804,0.0,12.524788010674312,6.792942306099827,59.65783953108687,11.49902366656781,9.473725907600098,11.49902366656781,0.0,11.899469700940532,6.4208216229260096,0.0,17.230869371142294,48.53093654769288,0.0,38.69,6.103966387748303,5.106527394840706,6.792942306099827,12.170333456209914,16.876414816677897,0.0,0.0,48.53093654769288,0.0,9.473725907600098,10.55373952301306,0.0,0.0,10.20884164777022,1.9636758314436888,1.4493266565885616,15.495225553567005,0.0716836734693872,0.25750711414807714,0.0,0.2,18,1,3,1,1,2,0,2,3,1,3,3,3,2.6914000000000007,67.67080000000004,1,1,0,0,0,2,1,0,2,0,0,31
PC2,O=C1C2=C(C=CC=C2)SC3=CC=CC=C31,12.09462962962963,0.1388425925925929,12.09462962962963,0.1388425925925929,0.5217633094626958,212.27299999999997,204.20899999999995,212.029585876,72,0.19536524172862973,-0.2885031875217516,0.2885031875217516,0.19536524172862973,0.7333333333333333,1.2,1.7333333333333334,32.13349928154837,10.165349025365215,2.028623879517387,-1.9860995952242266,2.230710442268434,-1.9938468504027813,7.240827244633697,1.746623807731708,2.6627666913495847,640.2898406010062,10.25071237662706,7.935298734444734,8.75179531537246,7.360173345306137,4.767072974075047,5.583569555002773,3.4235050528459525,4.507282009332779,2.483286574872578,3.6351049131033824,1.7500015561466706,2.821534080398997,-1.6699999999999995,4959.094331954027,8.623270169768038,3.1742815889732823,1.25878717762205,90.60710511335486,0.0,0.0,5.428790391900541,0.0,0.0,4.794537184071822,0.0,11.336785877934737,24.26546827384644,24.26546827384644,20.17228826186779,0.0,0.0,31.50907413980253,0.0,0.0,0.0,58.75426412366524,0.0,5.428790391900541,0.0,0.0,11.336785877934737,0.0,0.0,0.0,53.3254737317647,0.0,20.17228826186779,17.07,0.0,4.794537184071822,5.428790391900541,0.0,20.17228826186779,0.0,11.336785877934737,48.53093654769288,0.0,0.0,2.113333333333334,1.6654166666666665,12.09462962962963,1.6411111111111114,0.1388425925925929,0.0,15.51333333333333,0.0,0.0,0.0,0.0,15,0,1,0,0,0,2,1,3,2,0,2,0,3,3.4147000000000016,65.60100000000003,0,0,0,0,0,0,0,0,0,0,2,2,0,0,0,0,0,0,Alc14,OC(CC1=CC=CC=C1)C2=CC=C3C(OCCO3)=C2,10.279154147770221,-0.5294198790627365,10.279154147770221,0.5294198790627365,0.917331086007642,256.30099999999993,240.17299999999994,256.10994437200003,98,0.16122961165638874,-0.4861472727903348,0.4861472727903348,0.16122961165638874,0.9473684210526315,1.6842105263157894,2.473684210526316,16.562628442435113,10.008696216764893,2.1511380646401257,-2.1988672450591435,2.3280711304727224,-2.1537912220555357,5.441928645560842,0.1642102965101603,1.779518636946347,551.1754332522945,13.079139501373252,10.58118294269396,10.58118294269396,9.326499840494922,6.442991739288146,6.442991739288146,4.608616346737665,4.608616346737665,3.2228815431838655,3.2228815431838655,2.222419671269494,2.222419671269494,-1.9999999999999996,36765.486524452244,12.055401662049862,5.325443786982248,2.71280276816609,111.96375884082798,14.580253302440804,13.213763929025836,11.49902366656781,0.0,0.0,0.0,0.0,36.39820241076966,23.259637120317212,6.4208216229260096,6.103966387748303,14.580253302440804,0.0,12.524788010674312,13.213763929025836,59.65783953108687,11.49902366656781,9.473725907600098,11.49902366656781,0.0,18.32029132386654,6.4208216229260096,0.0,17.230869371142294,48.53093654769288,0.0,38.69,6.103966387748303,5.106527394840706,0.0,19.634585551951847,22.6259266499618,0.0,0.0,48.53093654769288,0.0,9.473725907600098,10.998183967457507,0.0,0.0,10.279154147770221,1.970363074242043,1.4701599899218951,15.570851127488034,0.06828231292516962,1.1430053801951348,0.0,0.25,19,1,3,1,1,2,0,2,3,1,3,3,3,2.733900000000001,72.53780000000005,1,1,0,0,0,2,1,0,2,0,0,23
PC3,O=C1C2=C(C=CC=C2)C(C3=CC=CC=C31)=O,12.101296296296297,-0.06407407407407373,12.101296296296297,0.06407407407407373,0.5683365592539452,208.21599999999998,200.15199999999996,208.052429496,76,0.19401317130265341,-0.2885627854005235,0.2885627854005235,0.19401317130265341,0.5,0.75,1.0,16.144174093761265,9.84165308861563,2.2775296932992912,-2.1587998663030565,2.2591539766758357,-2.198228988899104,6.278099202734244,0.09788805755973284,2.3487679057916755,506.13733595521376,11.120955864630139,8.435298734444734,8.435298734444734,7.787693700234703,5.0629488288431155,5.0629488288431155,3.7494158544292837,3.7494158544292837,2.8326324098323803,2.8326324098323803,2.048410258975007,2.048410258975007,-2.2199999999999998,7740.566269388301,9.038511761049026,3.1361565542281684,1.0693063348123637,92.53559460091252,0.0,0.0,11.566489892729878,0.0,0.0,9.589074368143644,0.0,0.0,48.53093654769288,0.0,22.253805966787983,0.0,9.589074368143644,11.566489892729878,0.0,0.0,0.0,70.78474251448087,0.0,0.0,0.0,0.0,0.0,11.566489892729878,0.0,31.842880334931625,48.53093654769288,0.0,0.0,34.14,0.0,9.589074368143644,11.566489892729878,22.253805966787983,0.0,0.0,48.53093654769288,0.0,0.0,0.0,0.0,0.0,24.202592592592595,0.0,2.0229629629629637,-0.12814814814814746,13.90259259259259,0.0,0.0,0.0,0.0,16,0,2,1,0,1,2,0,2,2,0,2,0,3,2.4620000000000006,59.749000000000024,0,0,2,2,0,0,0,0,0,0,2,2,0,0,2,0,0,0,Alc1,OC(CC1=CC=CC=C1)C2=CC=C(C(OC)=O)C=C2,11.300882193186936,-0.5749102418745282,11.300882193186936,0.3712044724021635,0.8555190559485526,256.30099999999993,240.17299999999994,256.10994437200003,98,0.33734179298009886,-0.4654175212523233,0.4654175212523233,0.33734179298009886,1.105263157894737,1.736842105263158,2.3157894736842106,16.523293378425766,10.003236877957912,2.100617014517665,-2.111125286046951,2.185198707818772,-2.040609496672206,5.887593188002341,0.06002383438700396,2.073681425115431,531.6803207544581,13.664925939000156,10.74431964951049,10.74431964951049,9.202708600407233,6.107223093895716,6.107223093895716,4.31911057255133,4.31911057255133,2.9884308157697754,2.9884308157697754,1.9144073831934183,1.9144073831934183,-2.1299999999999994,25130.041075738343,13.30515171594639,6.15877056967385,3.421837675345536,112.01756686489409,9.843390348640755,0.0,0.0,0.0,5.969305287951849,4.794537184071822,0.0,42.46456947923127,23.259637120317212,6.4208216229260096,18.777215420722833,14.637927532712578,5.969305287951849,12.524788010674312,7.109797541277533,71.28765809124549,0.0,0.0,0.0,0.0,18.18563022407009,11.157684576726059,0.0,27.58885804691111,54.59730361615449,0.0,46.53,6.103966387748303,9.901064578912528,5.969305287951849,11.984273114623004,11.126902983393991,7.109797541277533,24.26546827384644,30.33183534230805,4.736862953800049,0.0,4.63082306110129,0.0,11.300882193186936,10.144462317334341,2.3488071092634595,-0.3712044724021635,16.619447777784718,-0.020931201184178128,0.0,1.347713214915596,0.1875,19,1,3,0,0,2,0,2,3,1,3,4,2,2.7493000000000007,72.88730000000004,1,1,1,1,0,2,0,1,1,1,0,0
PC3,O=C1C2=C(C=CC=C2)C(C3=CC=CC=C31)=O,12.101296296296297,-0.06407407407407373,12.101296296296297,0.06407407407407373,0.5683365592539452,208.21599999999998,200.15199999999996,208.052429496,76,0.19401317130265341,-0.2885627854005235,0.2885627854005235,0.19401317130265341,0.5,0.75,1.0,16.144174093761265,9.84165308861563,2.2775296932992912,-2.1587998663030565,2.2591539766758357,-2.198228988899104,6.278099202734244,0.09788805755973284,2.3487679057916755,506.13733595521376,11.120955864630139,8.435298734444734,8.435298734444734,7.787693700234703,5.0629488288431155,5.0629488288431155,3.7494158544292837,3.7494158544292837,2.8326324098323803,2.8326324098323803,2.048410258975007,2.048410258975007,-2.2199999999999998,7740.566269388301,9.038511761049026,3.1361565542281684,1.0693063348123637,92.53559460091252,0.0,0.0,11.566489892729878,0.0,0.0,9.589074368143644,0.0,0.0,48.53093654769288,0.0,22.253805966787983,0.0,9.589074368143644,11.566489892729878,0.0,0.0,0.0,70.78474251448087,0.0,0.0,0.0,0.0,0.0,11.566489892729878,0.0,31.842880334931625,48.53093654769288,0.0,0.0,34.14,0.0,9.589074368143644,11.566489892729878,22.253805966787983,0.0,0.0,48.53093654769288,0.0,0.0,0.0,0.0,0.0,24.202592592592595,0.0,2.0229629629629637,-0.12814814814814746,13.90259259259259,0.0,0.0,0.0,0.0,16,0,2,1,0,1,2,0,2,2,0,2,0,3,2.4620000000000006,59.749000000000024,0,0,2,2,0,0,0,0,0,0,2,2,0,0,2,0,0,0,Alc2,OC(CC1=CC=CC=C1)C2=CC=CC=C2,9.973947467876041,-0.40870370370370424,9.973947467876041,0.40870370370370424,0.8035051734358308,198.265,184.15299999999996,198.104465068,76,0.08298804952950145,-0.3880720436533714,0.3880720436533714,0.08298804952950145,0.8,1.3333333333333333,1.9333333333333333,16.266076170609406,10.017292443134783,2.0630459693402803,-2.099774890735418,2.1679020868127488,-2.0051469961497723,5.216146633482743,0.17822792250631558,2.0784516078094564,394.1985815306015,10.510225400620904,8.50517333777239,8.50517333777239,7.360173345306137,5.13004291044503,5.13004291044503,3.6162040833489484,3.6162040833489484,2.4562220383138484,2.4562220383138484,1.6303928292672958,1.6303928292672958,-1.5999999999999996,4035.3008467528234,9.936265432098764,4.759877126654065,2.6729591836734703,90.01261530655025,5.106527394840706,0.0,0.0,0.0,0.0,0.0,0.0,60.6636706846161,11.126902983393991,6.4208216229260096,6.103966387748303,5.106527394840706,0.0,12.524788010674312,0.0,71.7905736680101,0.0,0.0,0.0,0.0,5.106527394840706,6.4208216229260096,0.0,17.230869371142294,60.6636706846161,0.0,20.23,6.103966387748303,5.106527394840706,0.0,6.4208216229260096,11.126902983393991,0.0,0.0,60.6636706846161,0.0,0.0,0.0,0.0,0.0,9.973947467876041,2.1344501133786853,0.0,19.795491307634165,0.2627777777777772,0.0,0.0,0.14285714285714285,15,1,1,0,0,2,0,2,1,1,1,3,2,2.9627000000000008,61.54780000000004,1,1,0,0,0,2,0,0,0,0,0,4
PC3,O=C1C2=C(C=CC=C2)C(C3=CC=CC=C31)=O,12.101296296296297,-0.06407407407407373,12.101296296296297,0.06407407407407373,0.5683365592539452,208.21599999999998,200.15199999999996,208.052429496,76,0.19401317130265341,-0.2885627854005235,0.2885627854005235,0.19401317130265341,0.5,0.75,1.0,16.144174093761265,9.84165308861563,2.2775296932992912,-2.1587998663030565,2.2591539766758357,-2.198228988899104,6.278099202734244,0.09788805755973284,2.3487679057916755,506.13733595521376,11.120955864630139,8.435298734444734,8.435298734444734,7.787693700234703,5.0629488288431155,5.0629488288431155,3.7494158544292837,3.7494158544292837,2.8326324098323803,2.8326324098323803,2.048410258975007,2.048410258975007,-2.2199999999999998,7740.566269388301,9.038511761049026,3.1361565542281684,1.0693063348123637,92.53559460091252,0.0,0.0,11.566489892729878,0.0,0.0,9.589074368143644,0.0,0.0,48.53093654769288,0.0,22.253805966787983,0.0,9.589074368143644,11.566489892729878,0.0,0.0,0.0,70.78474251448087,0.0,0.0,0.0,0.0,0.0,11.566489892729878,0.0,31.842880334931625,48.53093654769288,0.0,0.0,34.14,0.0,9.589074368143644,11.566489892729878,22.253805966787983,0.0,0.0,48.53093654769288,0.0,0.0,0.0,0.0,0.0,24.202592592592595,0.0,2.0229629629629637,-0.12814814814814746,13.90259259259259,0.0,0.0,0.0,0.0,16,0,2,1,0,1,2,0,2,2,0,2,0,3,2.4620000000000006,59.749000000000024,0,0,2,2,0,0,0,0,0,0,2,2,0,0,2,0,0,0,Alc3,OC(CC1=CC=CC=C1)C2=CC=C(C3=CC=CC=C3)C=C2,10.335407533383725,-0.46090429999160243,10.335407533383725,0.46090429999160243,0.7351163069128532,274.363,256.21899999999994,274.135765196,104,0.08298875307923671,-0.388072037808165,0.388072037808165,0.08298875307923671,0.6190476190476191,1.1428571428571428,1.7619047619047619,16.266083292964606,9.982653573837602,2.0818451903734125,-2.1170537852257123,2.231560758845956,-2.009876154068321,5.629945446690994,0.17824227821530972,1.7483318000385286,672.0487817325015,14.493353063746348,11.814574414530895,11.814574414530895,10.326499840494922,7.2014101154909484,7.2014101154909484,5.193554352538573,5.193554352538573,3.674455551106933,3.674455551106933,2.483526521520132,2.483526521520132,-2.379999999999999,104293.42426850586,13.596094137037953,6.379998762558589,3.3882865583782404,125.06970951261428,5.106527394840706,0.0,0.0,0.0,0.0,0.0,0.0,84.92913895846256,22.253805966787983,6.4208216229260096,6.103966387748303,5.106527394840706,0.0,12.524788010674312,0.0,96.05604194185656,11.126902983393991,0.0,0.0,0.0,5.106527394840706,6.4208216229260096,0.0,17.230869371142294,84.92913895846256,11.126902983393991,20.23,6.103966387748303,5.106527394840706,0.0,6.4208216229260096,11.126902983393991,11.126902983393991,0.0,60.6636706846161,24.26546827384644,0.0,0.0,0.0,0.0,10.335407533383725,4.475491082490542,0.0,28.505636982933158,0.1834644011925748,0.0,0.0,0.1,21,1,1,0,0,3,0,3,1,1,1,4,3,4.629700000000004,86.98380000000003,1,1,0,0,0,3,0,0,0,0,0,29
PC3,O=C1C2=C(C=CC=C2)C(C3=CC=CC=C31)=O,12.101296296296297,-0.06407407407407373,12.101296296296297,0.06407407407407373,0.5683365592539452,208.21599999999998,200.15199999999996,208.052429496,76,0.19401317130265341,-0.2885627854005235,0.2885627854005235,0.19401317130265341,0.5,0.75,1.0,16.144174093761265,9.84165308861563,2.2775296932992912,-2.1587998663030565,2.2591539766758357,-2.198228988899104,6.278099202734244,0.09788805755973284,2.3487679057916755,506.13733595521376,11.120955864630139,8.435298734444734,8.435298734444734,7.787693700234703,5.0629488288431155,5.0629488288431155,3.7494158544292837,3.7494158544292837,2.8326324098323803,2.8326324098323803,2.048410258975007,2.048410258975007,-2.2199999999999998,7740.566269388301,9.038511761049026,3.1361565542281684,1.0693063348123637,92.53559460091252,0.0,0.0,11.566489892729878,0.0,0.0,9.589074368143644,0.0,0.0,48.53093654769288,0.0,22.253805966787983,0.0,9.589074368143644,11.566489892729878,0.0,0.0,0.0,70.78474251448087,0.0,0.0,0.0,0.0,0.0,11.566489892729878,0.0,31.842880334931625,48.53093654769288,0.0,0.0,34.14,0.0,9.589074368143644,11.566489892729878,22.253805966787983,0.0,0.0,48.53093654769288,0.0,0.0,0.0,0.0,0.0,24.202592592592595,0.0,2.0229629629629637,-0.12814814814814746,13.90259259259259,0.0,0.0,0.0,0.0,16,0,2,1,0,1,2,0,2,2,0,2,0,3,2.4620000000000006,59.749000000000024,0,0,2,2,0,0,0,0,0,0,2,2,0,0,2,0,0,0,Alc4,OC(CC1=CC=CC=C1)C2=CC=C(C)C=C2,10.064839380196524,-0.41388888888888964,10.064839380196524,0.41388888888888964,0.827496933605173,212.29199999999997,196.16399999999996,212.120115132,82,0.0829883747658443,-0.38807204092055403,0.38807204092055403,0.0829883747658443,0.9375,1.5625,2.1875,16.266078389325447,10.006289195538882,2.069742142147314,-2.1072106640509842,2.1789660783789326,-2.009250363373895,5.250301887094522,0.17821400361845985,2.085070944860585,430.75194762320365,11.380468888623982,9.427823068582764,9.427823068582764,7.7540201954234895,5.54072651296799,5.54072651296799,4.116204083348947,4.116204083348947,2.7339998160916257,2.7339998160916257,1.7438068228410388,1.7438068228410388,-1.5999999999999996,5689.016293492532,10.902614268848035,4.950941945405614,2.7067723730180067,96.37755742094683,5.106527394840706,0.0,0.0,0.0,0.0,0.0,0.0,60.160755107851486,18.050640183084617,6.4208216229260096,6.103966387748303,5.106527394840706,0.0,19.448525210364934,0.0,71.28765809124549,0.0,0.0,0.0,0.0,5.106527394840706,6.4208216229260096,6.923737199690624,22.79432086283929,54.59730361615449,0.0,20.23,6.103966387748303,5.106527394840706,0.0,6.4208216229260096,11.126902983393991,5.563451491696996,0.0,61.52104081584511,0.0,0.0,0.0,0.0,0.0,10.064839380196524,3.3617492336440753,0.0,18.10113200218359,0.25664777021919793,2.048964947089947,0.0,0.2,16,1,1,0,0,2,0,2,1,1,1,3,2,3.2711200000000016,66.28480000000003,1,1,0,0,1,2,0,0,0,0,0,17
PC3,O=C1C2=C(C=CC=C2)C(C3=CC=CC=C31)=O,12.101296296296297,-0.06407407407407373,12.101296296296297,0.06407407407407373,0.5683365592539452,208.21599999999998,200.15199999999996,208.052429496,76,0.19401317130265341,-0.2885627854005235,0.2885627854005235,0.19401317130265341,0.5,0.75,1.0,16.144174093761265,9.84165308861563,2.2775296932992912,-2.1587998663030565,2.2591539766758357,-2.198228988899104,6.278099202734244,0.09788805755973284,2.3487679057916755,506.13733595521376,11.120955864630139,8.435298734444734,8.435298734444734,7.787693700234703,5.0629488288431155,5.0629488288431155,3.7494158544292837,3.7494158544292837,2.8326324098323803,2.8326324098323803,2.048410258975007,2.048410258975007,-2.2199999999999998,7740.566269388301,9.038511761049026,3.1361565542281684,1.0693063348123637,92.53559460091252,0.0,0.0,11.566489892729878,0.0,0.0,9.589074368143644,0.0,0.0,48.53093654769288,0.0,22.253805966787983,0.0,9.589074368143644,11.566489892729878,0.0,0.0,0.0,70.78474251448087,0.0,0.0,0.0,0.0,0.0,11.566489892729878,0.0,31.842880334931625,48.53093654769288,0.0,0.0,34.14,0.0,9.589074368143644,11.566489892729878,22.253805966787983,0.0,0.0,48.53093654769288,0.0,0.0,0.0,0.0,0.0,24.202592592592595,0.0,2.0229629629629637,-0.12814814814814746,13.90259259259259,0.0,0.0,0.0,0.0,16,0,2,1,0,1,2,0,2,2,0,2,0,3,2.4620000000000006,59.749000000000024,0,0,2,2,0,0,0,0,0,0,2,2,0,0,2,0,0,0,Alc5,OC(CC1=CC=CC=C1)C2=CC=C(OC)C=C2,10.096727135298565,-0.4691609977324269,10.096727135298565,0.4691609977324269,0.8713621378125769,228.29099999999997,212.16299999999995,228.115029752,88,0.1183810048644517,-0.4967681917897237,0.4967681917897237,0.1183810048644517,1.0,1.6470588235294117,2.235294117647059,16.465293963471616,10.014481763052645,2.0766339002525425,-2.1114630586776655,2.2033628169898027,-2.0103111679180383,5.291757736922201,0.17813111737507337,2.062926536206509,448.10785282653126,12.08757566981053,9.836071359046628,9.836071359046628,8.292024997884274,5.653098948663784,5.653098948663784,3.9786802197867686,3.9786802197867686,2.772451506641763,2.772451506641763,1.7812643014063039,1.7812643014063039,-1.7999999999999998,10090.555572179177,11.678585581466239,5.50509077963688,3.0789697570071675,101.49110265045373,9.843390348640755,5.749511833283905,0.0,0.0,0.0,0.0,0.0,42.46456947923127,23.259637120317212,6.4208216229260096,13.213763929025836,9.843390348640755,0.0,12.524788010674312,7.109797541277533,65.72420659954848,5.749511833283905,4.736862953800049,5.749511833283905,0.0,12.216324936118239,6.4208216229260096,0.0,17.230869371142294,54.59730361615449,0.0,29.46,6.103966387748303,5.106527394840706,0.0,6.4208216229260096,16.876414816677897,0.0,7.109797541277533,54.59730361615449,0.0,4.736862953800049,5.085560668137779,0.0,0.0,10.096727135298565,2.0467325155370792,0.8061676954732513,17.500864937598344,0.16295091647770144,0.0,1.6343294648106155,0.2,17,1,2,0,0,2,0,2,2,1,2,4,2,2.971300000000001,68.09980000000004,1,1,0,0,0,2,0,0,1,1,0,50
PC3,O=C1C2=C(C=CC=C2)C(C3=CC=CC=C31)=O,12.101296296296297,-0.06407407407407373,12.101296296296297,0.06407407407407373,0.5683365592539452,208.21599999999998,200.15199999999996,208.052429496,76,0.19401317130265341,-0.2885627854005235,0.2885627854005235,0.19401317130265341,0.5,0.75,1.0,16.144174093761265,9.84165308861563,2.2775296932992912,-2.1587998663030565,2.2591539766758357,-2.198228988899104,6.278099202734244,0.09788805755973284,2.3487679057916755,506.13733595521376,11.120955864630139,8.435298734444734,8.435298734444734,7.787693700234703,5.0629488288431155,5.0629488288431155,3.7494158544292837,3.7494158544292837,2.8326324098323803,2.8326324098323803,2.048410258975007,2.048410258975007,-2.2199999999999998,7740.566269388301,9.038511761049026,3.1361565542281684,1.0693063348123637,92.53559460091252,0.0,0.0,11.566489892729878,0.0,0.0,9.589074368143644,0.0,0.0,48.53093654769288,0.0,22.253805966787983,0.0,9.589074368143644,11.566489892729878,0.0,0.0,0.0,70.78474251448087,0.0,0.0,0.0,0.0,0.0,11.566489892729878,0.0,31.842880334931625,48.53093654769288,0.0,0.0,34.14,0.0,9.589074368143644,11.566489892729878,22.253805966787983,0.0,0.0,48.53093654769288,0.0,0.0,0.0,0.0,0.0,24.202592592592595,0.0,2.0229629629629637,-0.12814814814814746,13.90259259259259,0.0,0.0,0.0,0.0,16,0,2,1,0,1,2,0,2,2,0,2,0,3,2.4620000000000006,59.749000000000024,0,0,2,2,0,0,0,0,0,0,2,2,0,0,2,0,0,0,Alc6,OC(CC1=CC=CC=C1)C2=CC=C(OC)C(OC)=C2,10.261137566137567,-0.5535128495842787,10.261137566137567,0.5535128495842787,0.8956990875329504,258.31699999999995,240.17299999999994,258.12559443600003,100,0.16058453750747206,-0.4928699503057866,0.4928699503057866,0.16058453750747206,0.9473684210526315,1.631578947368421,2.263157894736842,16.507840676524992,10.009678695325208,2.1172434065020065,-2.139118621146542,2.3039729637253057,-2.023299718872896,5.433081291348095,0.17759935416267483,2.170628055604028,522.7721843403044,13.664925939000156,11.166969380320865,11.166969380320865,9.240713402868018,6.182138051026246,6.182138051026246,4.319941212142852,4.319941212142852,3.0642462362819742,3.0642462362819742,2.0152864579650367,2.0152864579650367,-2.0,25290.518080230475,13.432098765432098,6.25,3.263267429760666,112.96958999435721,14.580253302440804,0.0,11.49902366656781,0.0,0.0,0.0,0.0,36.39820241076966,23.259637120317212,6.4208216229260096,20.323561470303368,14.580253302440804,0.0,12.524788010674312,14.219595082555067,59.65783953108687,11.49902366656781,9.473725907600098,11.49902366656781,0.0,19.32612247739577,6.4208216229260096,0.0,17.230869371142294,48.53093654769288,0.0,38.69,6.103966387748303,5.106527394840706,0.0,17.919845289493818,11.126902983393991,0.0,14.219595082555067,48.53093654769288,0.0,9.473725907600098,10.423739523013062,0.0,0.0,10.261137566137567,1.922488845846981,1.296548878810784,15.3862476431497,0.0261727607709743,0.0,3.1836647822709327,0.25,19,1,3,0,0,2,0,2,3,1,3,5,2,2.9799000000000015,74.65180000000005,1,1,0,0,0,2,0,0,2,2,0,53
PC3,O=C1C2=C(C=CC=C2)C(C3=CC=CC=C31)=O,12.101296296296297,-0.06407407407407373,12.101296296296297,0.06407407407407373,0.5683365592539452,208.21599999999998,200.15199999999996,208.052429496,76,0.19401317130265341,-0.2885627854005235,0.2885627854005235,0.19401317130265341,0.5,0.75,1.0,16.144174093761265,9.84165308861563,2.2775296932992912,-2.1587998663030565,2.2591539766758357,-2.198228988899104,6.278099202734244,0.09788805755973284,2.3487679057916755,506.13733595521376,11.120955864630139,8.435298734444734,8.435298734444734,7.787693700234703,5.0629488288431155,5.0629488288431155,3.7494158544292837,3.7494158544292837,2.8326324098323803,2.8326324098323803,2.048410258975007,2.048410258975007,-2.2199999999999998,7740.566269388301,9.038511761049026,3.1361565542281684,1.0693063348123637,92.53559460091252,0.0,0.0,11.566489892729878,0.0,0.0,9.589074368143644,0.0,0.0,48.53093654769288,0.0,22.253805966787983,0.0,9.589074368143644,11.566489892729878,0.0,0.0,0.0,70.78474251448087,0.0,0.0,0.0,0.0,0.0,11.566489892729878,0.0,31.842880334931625,48.53093654769288,0.0,0.0,34.14,0.0,9.589074368143644,11.566489892729878,22.253805966787983,0.0,0.0,48.53093654769288,0.0,0.0,0.0,0.0,0.0,24.202592592592595,0.0,2.0229629629629637,-0.12814814814814746,13.90259259259259,0.0,0.0,0.0,0.0,16,0,2,1,0,1,2,0,2,2,0,2,0,3,2.4620000000000006,59.749000000000024,0,0,2,2,0,0,0,0,0,0,2,2,0,0,2,0,0,0,Alc7,OC(CC1=CC=CC=C1)C2=C(OC)C=CC=C2OC,10.43783635676493,-0.6587962962962965,10.43783635676493,0.5253703703703706,0.8956990875329504,258.31699999999995,240.17299999999994,258.12559443600003,100,0.12790209537997485,-0.49622875863680643,0.49622875863680643,0.12790209537997485,0.8947368421052632,1.4736842105263157,2.0,16.477976847424276,9.995068210762046,2.1838950809298114,-2.1766985532877468,2.348905965119941,-2.0598899020398505,5.4636733049682915,0.16908465638196046,2.2969656304417856,500.52218434030453,13.664925939000156,11.166969380320865,11.166969380320865,9.257550155273625,6.1881211151699524,6.1881211151699524,4.281728869170134,4.281728869170134,3.0710430404017512,3.0710430404017512,2.147725380294945,2.147725380294945,-1.9999999999999998,25369.482589932766,13.432098765432098,6.25,3.0625,112.9695899943572,14.580253302440804,11.49902366656781,0.0,0.0,0.0,0.0,0.0,36.39820241076966,17.696185628620217,6.4208216229260096,25.887012962000366,14.580253302440804,0.0,12.524788010674312,14.219595082555067,59.65783953108687,11.49902366656781,9.473725907600098,11.49902366656781,0.0,19.32612247739577,6.4208216229260096,0.0,17.230869371142294,48.53093654769288,0.0,38.69,6.103966387748303,5.106527394840706,0.0,23.483296781190813,5.563451491696996,0.0,14.219595082555067,48.53093654769288,0.0,9.473725907600098,10.613328609221465,0.0,0.0,10.43783635676493,1.7632520786092218,1.2829280045351479,15.354512471655326,-0.13342592592592595,0.0,3.1815684051398336,0.25,19,1,3,0,0,2,0,2,3,1,3,5,2,2.9799000000000015,74.65180000000005,1,1,0,0,0,2,0,0,2,2,0,12
PC3,O=C1C2=C(C=CC=C2)C(C3=CC=CC=C31)=O,12.101296296296297,-0.06407407407407373,12.101296296296297,0.06407407407407373,0.5683365592539452,208.21599999999998,200.15199999999996,208.052429496,76,0.19401317130265341,-0.2885627854005235,0.2885627854005235,0.19401317130265341,0.5,0.75,1.0,16.144174093761265,9.84165308861563,2.2775296932992912,-2.1587998663030565,2.2591539766758357,-2.198228988899104,6.278099202734244,0.09788805755973284,2.3487679057916755,506.13733595521376,11.120955864630139,8.435298734444734,8.435298734444734,7.787693700234703,5.0629488288431155,5.0629488288431155,3.7494158544292837,3.7494158544292837,2.8326324098323803,2.8326324098323803,2.048410258975007,2.048410258975007,-2.2199999999999998,7740.566269388301,9.038511761049026,3.1361565542281684,1.0693063348123637,92.53559460091252,0.0,0.0,11.566489892729878,0.0,0.0,9.589074368143644,0.0,0.0,48.53093654769288,0.0,22.253805966787983,0.0,9.589074368143644,11.566489892729878,0.0,0.0,0.0,70.78474251448087,0.0,0.0,0.0,0.0,0.0,11.566489892729878,0.0,31.842880334931625,48.53093654769288,0.0,0.0,34.14,0.0,9.589074368143644,11.566489892729878,22.253805966787983,0.0,0.0,48.53093654769288,0.0,0.0,0.0,0.0,0.0,24.202592592592595,0.0,2.0229629629629637,-0.12814814814814746,13.90259259259259,0.0,0.0,0.0,0.0,16,0,2,1,0,1,2,0,2,2,0,2,0,3,2.4620000000000006,59.749000000000024,0,0,2,2,0,0,0,0,0,0,2,2,0,0,2,0,0,0,Alc8,OC(CC1=CC=CC=C1)(C)C2=CC=C(OC)C=C2,10.562004913076343,-0.8674357520786091,10.562004913076343,0.5973896919879061,0.8921056666605938,242.31799999999996,224.17399999999995,242.130679816,94,0.11838137186134988,-0.4967681887289843,0.4967681887289843,0.11838137186134988,1.0,1.6111111111111112,2.1666666666666665,16.465304335878308,9.889503760970026,2.22797150875665,-2.2385349345184125,2.2631394577439528,-2.2362172676827443,5.316379902260567,0.057569130157961716,2.1884279567800498,486.2652269194349,13.010225400620904,10.758721089857001,10.758721089857001,8.615321630085539,6.025136822201199,6.025136822201199,4.664730960695685,4.664730960695685,3.103088053135465,3.103088053135465,2.045469160275508,2.045469160275508,-1.7999999999999998,13287.836301449152,12.651595457003785,5.233467659312888,2.90182022893601,107.85604476485034,9.843390348640755,5.749511833283905,0.0,0.0,0.0,0.0,0.0,42.46456947923127,30.183374320007832,6.4208216229260096,12.710848352261221,9.843390348640755,0.0,18.94560963360032,7.109797541277533,65.72420659954848,5.749511833283905,4.736862953800049,5.749511833283905,0.0,12.216324936118239,12.021872433909698,0.0,18.050640183084614,54.59730361615449,0.0,29.46,5.601050810983688,5.106527394840706,0.0,6.4208216229260096,16.876414816677897,0.0,7.109797541277533,61.52104081584511,0.0,4.736862953800049,5.118487727850552,0.0,0.0,10.562004913076343,1.1515189856806924,0.8002417695473254,17.549198270931676,0.5973896919879061,1.8351284958427816,1.6360301450827244,0.25,18,1,2,0,0,2,0,2,2,1,2,4,2,3.1454000000000013,72.71080000000005,1,0,0,0,0,2,0,0,1,1,0,3
PC3,O=C1C2=C(C=CC=C2)C(C3=CC=CC=C31)=O,12.101296296296297,-0.06407407407407373,12.101296296296297,0.06407407407407373,0.5683365592539452,208.21599999999998,200.15199999999996,208.052429496,76,0.19401317130265341,-0.2885627854005235,0.2885627854005235,0.19401317130265341,0.5,0.75,1.0,16.144174093761265,9.84165308861563,2.2775296932992912,-2.1587998663030565,2.2591539766758357,-2.198228988899104,6.278099202734244,0.09788805755973284,2.3487679057916755,506.13733595521376,11.120955864630139,8.435298734444734,8.435298734444734,7.787693700234703,5.0629488288431155,5.0629488288431155,3.7494158544292837,3.7494158544292837,2.8326324098323803,2.8326324098323803,2.048410258975007,2.048410258975007,-2.2199999999999998,7740.566269388301,9.038511761049026,3.1361565542281684,1.0693063348123637,92.53559460091252,0.0,0.0,11.566489892729878,0.0,0.0,9.589074368143644,0.0,0.0,48.53093654769288,0.0,22.253805966787983,0.0,9.589074368143644,11.566489892729878,0.0,0.0,0.0,70.78474251448087,0.0,0.0,0.0,0.0,0.0,11.566489892729878,0.0,31.842880334931625,48.53093654769288,0.0,0.0,34.14,0.0,9.589074368143644,11.566489892729878,22.253805966787983,0.0,0.0,48.53093654769288,0.0,0.0,0.0,0.0,0.0,24.202592592592595,0.0,2.0229629629629637,-0.12814814814814746,13.90259259259259,0.0,0.0,0.0,0.0,16,0,2,1,0,1,2,0,2,2,0,2,0,3,2.4620000000000006,59.749000000000024,0,0,2,2,0,0,0,0,0,0,2,2,0,0,2,0,0,0,Alc9,OC(CC1=CC=CC=C1)(C)C2=CC(OC)=C(OC)C=C2,10.726415343915345,-0.9574357520786094,10.726415343915345,0.5449633881330308,0.9083721892957952,272.34399999999994,252.18399999999994,272.1412445,106,0.16059535666137958,-0.4928699470920177,0.4928699470920177,0.16059535666137958,0.95,1.6,2.2,16.507863905067826,9.886714685339358,2.2446519921947496,-2.246767402855474,2.332200446601139,-2.238535516915506,5.443974299613938,0.05730381851548327,2.2900575453340792,561.7027291484295,14.58757566981053,12.089619111131238,12.089619111131238,9.564010035069282,6.554175924563661,6.554175924563661,5.005991953051767,5.005991953051767,3.3966099446226505,3.3966099446226505,2.2666261378643466,2.2666261378643466,-2.0,33330.10718164373,14.409972299168976,5.969821673525377,3.114186851211073,119.3345321087538,14.580253302440804,0.0,11.49902366656781,0.0,0.0,0.0,0.0,36.39820241076966,30.183374320007832,6.4208216229260096,19.820645893538753,14.580253302440804,0.0,18.94560963360032,14.219595082555067,59.65783953108687,11.49902366656781,9.473725907600098,11.49902366656781,0.0,19.32612247739577,12.021872433909698,0.0,18.050640183084614,48.53093654769288,0.0,38.69,5.601050810983688,5.106527394840706,0.0,17.919845289493818,11.126902983393991,0.0,21.14333228224569,48.53093654769288,0.0,9.473725907600098,10.501666582725836,0.0,0.0,10.726415343915345,0.937275315990594,1.2824979528848581,15.429372643149698,0.5449633881330308,1.8067951625094483,3.187680277357857,0.29411764705882354,20,1,3,0,0,2,0,2,3,1,3,5,2,3.1540000000000017,79.26280000000006,1,0,0,0,0,2,0,0,2,2,0,24
PC3,O=C1C2=C(C=CC=C2)C(C3=CC=CC=C31)=O,12.101296296296297,-0.06407407407407373,12.101296296296297,0.06407407407407373,0.5683365592539452,208.21599999999998,200.15199999999996,208.052429496,76,0.19401317130265341,-0.2885627854005235,0.2885627854005235,0.19401317130265341,0.5,0.75,1.0,16.144174093761265,9.84165308861563,2.2775296932992912,-2.1587998663030565,2.2591539766758357,-2.198228988899104,6.278099202734244,0.09788805755973284,2.3487679057916755,506.13733595521376,11.120955864630139,8.435298734444734,8.435298734444734,7.787693700234703,5.0629488288431155,5.0629488288431155,3.7494158544292837,3.7494158544292837,2.8326324098323803,2.8326324098323803,2.048410258975007,2.048410258975007,-2.2199999999999998,7740.566269388301,9.038511761049026,3.1361565542281684,1.0693063348123637,92.53559460091252,0.0,0.0,11.566489892729878,0.0,0.0,9.589074368143644,0.0,0.0,48.53093654769288,0.0,22.253805966787983,0.0,9.589074368143644,11.566489892729878,0.0,0.0,0.0,70.78474251448087,0.0,0.0,0.0,0.0,0.0,11.566489892729878,0.0,31.842880334931625,48.53093654769288,0.0,0.0,34.14,0.0,9.589074368143644,11.566489892729878,22.253805966787983,0.0,0.0,48.53093654769288,0.0,0.0,0.0,0.0,0.0,24.202592592592595,0.0,2.0229629629629637,-0.12814814814814746,13.90259259259259,0.0,0.0,0.0,0.0,16,0,2,1,0,1,2,0,2,2,0,2,0,3,2.4620000000000006,59.749000000000024,0,0,2,2,0,0,0,0,0,0,2,2,0,0,2,0,0,0,Alc10,OC(CC1=CC=CC=C1)C2=CC=CS2,9.873253023431594,-0.363518518518519,9.873253023431594,0.363518518518519,0.8144390837938148,204.29399999999998,192.19799999999998,204.060886004,72,0.09216528017574561,-0.3872321395951382,0.3872321395951382,0.09216528017574561,1.0714285714285714,1.8571428571428572,2.5,32.13347351704487,10.076452642388125,2.0789213690058697,-2.072307396572147,2.2167942612728524,-1.9832437646643386,7.095204082273813,0.18207119399780475,2.0553179911767563,366.484957172308,9.803118619434356,7.758721089857002,8.575217670784728,6.860173345306137,4.614527514810998,5.4941803260658935,3.2209400579704255,4.200212366132882,2.1434838152946787,3.117025631515786,1.418819851357115,2.130640812291436,-1.1199999999999999,3066.3242502334906,9.435606308498535,4.39885050222963,2.218442359688379,87.65297857696171,5.106527394840706,0.0,0.0,0.0,0.0,0.0,11.336785877934737,36.39820241076966,17.00988133062452,11.297968816627309,6.103966387748303,5.106527394840706,11.336785877934737,12.524788010674312,0.0,58.28523093509548,0.0,0.0,0.0,11.336785877934737,5.106527394840706,6.4208216229260096,0.0,16.5445650731466,47.844632249697185,0.0,20.23,0.0,5.106527394840706,6.103966387748303,6.4208216229260096,4.877147193701299,5.563451491696996,11.336785877934737,47.844632249697185,0.0,0.0,0.0,1.6002690381708238,1.0359750566893426,11.862882653061224,1.1744444444444446,0.0,13.994160289115648,0.3322685185185179,0.0,0.0,0.16666666666666666,14,1,1,0,0,1,1,2,2,1,2,3,2,3.0242000000000013,59.42480000000003,1,1,0,0,0,1,0,0,0,0,1,13
PC3,O=C1C2=C(C=CC=C2)C(C3=CC=CC=C31)=O,12.101296296296297,-0.06407407407407373,12.101296296296297,0.06407407407407373,0.5683365592539452,208.21599999999998,200.15199999999996,208.052429496,76,0.19401317130265341,-0.2885627854005235,0.2885627854005235,0.19401317130265341,0.5,0.75,1.0,16.144174093761265,9.84165308861563,2.2775296932992912,-2.1587998663030565,2.2591539766758357,-2.198228988899104,6.278099202734244,0.09788805755973284,2.3487679057916755,506.13733595521376,11.120955864630139,8.435298734444734,8.435298734444734,7.787693700234703,5.0629488288431155,5.0629488288431155,3.7494158544292837,3.7494158544292837,2.8326324098323803,2.8326324098323803,2.048410258975007,2.048410258975007,-2.2199999999999998,7740.566269388301,9.038511761049026,3.1361565542281684,1.0693063348123637,92.53559460091252,0.0,0.0,11.566489892729878,0.0,0.0,9.589074368143644,0.0,0.0,48.53093654769288,0.0,22.253805966787983,0.0,9.589074368143644,11.566489892729878,0.0,0.0,0.0,70.78474251448087,0.0,0.0,0.0,0.0,0.0,11.566489892729878,0.0,31.842880334931625,48.53093654769288,0.0,0.0,34.14,0.0,9.589074368143644,11.566489892729878,22.253805966787983,0.0,0.0,48.53093654769288,0.0,0.0,0.0,0.0,0.0,24.202592592592595,0.0,2.0229629629629637,-0.12814814814814746,13.90259259259259,0.0,0.0,0.0,0.0,16,0,2,1,0,1,2,0,2,2,0,2,0,3,2.4620000000000006,59.749000000000024,0,0,2,2,0,0,0,0,0,0,2,2,0,0,2,0,0,0,Alc11,OC(CC1=CC=CC=C1)C2=CC=C3C(C=CC=C3)=C2,10.333416477702194,-0.45184618291761214,10.333416477702194,0.45184618291761214,0.7390124361646712,248.325,232.19699999999995,248.120115132,94,0.08300986627191954,-0.3880716629573365,0.3880716629573365,0.08300986627191954,0.7368421052631579,1.4210526315789473,2.210526315789474,16.266084676889072,9.986417291736672,2.0837478242584777,-2.1170473119725113,2.22495003462181,-2.010327051240819,5.8258821301024994,0.17837975584231427,1.8694641546477884,673.3497852752665,13.079139501373252,10.659873876151643,10.659873876151643,9.326499840494922,6.534743448824282,6.534743448824282,4.812108496772772,4.812108496772772,3.4301714223830455,3.4301714223830455,2.370271692755298,2.370271692755298,-2.119999999999999,36765.486524452244,11.941790792875613,5.2496193822875306,2.665278690398365,112.69427983828544,5.106527394840706,0.0,0.0,0.0,0.0,0.0,0.0,66.73003775307771,27.965718480785192,6.4208216229260096,6.103966387748303,5.106527394840706,10.772448428929591,12.524788010674312,0.0,83.92330780493333,0.0,0.0,0.0,0.0,5.106527394840706,6.4208216229260096,0.0,17.230869371142294,72.79640482153933,10.772448428929591,20.23,6.103966387748303,5.106527394840706,0.0,6.4208216229260096,11.126902983393991,10.772448428929591,0.0,48.53093654769288,24.26546827384644,0.0,0.0,0.0,0.0,12.713298689846312,2.1302885907449403,0.0,24.456294380406483,0.20011833900226683,0.0,0.0,0.1111111111111111,19,1,1,0,0,3,0,3,1,1,1,3,3,4.1159000000000034,79.05380000000005,1,1,0,0,0,3,1,0,0,0,0,14
PC3,O=C1C2=C(C=CC=C2)C(C3=CC=CC=C31)=O,12.101296296296297,-0.06407407407407373,12.101296296296297,0.06407407407407373,0.5683365592539452,208.21599999999998,200.15199999999996,208.052429496,76,0.19401317130265341,-0.2885627854005235,0.2885627854005235,0.19401317130265341,0.5,0.75,1.0,16.144174093761265,9.84165308861563,2.2775296932992912,-2.1587998663030565,2.2591539766758357,-2.198228988899104,6.278099202734244,0.09788805755973284,2.3487679057916755,506.13733595521376,11.120955864630139,8.435298734444734,8.435298734444734,7.787693700234703,5.0629488288431155,5.0629488288431155,3.7494158544292837,3.7494158544292837,2.8326324098323803,2.8326324098323803,2.048410258975007,2.048410258975007,-2.2199999999999998,7740.566269388301,9.038511761049026,3.1361565542281684,1.0693063348123637,92.53559460091252,0.0,0.0,11.566489892729878,0.0,0.0,9.589074368143644,0.0,0.0,48.53093654769288,0.0,22.253805966787983,0.0,9.589074368143644,11.566489892729878,0.0,0.0,0.0,70.78474251448087,0.0,0.0,0.0,0.0,0.0,11.566489892729878,0.0,31.842880334931625,48.53093654769288,0.0,0.0,34.14,0.0,9.589074368143644,11.566489892729878,22.253805966787983,0.0,0.0,48.53093654769288,0.0,0.0,0.0,0.0,0.0,24.202592592592595,0.0,2.0229629629629637,-0.12814814814814746,13.90259259259259,0.0,0.0,0.0,0.0,16,0,2,1,0,1,2,0,2,2,0,2,0,3,2.4620000000000006,59.749000000000024,0,0,2,2,0,0,0,0,0,0,2,2,0,0,2,0,0,0,Alc12,OC(CC1=CC=CC=C1)C2=C3C(C=CC=C3)=CC=C2,10.471969009826154,-0.4643518518518521,10.471969009826154,0.4643518518518521,0.7390124361646712,248.325,232.19699999999995,248.120115132,94,0.08358696226666694,-0.38804892064838004,0.38804892064838004,0.08358696226666694,0.7368421052631579,1.4210526315789473,2.263157894736842,16.266124497202814,9.961087361988065,2.108514386470234,-2.1353412666234526,2.259726004252622,-2.01936407132354,5.854953122949918,0.17978572251943617,1.955927549052766,668.0997852752665,13.079139501373252,10.659873876151643,10.659873876151643,9.34333659290053,6.540726512967988,6.540726512967988,4.773896153800053,4.773896153800053,3.454236172267494,3.454236172267494,2.4883469055147316,2.4883469055147316,-2.119999999999999,37234.02225887323,11.941790792875613,5.2496193822875306,2.5146438115478507,112.69427983828544,5.106527394840706,0.0,0.0,0.0,0.0,0.0,0.0,72.79640482153933,21.899351412323583,6.4208216229260096,6.103966387748303,5.106527394840706,10.772448428929591,12.524788010674312,0.0,83.92330780493333,0.0,0.0,0.0,0.0,5.106527394840706,6.4208216229260096,0.0,17.230869371142294,72.79640482153933,10.772448428929591,20.23,6.103966387748303,5.106527394840706,0.0,6.4208216229260096,16.513127197858786,5.386224214464796,0.0,54.59730361615449,18.19910120538483,0.0,0.0,0.0,0.0,12.778027158394224,2.157303004535148,0.0,24.381355400184763,0.18331443688586524,0.0,0.0,0.1111111111111111,19,1,1,0,0,3,0,3,1,1,1,3,3,4.1159000000000034,79.05380000000005,1,1,0,0,0,3,1,0,0,0,0,30
PC3,O=C1C2=C(C=CC=C2)C(C3=CC=CC=C31)=O,12.101296296296297,-0.06407407407407373,12.101296296296297,0.06407407407407373,0.5683365592539452,208.21599999999998,200.15199999999996,208.052429496,76,0.19401317130265341,-0.2885627854005235,0.2885627854005235,0.19401317130265341,0.5,0.75,1.0,16.144174093761265,9.84165308861563,2.2775296932992912,-2.1587998663030565,2.2591539766758357,-2.198228988899104,6.278099202734244,0.09788805755973284,2.3487679057916755,506.13733595521376,11.120955864630139,8.435298734444734,8.435298734444734,7.787693700234703,5.0629488288431155,5.0629488288431155,3.7494158544292837,3.7494158544292837,2.8326324098323803,2.8326324098323803,2.048410258975007,2.048410258975007,-2.2199999999999998,7740.566269388301,9.038511761049026,3.1361565542281684,1.0693063348123637,92.53559460091252,0.0,0.0,11.566489892729878,0.0,0.0,9.589074368143644,0.0,0.0,48.53093654769288,0.0,22.253805966787983,0.0,9.589074368143644,11.566489892729878,0.0,0.0,0.0,70.78474251448087,0.0,0.0,0.0,0.0,0.0,11.566489892729878,0.0,31.842880334931625,48.53093654769288,0.0,0.0,34.14,0.0,9.589074368143644,11.566489892729878,22.253805966787983,0.0,0.0,48.53093654769288,0.0,0.0,0.0,0.0,0.0,24.202592592592595,0.0,2.0229629629629637,-0.12814814814814746,13.90259259259259,0.0,0.0,0.0,0.0,16,0,2,1,0,1,2,0,2,2,0,2,0,3,2.4620000000000006,59.749000000000024,0,0,2,2,0,0,0,0,0,0,2,2,0,0,2,0,0,0,Alc13,OC(CC1=CC=CC=C1)C2=CC(OCO3)=C3C=C2,10.20884164777022,-0.5260185185185189,10.20884164777022,0.25750711414807714,0.8989449432481046,242.27399999999994,228.16199999999995,242.094294308,92,0.23080037765931263,-0.45359546622627495,0.45359546622627495,0.23080037765931263,1.0,1.7777777777777777,2.611111111111111,16.69672242832603,10.010456757448827,2.1618380133670794,-2.1120797030123173,2.3423428663928165,-2.0110859698250523,5.447982471537591,0.171222170739647,1.7820126966370167,536.6899070467601,12.372032720186704,9.874076161507412,9.874076161507412,8.826499840494922,5.9429917392881455,5.9429917392881455,4.31821918647156,4.31821918647156,3.053275194816359,3.053275194816359,2.0756028645147335,2.0756028645147335,-1.9999999999999996,27276.075850448757,11.11111111111111,4.704,2.172635445362718,105.59881672643137,14.580253302440804,0.0,11.49902366656781,6.792942306099827,0.0,0.0,0.0,36.39820241076966,23.259637120317212,6.4208216229260096,6.103966387748303,14.580253302440804,0.0,12.524788010674312,6.792942306099827,59.65783953108687,11.49902366656781,9.473725907600098,11.49902366656781,0.0,11.899469700940532,6.4208216229260096,0.0,17.230869371142294,48.53093654769288,0.0,38.69,6.103966387748303,5.106527394840706,6.792942306099827,12.170333456209914,16.876414816677897,0.0,0.0,48.53093654769288,0.0,9.473725907600098,10.55373952301306,0.0,0.0,10.20884164777022,1.9636758314436888,1.4493266565885616,15.495225553567005,0.0716836734693872,0.25750711414807714,0.0,0.2,18,1,3,1,1,2,0,2,3,1,3,3,3,2.6914000000000007,67.67080000000004,1,1,0,0,0,2,1,0,2,0,0,11
PC3,O=C1C2=C(C=CC=C2)C(C3=CC=CC=C31)=O,12.101296296296297,-0.06407407407407373,12.101296296296297,0.06407407407407373,0.5683365592539452,208.21599999999998,200.15199999999996,208.052429496,76,0.19401317130265341,-0.2885627854005235,0.2885627854005235,0.19401317130265341,0.5,0.75,1.0,16.144174093761265,9.84165308861563,2.2775296932992912,-2.1587998663030565,2.2591539766758357,-2.198228988899104,6.278099202734244,0.09788805755973284,2.3487679057916755,506.13733595521376,11.120955864630139,8.435298734444734,8.435298734444734,7.787693700234703,5.0629488288431155,5.0629488288431155,3.7494158544292837,3.7494158544292837,2.8326324098323803,2.8326324098323803,2.048410258975007,2.048410258975007,-2.2199999999999998,7740.566269388301,9.038511761049026,3.1361565542281684,1.0693063348123637,92.53559460091252,0.0,0.0,11.566489892729878,0.0,0.0,9.589074368143644,0.0,0.0,48.53093654769288,0.0,22.253805966787983,0.0,9.589074368143644,11.566489892729878,0.0,0.0,0.0,70.78474251448087,0.0,0.0,0.0,0.0,0.0,11.566489892729878,0.0,31.842880334931625,48.53093654769288,0.0,0.0,34.14,0.0,9.589074368143644,11.566489892729878,22.253805966787983,0.0,0.0,48.53093654769288,0.0,0.0,0.0,0.0,0.0,24.202592592592595,0.0,2.0229629629629637,-0.12814814814814746,13.90259259259259,0.0,0.0,0.0,0.0,16,0,2,1,0,1,2,0,2,2,0,2,0,3,2.4620000000000006,59.749000000000024,0,0,2,2,0,0,0,0,0,0,2,2,0,0,2,0,0,0,Alc14,OC(CC1=CC=CC=C1)C2=CC=C3C(OCCO3)=C2,10.279154147770221,-0.5294198790627365,10.279154147770221,0.5294198790627365,0.917331086007642,256.30099999999993,240.17299999999994,256.10994437200003,98,0.16122961165638874,-0.4861472727903348,0.4861472727903348,0.16122961165638874,0.9473684210526315,1.6842105263157894,2.473684210526316,16.562628442435113,10.008696216764893,2.1511380646401257,-2.1988672450591435,2.3280711304727224,-2.1537912220555357,5.441928645560842,0.1642102965101603,1.779518636946347,551.1754332522945,13.079139501373252,10.58118294269396,10.58118294269396,9.326499840494922,6.442991739288146,6.442991739288146,4.608616346737665,4.608616346737665,3.2228815431838655,3.2228815431838655,2.222419671269494,2.222419671269494,-1.9999999999999996,36765.486524452244,12.055401662049862,5.325443786982248,2.71280276816609,111.96375884082798,14.580253302440804,13.213763929025836,11.49902366656781,0.0,0.0,0.0,0.0,36.39820241076966,23.259637120317212,6.4208216229260096,6.103966387748303,14.580253302440804,0.0,12.524788010674312,13.213763929025836,59.65783953108687,11.49902366656781,9.473725907600098,11.49902366656781,0.0,18.32029132386654,6.4208216229260096,0.0,17.230869371142294,48.53093654769288,0.0,38.69,6.103966387748303,5.106527394840706,0.0,19.634585551951847,22.6259266499618,0.0,0.0,48.53093654769288,0.0,9.473725907600098,10.998183967457507,0.0,0.0,10.279154147770221,1.970363074242043,1.4701599899218951,15.570851127488034,0.06828231292516962,1.1430053801951348,0.0,0.25,19,1,3,1,1,2,0,2,3,1,3,3,3,2.733900000000001,72.53780000000005,1,1,0,0,0,2,1,0,2,0,0,18
PC4,O=C(C1=CC=CC=C1)C2=CC=CC=C2,11.846296296296297,0.07518518518518569,11.846296296296297,0.07518518518518569,0.6524732866647586,182.222,172.14199999999997,182.07316494,68,0.1925196653354077,-0.2886159649049109,0.2886159649049109,0.1925196653354077,0.6428571428571429,1.0,1.3571428571428572,16.138265180166254,10.039466370350809,2.0556401157605753,-1.9882943090672243,2.0786317814185327,-1.9925035301173148,6.0836813168745945,0.10340472792903835,2.348637604509715,376.003255415297,9.803118619434356,7.681750982360123,7.681750982360123,6.877010097711745,4.525491350277851,4.525491350277851,3.0611749528008096,3.0611749528008096,2.071955531687609,2.071955531687609,1.3457218019266357,1.3457218019266357,-1.8899999999999997,2580.4142437867595,8.696948085233146,3.8789693771624525,1.7163680610147731,83.01496154000138,0.0,0.0,5.783244946364939,0.0,0.0,4.794537184071822,0.0,0.0,60.6636706846161,0.0,11.126902983393991,0.0,4.794537184071822,5.783244946364939,0.0,0.0,0.0,71.7905736680101,0.0,0.0,0.0,0.0,0.0,5.783244946364939,0.0,15.921440167465814,60.6636706846161,0.0,0.0,17.07,0.0,4.794537184071822,5.783244946364939,0.0,11.126902983393991,0.0,0.0,60.6636706846161,0.0,0.0,0.0,0.0,11.846296296296297,0.0,1.4698148148148151,0.07518518518518569,18.608703703703704,0.0,0.0,0.0,0.0,14,0,1,0,0,0,2,0,2,1,0,1,2,2,2.917600000000001,56.316500000000026,0,0,1,1,0,0,0,0,0,0,2,0,0,0,1,0,0,0,Alc1,OC(CC1=CC=CC=C1)C2=CC=C(C(OC)=O)C=C2,11.300882193186936,-0.5749102418745282,11.300882193186936,0.3712044724021635,0.8555190559485526,256.30099999999993,240.17299999999994,256.10994437200003,98,0.33734179298009886,-0.4654175212523233,0.4654175212523233,0.33734179298009886,1.105263157894737,1.736842105263158,2.3157894736842106,16.523293378425766,10.003236877957912,2.100617014517665,-2.111125286046951,2.185198707818772,-2.040609496672206,5.887593188002341,0.06002383438700396,2.073681425115431,531.6803207544581,13.664925939000156,10.74431964951049,10.74431964951049,9.202708600407233,6.107223093895716,6.107223093895716,4.31911057255133,4.31911057255133,2.9884308157697754,2.9884308157697754,1.9144073831934183,1.9144073831934183,-2.1299999999999994,25130.041075738343,13.30515171594639,6.15877056967385,3.421837675345536,112.01756686489409,9.843390348640755,0.0,0.0,0.0,5.969305287951849,4.794537184071822,0.0,42.46456947923127,23.259637120317212,6.4208216229260096,18.777215420722833,14.637927532712578,5.969305287951849,12.524788010674312,7.109797541277533,71.28765809124549,0.0,0.0,0.0,0.0,18.18563022407009,11.157684576726059,0.0,27.58885804691111,54.59730361615449,0.0,46.53,6.103966387748303,9.901064578912528,5.969305287951849,11.984273114623004,11.126902983393991,7.109797541277533,24.26546827384644,30.33183534230805,4.736862953800049,0.0,4.63082306110129,0.0,11.300882193186936,10.144462317334341,2.3488071092634595,-0.3712044724021635,16.619447777784718,-0.020931201184178128,0.0,1.347713214915596,0.1875,19,1,3,0,0,2,0,2,3,1,3,4,2,2.7493000000000007,72.88730000000004,1,1,1,1,0,2,0,1,1,1,0,3
PC4,O=C(C1=CC=CC=C1)C2=CC=CC=C2,11.846296296296297,0.07518518518518569,11.846296296296297,0.07518518518518569,0.6524732866647586,182.222,172.14199999999997,182.07316494,68,0.1925196653354077,-0.2886159649049109,0.2886159649049109,0.1925196653354077,0.6428571428571429,1.0,1.3571428571428572,16.138265180166254,10.039466370350809,2.0556401157605753,-1.9882943090672243,2.0786317814185327,-1.9925035301173148,6.0836813168745945,0.10340472792903835,2.348637604509715,376.003255415297,9.803118619434356,7.681750982360123,7.681750982360123,6.877010097711745,4.525491350277851,4.525491350277851,3.0611749528008096,3.0611749528008096,2.071955531687609,2.071955531687609,1.3457218019266357,1.3457218019266357,-1.8899999999999997,2580.4142437867595,8.696948085233146,3.8789693771624525,1.7163680610147731,83.01496154000138,0.0,0.0,5.783244946364939,0.0,0.0,4.794537184071822,0.0,0.0,60.6636706846161,0.0,11.126902983393991,0.0,4.794537184071822,5.783244946364939,0.0,0.0,0.0,71.7905736680101,0.0,0.0,0.0,0.0,0.0,5.783244946364939,0.0,15.921440167465814,60.6636706846161,0.0,0.0,17.07,0.0,4.794537184071822,5.783244946364939,0.0,11.126902983393991,0.0,0.0,60.6636706846161,0.0,0.0,0.0,0.0,11.846296296296297,0.0,1.4698148148148151,0.07518518518518569,18.608703703703704,0.0,0.0,0.0,0.0,14,0,1,0,0,0,2,0,2,1,0,1,2,2,2.917600000000001,56.316500000000026,0,0,1,1,0,0,0,0,0,0,2,0,0,0,1,0,0,0,Alc2,OC(CC1=CC=CC=C1)C2=CC=CC=C2,9.973947467876041,-0.40870370370370424,9.973947467876041,0.40870370370370424,0.8035051734358308,198.265,184.15299999999996,198.104465068,76,0.08298804952950145,-0.3880720436533714,0.3880720436533714,0.08298804952950145,0.8,1.3333333333333333,1.9333333333333333,16.266076170609406,10.017292443134783,2.0630459693402803,-2.099774890735418,2.1679020868127488,-2.0051469961497723,5.216146633482743,0.17822792250631558,2.0784516078094564,394.1985815306015,10.510225400620904,8.50517333777239,8.50517333777239,7.360173345306137,5.13004291044503,5.13004291044503,3.6162040833489484,3.6162040833489484,2.4562220383138484,2.4562220383138484,1.6303928292672958,1.6303928292672958,-1.5999999999999996,4035.3008467528234,9.936265432098764,4.759877126654065,2.6729591836734703,90.01261530655025,5.106527394840706,0.0,0.0,0.0,0.0,0.0,0.0,60.6636706846161,11.126902983393991,6.4208216229260096,6.103966387748303,5.106527394840706,0.0,12.524788010674312,0.0,71.7905736680101,0.0,0.0,0.0,0.0,5.106527394840706,6.4208216229260096,0.0,17.230869371142294,60.6636706846161,0.0,20.23,6.103966387748303,5.106527394840706,0.0,6.4208216229260096,11.126902983393991,0.0,0.0,60.6636706846161,0.0,0.0,0.0,0.0,0.0,9.973947467876041,2.1344501133786853,0.0,19.795491307634165,0.2627777777777772,0.0,0.0,0.14285714285714285,15,1,1,0,0,2,0,2,1,1,1,3,2,2.9627000000000008,61.54780000000004,1,1,0,0,0,2,0,0,0,0,0,1
PC4,O=C(C1=CC=CC=C1)C2=CC=CC=C2,11.846296296296297,0.07518518518518569,11.846296296296297,0.07518518518518569,0.6524732866647586,182.222,172.14199999999997,182.07316494,68,0.1925196653354077,-0.2886159649049109,0.2886159649049109,0.1925196653354077,0.6428571428571429,1.0,1.3571428571428572,16.138265180166254,10.039466370350809,2.0556401157605753,-1.9882943090672243,2.0786317814185327,-1.9925035301173148,6.0836813168745945,0.10340472792903835,2.348637604509715,376.003255415297,9.803118619434356,7.681750982360123,7.681750982360123,6.877010097711745,4.525491350277851,4.525491350277851,3.0611749528008096,3.0611749528008096,2.071955531687609,2.071955531687609,1.3457218019266357,1.3457218019266357,-1.8899999999999997,2580.4142437867595,8.696948085233146,3.8789693771624525,1.7163680610147731,83.01496154000138,0.0,0.0,5.783244946364939,0.0,0.0,4.794537184071822,0.0,0.0,60.6636706846161,0.0,11.126902983393991,0.0,4.794537184071822,5.783244946364939,0.0,0.0,0.0,71.7905736680101,0.0,0.0,0.0,0.0,0.0,5.783244946364939,0.0,15.921440167465814,60.6636706846161,0.0,0.0,17.07,0.0,4.794537184071822,5.783244946364939,0.0,11.126902983393991,0.0,0.0,60.6636706846161,0.0,0.0,0.0,0.0,11.846296296296297,0.0,1.4698148148148151,0.07518518518518569,18.608703703703704,0.0,0.0,0.0,0.0,14,0,1,0,0,0,2,0,2,1,0,1,2,2,2.917600000000001,56.316500000000026,0,0,1,1,0,0,0,0,0,0,2,0,0,0,1,0,0,0,Alc3,OC(CC1=CC=CC=C1)C2=CC=C(C3=CC=CC=C3)C=C2,10.335407533383725,-0.46090429999160243,10.335407533383725,0.46090429999160243,0.7351163069128532,274.363,256.21899999999994,274.135765196,104,0.08298875307923671,-0.388072037808165,0.388072037808165,0.08298875307923671,0.6190476190476191,1.1428571428571428,1.7619047619047619,16.266083292964606,9.982653573837602,2.0818451903734125,-2.1170537852257123,2.231560758845956,-2.009876154068321,5.629945446690994,0.17824227821530972,1.7483318000385286,672.0487817325015,14.493353063746348,11.814574414530895,11.814574414530895,10.326499840494922,7.2014101154909484,7.2014101154909484,5.193554352538573,5.193554352538573,3.674455551106933,3.674455551106933,2.483526521520132,2.483526521520132,-2.379999999999999,104293.42426850586,13.596094137037953,6.379998762558589,3.3882865583782404,125.06970951261428,5.106527394840706,0.0,0.0,0.0,0.0,0.0,0.0,84.92913895846256,22.253805966787983,6.4208216229260096,6.103966387748303,5.106527394840706,0.0,12.524788010674312,0.0,96.05604194185656,11.126902983393991,0.0,0.0,0.0,5.106527394840706,6.4208216229260096,0.0,17.230869371142294,84.92913895846256,11.126902983393991,20.23,6.103966387748303,5.106527394840706,0.0,6.4208216229260096,11.126902983393991,11.126902983393991,0.0,60.6636706846161,24.26546827384644,0.0,0.0,0.0,0.0,10.335407533383725,4.475491082490542,0.0,28.505636982933158,0.1834644011925748,0.0,0.0,0.1,21,1,1,0,0,3,0,3,1,1,1,4,3,4.629700000000004,86.98380000000003,1,1,0,0,0,3,0,0,0,0,0,0
PC4,O=C(C1=CC=CC=C1)C2=CC=CC=C2,11.846296296296297,0.07518518518518569,11.846296296296297,0.07518518518518569,0.6524732866647586,182.222,172.14199999999997,182.07316494,68,0.1925196653354077,-0.2886159649049109,0.2886159649049109,0.1925196653354077,0.6428571428571429,1.0,1.3571428571428572,16.138265180166254,10.039466370350809,2.0556401157605753,-1.9882943090672243,2.0786317814185327,-1.9925035301173148,6.0836813168745945,0.10340472792903835,2.348637604509715,376.003255415297,9.803118619434356,7.681750982360123,7.681750982360123,6.877010097711745,4.525491350277851,4.525491350277851,3.0611749528008096,3.0611749528008096,2.071955531687609,2.071955531687609,1.3457218019266357,1.3457218019266357,-1.8899999999999997,2580.4142437867595,8.696948085233146,3.8789693771624525,1.7163680610147731,83.01496154000138,0.0,0.0,5.783244946364939,0.0,0.0,4.794537184071822,0.0,0.0,60.6636706846161,0.0,11.126902983393991,0.0,4.794537184071822,5.783244946364939,0.0,0.0,0.0,71.7905736680101,0.0,0.0,0.0,0.0,0.0,5.783244946364939,0.0,15.921440167465814,60.6636706846161,0.0,0.0,17.07,0.0,4.794537184071822,5.783244946364939,0.0,11.126902983393991,0.0,0.0,60.6636706846161,0.0,0.0,0.0,0.0,11.846296296296297,0.0,1.4698148148148151,0.07518518518518569,18.608703703703704,0.0,0.0,0.0,0.0,14,0,1,0,0,0,2,0,2,1,0,1,2,2,2.917600000000001,56.316500000000026,0,0,1,1,0,0,0,0,0,0,2,0,0,0,1,0,0,0,Alc4,OC(CC1=CC=CC=C1)C2=CC=C(C)C=C2,10.064839380196524,-0.41388888888888964,10.064839380196524,0.41388888888888964,0.827496933605173,212.29199999999997,196.16399999999996,212.120115132,82,0.0829883747658443,-0.38807204092055403,0.38807204092055403,0.0829883747658443,0.9375,1.5625,2.1875,16.266078389325447,10.006289195538882,2.069742142147314,-2.1072106640509842,2.1789660783789326,-2.009250363373895,5.250301887094522,0.17821400361845985,2.085070944860585,430.75194762320365,11.380468888623982,9.427823068582764,9.427823068582764,7.7540201954234895,5.54072651296799,5.54072651296799,4.116204083348947,4.116204083348947,2.7339998160916257,2.7339998160916257,1.7438068228410388,1.7438068228410388,-1.5999999999999996,5689.016293492532,10.902614268848035,4.950941945405614,2.7067723730180067,96.37755742094683,5.106527394840706,0.0,0.0,0.0,0.0,0.0,0.0,60.160755107851486,18.050640183084617,6.4208216229260096,6.103966387748303,5.106527394840706,0.0,19.448525210364934,0.0,71.28765809124549,0.0,0.0,0.0,0.0,5.106527394840706,6.4208216229260096,6.923737199690624,22.79432086283929,54.59730361615449,0.0,20.23,6.103966387748303,5.106527394840706,0.0,6.4208216229260096,11.126902983393991,5.563451491696996,0.0,61.52104081584511,0.0,0.0,0.0,0.0,0.0,10.064839380196524,3.3617492336440753,0.0,18.10113200218359,0.25664777021919793,2.048964947089947,0.0,0.2,16,1,1,0,0,2,0,2,1,1,1,3,2,3.2711200000000016,66.28480000000003,1,1,0,0,1,2,0,0,0,0,0,4
PC4,O=C(C1=CC=CC=C1)C2=CC=CC=C2,11.846296296296297,0.07518518518518569,11.846296296296297,0.07518518518518569,0.6524732866647586,182.222,172.14199999999997,182.07316494,68,0.1925196653354077,-0.2886159649049109,0.2886159649049109,0.1925196653354077,0.6428571428571429,1.0,1.3571428571428572,16.138265180166254,10.039466370350809,2.0556401157605753,-1.9882943090672243,2.0786317814185327,-1.9925035301173148,6.0836813168745945,0.10340472792903835,2.348637604509715,376.003255415297,9.803118619434356,7.681750982360123,7.681750982360123,6.877010097711745,4.525491350277851,4.525491350277851,3.0611749528008096,3.0611749528008096,2.071955531687609,2.071955531687609,1.3457218019266357,1.3457218019266357,-1.8899999999999997,2580.4142437867595,8.696948085233146,3.8789693771624525,1.7163680610147731,83.01496154000138,0.0,0.0,5.783244946364939,0.0,0.0,4.794537184071822,0.0,0.0,60.6636706846161,0.0,11.126902983393991,0.0,4.794537184071822,5.783244946364939,0.0,0.0,0.0,71.7905736680101,0.0,0.0,0.0,0.0,0.0,5.783244946364939,0.0,15.921440167465814,60.6636706846161,0.0,0.0,17.07,0.0,4.794537184071822,5.783244946364939,0.0,11.126902983393991,0.0,0.0,60.6636706846161,0.0,0.0,0.0,0.0,11.846296296296297,0.0,1.4698148148148151,0.07518518518518569,18.608703703703704,0.0,0.0,0.0,0.0,14,0,1,0,0,0,2,0,2,1,0,1,2,2,2.917600000000001,56.316500000000026,0,0,1,1,0,0,0,0,0,0,2,0,0,0,1,0,0,0,Alc5,OC(CC1=CC=CC=C1)C2=CC=C(OC)C=C2,10.096727135298565,-0.4691609977324269,10.096727135298565,0.4691609977324269,0.8713621378125769,228.29099999999997,212.16299999999995,228.115029752,88,0.1183810048644517,-0.4967681917897237,0.4967681917897237,0.1183810048644517,1.0,1.6470588235294117,2.235294117647059,16.465293963471616,10.014481763052645,2.0766339002525425,-2.1114630586776655,2.2033628169898027,-2.0103111679180383,5.291757736922201,0.17813111737507337,2.062926536206509,448.10785282653126,12.08757566981053,9.836071359046628,9.836071359046628,8.292024997884274,5.653098948663784,5.653098948663784,3.9786802197867686,3.9786802197867686,2.772451506641763,2.772451506641763,1.7812643014063039,1.7812643014063039,-1.7999999999999998,10090.555572179177,11.678585581466239,5.50509077963688,3.0789697570071675,101.49110265045373,9.843390348640755,5.749511833283905,0.0,0.0,0.0,0.0,0.0,42.46456947923127,23.259637120317212,6.4208216229260096,13.213763929025836,9.843390348640755,0.0,12.524788010674312,7.109797541277533,65.72420659954848,5.749511833283905,4.736862953800049,5.749511833283905,0.0,12.216324936118239,6.4208216229260096,0.0,17.230869371142294,54.59730361615449,0.0,29.46,6.103966387748303,5.106527394840706,0.0,6.4208216229260096,16.876414816677897,0.0,7.109797541277533,54.59730361615449,0.0,4.736862953800049,5.085560668137779,0.0,0.0,10.096727135298565,2.0467325155370792,0.8061676954732513,17.500864937598344,0.16295091647770144,0.0,1.6343294648106155,0.2,17,1,2,0,0,2,0,2,2,1,2,4,2,2.971300000000001,68.09980000000004,1,1,0,0,0,2,0,0,1,1,0,39
PC4,O=C(C1=CC=CC=C1)C2=CC=CC=C2,11.846296296296297,0.07518518518518569,11.846296296296297,0.07518518518518569,0.6524732866647586,182.222,172.14199999999997,182.07316494,68,0.1925196653354077,-0.2886159649049109,0.2886159649049109,0.1925196653354077,0.6428571428571429,1.0,1.3571428571428572,16.138265180166254,10.039466370350809,2.0556401157605753,-1.9882943090672243,2.0786317814185327,-1.9925035301173148,6.0836813168745945,0.10340472792903835,2.348637604509715,376.003255415297,9.803118619434356,7.681750982360123,7.681750982360123,6.877010097711745,4.525491350277851,4.525491350277851,3.0611749528008096,3.0611749528008096,2.071955531687609,2.071955531687609,1.3457218019266357,1.3457218019266357,-1.8899999999999997,2580.4142437867595,8.696948085233146,3.8789693771624525,1.7163680610147731,83.01496154000138,0.0,0.0,5.783244946364939,0.0,0.0,4.794537184071822,0.0,0.0,60.6636706846161,0.0,11.126902983393991,0.0,4.794537184071822,5.783244946364939,0.0,0.0,0.0,71.7905736680101,0.0,0.0,0.0,0.0,0.0,5.783244946364939,0.0,15.921440167465814,60.6636706846161,0.0,0.0,17.07,0.0,4.794537184071822,5.783244946364939,0.0,11.126902983393991,0.0,0.0,60.6636706846161,0.0,0.0,0.0,0.0,11.846296296296297,0.0,1.4698148148148151,0.07518518518518569,18.608703703703704,0.0,0.0,0.0,0.0,14,0,1,0,0,0,2,0,2,1,0,1,2,2,2.917600000000001,56.316500000000026,0,0,1,1,0,0,0,0,0,0,2,0,0,0,1,0,0,0,Alc6,OC(CC1=CC=CC=C1)C2=CC=C(OC)C(OC)=C2,10.261137566137567,-0.5535128495842787,10.261137566137567,0.5535128495842787,0.8956990875329504,258.31699999999995,240.17299999999994,258.12559443600003,100,0.16058453750747206,-0.4928699503057866,0.4928699503057866,0.16058453750747206,0.9473684210526315,1.631578947368421,2.263157894736842,16.507840676524992,10.009678695325208,2.1172434065020065,-2.139118621146542,2.3039729637253057,-2.023299718872896,5.433081291348095,0.17759935416267483,2.170628055604028,522.7721843403044,13.664925939000156,11.166969380320865,11.166969380320865,9.240713402868018,6.182138051026246,6.182138051026246,4.319941212142852,4.319941212142852,3.0642462362819742,3.0642462362819742,2.0152864579650367,2.0152864579650367,-2.0,25290.518080230475,13.432098765432098,6.25,3.263267429760666,112.96958999435721,14.580253302440804,0.0,11.49902366656781,0.0,0.0,0.0,0.0,36.39820241076966,23.259637120317212,6.4208216229260096,20.323561470303368,14.580253302440804,0.0,12.524788010674312,14.219595082555067,59.65783953108687,11.49902366656781,9.473725907600098,11.49902366656781,0.0,19.32612247739577,6.4208216229260096,0.0,17.230869371142294,48.53093654769288,0.0,38.69,6.103966387748303,5.106527394840706,0.0,17.919845289493818,11.126902983393991,0.0,14.219595082555067,48.53093654769288,0.0,9.473725907600098,10.423739523013062,0.0,0.0,10.261137566137567,1.922488845846981,1.296548878810784,15.3862476431497,0.0261727607709743,0.0,3.1836647822709327,0.25,19,1,3,0,0,2,0,2,3,1,3,5,2,2.9799000000000015,74.65180000000005,1,1,0,0,0,2,0,0,2,2,0,73
PC4,O=C(C1=CC=CC=C1)C2=CC=CC=C2,11.846296296296297,0.07518518518518569,11.846296296296297,0.07518518518518569,0.6524732866647586,182.222,172.14199999999997,182.07316494,68,0.1925196653354077,-0.2886159649049109,0.2886159649049109,0.1925196653354077,0.6428571428571429,1.0,1.3571428571428572,16.138265180166254,10.039466370350809,2.0556401157605753,-1.9882943090672243,2.0786317814185327,-1.9925035301173148,6.0836813168745945,0.10340472792903835,2.348637604509715,376.003255415297,9.803118619434356,7.681750982360123,7.681750982360123,6.877010097711745,4.525491350277851,4.525491350277851,3.0611749528008096,3.0611749528008096,2.071955531687609,2.071955531687609,1.3457218019266357,1.3457218019266357,-1.8899999999999997,2580.4142437867595,8.696948085233146,3.8789693771624525,1.7163680610147731,83.01496154000138,0.0,0.0,5.783244946364939,0.0,0.0,4.794537184071822,0.0,0.0,60.6636706846161,0.0,11.126902983393991,0.0,4.794537184071822,5.783244946364939,0.0,0.0,0.0,71.7905736680101,0.0,0.0,0.0,0.0,0.0,5.783244946364939,0.0,15.921440167465814,60.6636706846161,0.0,0.0,17.07,0.0,4.794537184071822,5.783244946364939,0.0,11.126902983393991,0.0,0.0,60.6636706846161,0.0,0.0,0.0,0.0,11.846296296296297,0.0,1.4698148148148151,0.07518518518518569,18.608703703703704,0.0,0.0,0.0,0.0,14,0,1,0,0,0,2,0,2,1,0,1,2,2,2.917600000000001,56.316500000000026,0,0,1,1,0,0,0,0,0,0,2,0,0,0,1,0,0,0,Alc7,OC(CC1=CC=CC=C1)C2=C(OC)C=CC=C2OC,10.43783635676493,-0.6587962962962965,10.43783635676493,0.5253703703703706,0.8956990875329504,258.31699999999995,240.17299999999994,258.12559443600003,100,0.12790209537997485,-0.49622875863680643,0.49622875863680643,0.12790209537997485,0.8947368421052632,1.4736842105263157,2.0,16.477976847424276,9.995068210762046,2.1838950809298114,-2.1766985532877468,2.348905965119941,-2.0598899020398505,5.4636733049682915,0.16908465638196046,2.2969656304417856,500.52218434030453,13.664925939000156,11.166969380320865,11.166969380320865,9.257550155273625,6.1881211151699524,6.1881211151699524,4.281728869170134,4.281728869170134,3.0710430404017512,3.0710430404017512,2.147725380294945,2.147725380294945,-1.9999999999999998,25369.482589932766,13.432098765432098,6.25,3.0625,112.9695899943572,14.580253302440804,11.49902366656781,0.0,0.0,0.0,0.0,0.0,36.39820241076966,17.696185628620217,6.4208216229260096,25.887012962000366,14.580253302440804,0.0,12.524788010674312,14.219595082555067,59.65783953108687,11.49902366656781,9.473725907600098,11.49902366656781,0.0,19.32612247739577,6.4208216229260096,0.0,17.230869371142294,48.53093654769288,0.0,38.69,6.103966387748303,5.106527394840706,0.0,23.483296781190813,5.563451491696996,0.0,14.219595082555067,48.53093654769288,0.0,9.473725907600098,10.613328609221465,0.0,0.0,10.43783635676493,1.7632520786092218,1.2829280045351479,15.354512471655326,-0.13342592592592595,0.0,3.1815684051398336,0.25,19,1,3,0,0,2,0,2,3,1,3,5,2,2.9799000000000015,74.65180000000005,1,1,0,0,0,2,0,0,2,2,0,3
PC4,O=C(C1=CC=CC=C1)C2=CC=CC=C2,11.846296296296297,0.07518518518518569,11.846296296296297,0.07518518518518569,0.6524732866647586,182.222,172.14199999999997,182.07316494,68,0.1925196653354077,-0.2886159649049109,0.2886159649049109,0.1925196653354077,0.6428571428571429,1.0,1.3571428571428572,16.138265180166254,10.039466370350809,2.0556401157605753,-1.9882943090672243,2.0786317814185327,-1.9925035301173148,6.0836813168745945,0.10340472792903835,2.348637604509715,376.003255415297,9.803118619434356,7.681750982360123,7.681750982360123,6.877010097711745,4.525491350277851,4.525491350277851,3.0611749528008096,3.0611749528008096,2.071955531687609,2.071955531687609,1.3457218019266357,1.3457218019266357,-1.8899999999999997,2580.4142437867595,8.696948085233146,3.8789693771624525,1.7163680610147731,83.01496154000138,0.0,0.0,5.783244946364939,0.0,0.0,4.794537184071822,0.0,0.0,60.6636706846161,0.0,11.126902983393991,0.0,4.794537184071822,5.783244946364939,0.0,0.0,0.0,71.7905736680101,0.0,0.0,0.0,0.0,0.0,5.783244946364939,0.0,15.921440167465814,60.6636706846161,0.0,0.0,17.07,0.0,4.794537184071822,5.783244946364939,0.0,11.126902983393991,0.0,0.0,60.6636706846161,0.0,0.0,0.0,0.0,11.846296296296297,0.0,1.4698148148148151,0.07518518518518569,18.608703703703704,0.0,0.0,0.0,0.0,14,0,1,0,0,0,2,0,2,1,0,1,2,2,2.917600000000001,56.316500000000026,0,0,1,1,0,0,0,0,0,0,2,0,0,0,1,0,0,0,Alc8,OC(CC1=CC=CC=C1)(C)C2=CC=C(OC)C=C2,10.562004913076343,-0.8674357520786091,10.562004913076343,0.5973896919879061,0.8921056666605938,242.31799999999996,224.17399999999995,242.130679816,94,0.11838137186134988,-0.4967681887289843,0.4967681887289843,0.11838137186134988,1.0,1.6111111111111112,2.1666666666666665,16.465304335878308,9.889503760970026,2.22797150875665,-2.2385349345184125,2.2631394577439528,-2.2362172676827443,5.316379902260567,0.057569130157961716,2.1884279567800498,486.2652269194349,13.010225400620904,10.758721089857001,10.758721089857001,8.615321630085539,6.025136822201199,6.025136822201199,4.664730960695685,4.664730960695685,3.103088053135465,3.103088053135465,2.045469160275508,2.045469160275508,-1.7999999999999998,13287.836301449152,12.651595457003785,5.233467659312888,2.90182022893601,107.85604476485034,9.843390348640755,5.749511833283905,0.0,0.0,0.0,0.0,0.0,42.46456947923127,30.183374320007832,6.4208216229260096,12.710848352261221,9.843390348640755,0.0,18.94560963360032,7.109797541277533,65.72420659954848,5.749511833283905,4.736862953800049,5.749511833283905,0.0,12.216324936118239,12.021872433909698,0.0,18.050640183084614,54.59730361615449,0.0,29.46,5.601050810983688,5.106527394840706,0.0,6.4208216229260096,16.876414816677897,0.0,7.109797541277533,61.52104081584511,0.0,4.736862953800049,5.118487727850552,0.0,0.0,10.562004913076343,1.1515189856806924,0.8002417695473254,17.549198270931676,0.5973896919879061,1.8351284958427816,1.6360301450827244,0.25,18,1,2,0,0,2,0,2,2,1,2,4,2,3.1454000000000013,72.71080000000005,1,0,0,0,0,2,0,0,1,1,0,0
PC4,O=C(C1=CC=CC=C1)C2=CC=CC=C2,11.846296296296297,0.07518518518518569,11.846296296296297,0.07518518518518569,0.6524732866647586,182.222,172.14199999999997,182.07316494,68,0.1925196653354077,-0.2886159649049109,0.2886159649049109,0.1925196653354077,0.6428571428571429,1.0,1.3571428571428572,16.138265180166254,10.039466370350809,2.0556401157605753,-1.9882943090672243,2.0786317814185327,-1.9925035301173148,6.0836813168745945,0.10340472792903835,2.348637604509715,376.003255415297,9.803118619434356,7.681750982360123,7.681750982360123,6.877010097711745,4.525491350277851,4.525491350277851,3.0611749528008096,3.0611749528008096,2.071955531687609,2.071955531687609,1.3457218019266357,1.3457218019266357,-1.8899999999999997,2580.4142437867595,8.696948085233146,3.8789693771624525,1.7163680610147731,83.01496154000138,0.0,0.0,5.783244946364939,0.0,0.0,4.794537184071822,0.0,0.0,60.6636706846161,0.0,11.126902983393991,0.0,4.794537184071822,5.783244946364939,0.0,0.0,0.0,71.7905736680101,0.0,0.0,0.0,0.0,0.0,5.783244946364939,0.0,15.921440167465814,60.6636706846161,0.0,0.0,17.07,0.0,4.794537184071822,5.783244946364939,0.0,11.126902983393991,0.0,0.0,60.6636706846161,0.0,0.0,0.0,0.0,11.846296296296297,0.0,1.4698148148148151,0.07518518518518569,18.608703703703704,0.0,0.0,0.0,0.0,14,0,1,0,0,0,2,0,2,1,0,1,2,2,2.917600000000001,56.316500000000026,0,0,1,1,0,0,0,0,0,0,2,0,0,0,1,0,0,0,Alc9,OC(CC1=CC=CC=C1)(C)C2=CC(OC)=C(OC)C=C2,10.726415343915345,-0.9574357520786094,10.726415343915345,0.5449633881330308,0.9083721892957952,272.34399999999994,252.18399999999994,272.1412445,106,0.16059535666137958,-0.4928699470920177,0.4928699470920177,0.16059535666137958,0.95,1.6,2.2,16.507863905067826,9.886714685339358,2.2446519921947496,-2.246767402855474,2.332200446601139,-2.238535516915506,5.443974299613938,0.05730381851548327,2.2900575453340792,561.7027291484295,14.58757566981053,12.089619111131238,12.089619111131238,9.564010035069282,6.554175924563661,6.554175924563661,5.005991953051767,5.005991953051767,3.3966099446226505,3.3966099446226505,2.2666261378643466,2.2666261378643466,-2.0,33330.10718164373,14.409972299168976,5.969821673525377,3.114186851211073,119.3345321087538,14.580253302440804,0.0,11.49902366656781,0.0,0.0,0.0,0.0,36.39820241076966,30.183374320007832,6.4208216229260096,19.820645893538753,14.580253302440804,0.0,18.94560963360032,14.219595082555067,59.65783953108687,11.49902366656781,9.473725907600098,11.49902366656781,0.0,19.32612247739577,12.021872433909698,0.0,18.050640183084614,48.53093654769288,0.0,38.69,5.601050810983688,5.106527394840706,0.0,17.919845289493818,11.126902983393991,0.0,21.14333228224569,48.53093654769288,0.0,9.473725907600098,10.501666582725836,0.0,0.0,10.726415343915345,0.937275315990594,1.2824979528848581,15.429372643149698,0.5449633881330308,1.8067951625094483,3.187680277357857,0.29411764705882354,20,1,3,0,0,2,0,2,3,1,3,5,2,3.1540000000000017,79.26280000000006,1,0,0,0,0,2,0,0,2,2,0,40
PC4,O=C(C1=CC=CC=C1)C2=CC=CC=C2,11.846296296296297,0.07518518518518569,11.846296296296297,0.07518518518518569,0.6524732866647586,182.222,172.14199999999997,182.07316494,68,0.1925196653354077,-0.2886159649049109,0.2886159649049109,0.1925196653354077,0.6428571428571429,1.0,1.3571428571428572,16.138265180166254,10.039466370350809,2.0556401157605753,-1.9882943090672243,2.0786317814185327,-1.9925035301173148,6.0836813168745945,0.10340472792903835,2.348637604509715,376.003255415297,9.803118619434356,7.681750982360123,7.681750982360123,6.877010097711745,4.525491350277851,4.525491350277851,3.0611749528008096,3.0611749528008096,2.071955531687609,2.071955531687609,1.3457218019266357,1.3457218019266357,-1.8899999999999997,2580.4142437867595,8.696948085233146,3.8789693771624525,1.7163680610147731,83.01496154000138,0.0,0.0,5.783244946364939,0.0,0.0,4.794537184071822,0.0,0.0,60.6636706846161,0.0,11.126902983393991,0.0,4.794537184071822,5.783244946364939,0.0,0.0,0.0,71.7905736680101,0.0,0.0,0.0,0.0,0.0,5.783244946364939,0.0,15.921440167465814,60.6636706846161,0.0,0.0,17.07,0.0,4.794537184071822,5.783244946364939,0.0,11.126902983393991,0.0,0.0,60.6636706846161,0.0,0.0,0.0,0.0,11.846296296296297,0.0,1.4698148148148151,0.07518518518518569,18.608703703703704,0.0,0.0,0.0,0.0,14,0,1,0,0,0,2,0,2,1,0,1,2,2,2.917600000000001,56.316500000000026,0,0,1,1,0,0,0,0,0,0,2,0,0,0,1,0,0,0,Alc10,OC(CC1=CC=CC=C1)C2=CC=CS2,9.873253023431594,-0.363518518518519,9.873253023431594,0.363518518518519,0.8144390837938148,204.29399999999998,192.19799999999998,204.060886004,72,0.09216528017574561,-0.3872321395951382,0.3872321395951382,0.09216528017574561,1.0714285714285714,1.8571428571428572,2.5,32.13347351704487,10.076452642388125,2.0789213690058697,-2.072307396572147,2.2167942612728524,-1.9832437646643386,7.095204082273813,0.18207119399780475,2.0553179911767563,366.484957172308,9.803118619434356,7.758721089857002,8.575217670784728,6.860173345306137,4.614527514810998,5.4941803260658935,3.2209400579704255,4.200212366132882,2.1434838152946787,3.117025631515786,1.418819851357115,2.130640812291436,-1.1199999999999999,3066.3242502334906,9.435606308498535,4.39885050222963,2.218442359688379,87.65297857696171,5.106527394840706,0.0,0.0,0.0,0.0,0.0,11.336785877934737,36.39820241076966,17.00988133062452,11.297968816627309,6.103966387748303,5.106527394840706,11.336785877934737,12.524788010674312,0.0,58.28523093509548,0.0,0.0,0.0,11.336785877934737,5.106527394840706,6.4208216229260096,0.0,16.5445650731466,47.844632249697185,0.0,20.23,0.0,5.106527394840706,6.103966387748303,6.4208216229260096,4.877147193701299,5.563451491696996,11.336785877934737,47.844632249697185,0.0,0.0,0.0,1.6002690381708238,1.0359750566893426,11.862882653061224,1.1744444444444446,0.0,13.994160289115648,0.3322685185185179,0.0,0.0,0.16666666666666666,14,1,1,0,0,1,1,2,2,1,2,3,2,3.0242000000000013,59.42480000000003,1,1,0,0,0,1,0,0,0,0,1,0
PC4,O=C(C1=CC=CC=C1)C2=CC=CC=C2,11.846296296296297,0.07518518518518569,11.846296296296297,0.07518518518518569,0.6524732866647586,182.222,172.14199999999997,182.07316494,68,0.1925196653354077,-0.2886159649049109,0.2886159649049109,0.1925196653354077,0.6428571428571429,1.0,1.3571428571428572,16.138265180166254,10.039466370350809,2.0556401157605753,-1.9882943090672243,2.0786317814185327,-1.9925035301173148,6.0836813168745945,0.10340472792903835,2.348637604509715,376.003255415297,9.803118619434356,7.681750982360123,7.681750982360123,6.877010097711745,4.525491350277851,4.525491350277851,3.0611749528008096,3.0611749528008096,2.071955531687609,2.071955531687609,1.3457218019266357,1.3457218019266357,-1.8899999999999997,2580.4142437867595,8.696948085233146,3.8789693771624525,1.7163680610147731,83.01496154000138,0.0,0.0,5.783244946364939,0.0,0.0,4.794537184071822,0.0,0.0,60.6636706846161,0.0,11.126902983393991,0.0,4.794537184071822,5.783244946364939,0.0,0.0,0.0,71.7905736680101,0.0,0.0,0.0,0.0,0.0,5.783244946364939,0.0,15.921440167465814,60.6636706846161,0.0,0.0,17.07,0.0,4.794537184071822,5.783244946364939,0.0,11.126902983393991,0.0,0.0,60.6636706846161,0.0,0.0,0.0,0.0,11.846296296296297,0.0,1.4698148148148151,0.07518518518518569,18.608703703703704,0.0,0.0,0.0,0.0,14,0,1,0,0,0,2,0,2,1,0,1,2,2,2.917600000000001,56.316500000000026,0,0,1,1,0,0,0,0,0,0,2,0,0,0,1,0,0,0,Alc11,OC(CC1=CC=CC=C1)C2=CC=C3C(C=CC=C3)=C2,10.333416477702194,-0.45184618291761214,10.333416477702194,0.45184618291761214,0.7390124361646712,248.325,232.19699999999995,248.120115132,94,0.08300986627191954,-0.3880716629573365,0.3880716629573365,0.08300986627191954,0.7368421052631579,1.4210526315789473,2.210526315789474,16.266084676889072,9.986417291736672,2.0837478242584777,-2.1170473119725113,2.22495003462181,-2.010327051240819,5.8258821301024994,0.17837975584231427,1.8694641546477884,673.3497852752665,13.079139501373252,10.659873876151643,10.659873876151643,9.326499840494922,6.534743448824282,6.534743448824282,4.812108496772772,4.812108496772772,3.4301714223830455,3.4301714223830455,2.370271692755298,2.370271692755298,-2.119999999999999,36765.486524452244,11.941790792875613,5.2496193822875306,2.665278690398365,112.69427983828544,5.106527394840706,0.0,0.0,0.0,0.0,0.0,0.0,66.73003775307771,27.965718480785192,6.4208216229260096,6.103966387748303,5.106527394840706,10.772448428929591,12.524788010674312,0.0,83.92330780493333,0.0,0.0,0.0,0.0,5.106527394840706,6.4208216229260096,0.0,17.230869371142294,72.79640482153933,10.772448428929591,20.23,6.103966387748303,5.106527394840706,0.0,6.4208216229260096,11.126902983393991,10.772448428929591,0.0,48.53093654769288,24.26546827384644,0.0,0.0,0.0,0.0,12.713298689846312,2.1302885907449403,0.0,24.456294380406483,0.20011833900226683,0.0,0.0,0.1111111111111111,19,1,1,0,0,3,0,3,1,1,1,3,3,4.1159000000000034,79.05380000000005,1,1,0,0,0,3,1,0,0,0,0,0
PC4,O=C(C1=CC=CC=C1)C2=CC=CC=C2,11.846296296296297,0.07518518518518569,11.846296296296297,0.07518518518518569,0.6524732866647586,182.222,172.14199999999997,182.07316494,68,0.1925196653354077,-0.2886159649049109,0.2886159649049109,0.1925196653354077,0.6428571428571429,1.0,1.3571428571428572,16.138265180166254,10.039466370350809,2.0556401157605753,-1.9882943090672243,2.0786317814185327,-1.9925035301173148,6.0836813168745945,0.10340472792903835,2.348637604509715,376.003255415297,9.803118619434356,7.681750982360123,7.681750982360123,6.877010097711745,4.525491350277851,4.525491350277851,3.0611749528008096,3.0611749528008096,2.071955531687609,2.071955531687609,1.3457218019266357,1.3457218019266357,-1.8899999999999997,2580.4142437867595,8.696948085233146,3.8789693771624525,1.7163680610147731,83.01496154000138,0.0,0.0,5.783244946364939,0.0,0.0,4.794537184071822,0.0,0.0,60.6636706846161,0.0,11.126902983393991,0.0,4.794537184071822,5.783244946364939,0.0,0.0,0.0,71.7905736680101,0.0,0.0,0.0,0.0,0.0,5.783244946364939,0.0,15.921440167465814,60.6636706846161,0.0,0.0,17.07,0.0,4.794537184071822,5.783244946364939,0.0,11.126902983393991,0.0,0.0,60.6636706846161,0.0,0.0,0.0,0.0,11.846296296296297,0.0,1.4698148148148151,0.07518518518518569,18.608703703703704,0.0,0.0,0.0,0.0,14,0,1,0,0,0,2,0,2,1,0,1,2,2,2.917600000000001,56.316500000000026,0,0,1,1,0,0,0,0,0,0,2,0,0,0,1,0,0,0,Alc12,OC(CC1=CC=CC=C1)C2=C3C(C=CC=C3)=CC=C2,10.471969009826154,-0.4643518518518521,10.471969009826154,0.4643518518518521,0.7390124361646712,248.325,232.19699999999995,248.120115132,94,0.08358696226666694,-0.38804892064838004,0.38804892064838004,0.08358696226666694,0.7368421052631579,1.4210526315789473,2.263157894736842,16.266124497202814,9.961087361988065,2.108514386470234,-2.1353412666234526,2.259726004252622,-2.01936407132354,5.854953122949918,0.17978572251943617,1.955927549052766,668.0997852752665,13.079139501373252,10.659873876151643,10.659873876151643,9.34333659290053,6.540726512967988,6.540726512967988,4.773896153800053,4.773896153800053,3.454236172267494,3.454236172267494,2.4883469055147316,2.4883469055147316,-2.119999999999999,37234.02225887323,11.941790792875613,5.2496193822875306,2.5146438115478507,112.69427983828544,5.106527394840706,0.0,0.0,0.0,0.0,0.0,0.0,72.79640482153933,21.899351412323583,6.4208216229260096,6.103966387748303,5.106527394840706,10.772448428929591,12.524788010674312,0.0,83.92330780493333,0.0,0.0,0.0,0.0,5.106527394840706,6.4208216229260096,0.0,17.230869371142294,72.79640482153933,10.772448428929591,20.23,6.103966387748303,5.106527394840706,0.0,6.4208216229260096,16.513127197858786,5.386224214464796,0.0,54.59730361615449,18.19910120538483,0.0,0.0,0.0,0.0,12.778027158394224,2.157303004535148,0.0,24.381355400184763,0.18331443688586524,0.0,0.0,0.1111111111111111,19,1,1,0,0,3,0,3,1,1,1,3,3,4.1159000000000034,79.05380000000005,1,1,0,0,0,3,1,0,0,0,0,0
PC4,O=C(C1=CC=CC=C1)C2=CC=CC=C2,11.846296296296297,0.07518518518518569,11.846296296296297,0.07518518518518569,0.6524732866647586,182.222,172.14199999999997,182.07316494,68,0.1925196653354077,-0.2886159649049109,0.2886159649049109,0.1925196653354077,0.6428571428571429,1.0,1.3571428571428572,16.138265180166254,10.039466370350809,2.0556401157605753,-1.9882943090672243,2.0786317814185327,-1.9925035301173148,6.0836813168745945,0.10340472792903835,2.348637604509715,376.003255415297,9.803118619434356,7.681750982360123,7.681750982360123,6.877010097711745,4.525491350277851,4.525491350277851,3.0611749528008096,3.0611749528008096,2.071955531687609,2.071955531687609,1.3457218019266357,1.3457218019266357,-1.8899999999999997,2580.4142437867595,8.696948085233146,3.8789693771624525,1.7163680610147731,83.01496154000138,0.0,0.0,5.783244946364939,0.0,0.0,4.794537184071822,0.0,0.0,60.6636706846161,0.0,11.126902983393991,0.0,4.794537184071822,5.783244946364939,0.0,0.0,0.0,71.7905736680101,0.0,0.0,0.0,0.0,0.0,5.783244946364939,0.0,15.921440167465814,60.6636706846161,0.0,0.0,17.07,0.0,4.794537184071822,5.783244946364939,0.0,11.126902983393991,0.0,0.0,60.6636706846161,0.0,0.0,0.0,0.0,11.846296296296297,0.0,1.4698148148148151,0.07518518518518569,18.608703703703704,0.0,0.0,0.0,0.0,14,0,1,0,0,0,2,0,2,1,0,1,2,2,2.917600000000001,56.316500000000026,0,0,1,1,0,0,0,0,0,0,2,0,0,0,1,0,0,0,Alc13,OC(CC1=CC=CC=C1)C2=CC(OCO3)=C3C=C2,10.20884164777022,-0.5260185185185189,10.20884164777022,0.25750711414807714,0.8989449432481046,242.27399999999994,228.16199999999995,242.094294308,92,0.23080037765931263,-0.45359546622627495,0.45359546622627495,0.23080037765931263,1.0,1.7777777777777777,2.611111111111111,16.69672242832603,10.010456757448827,2.1618380133670794,-2.1120797030123173,2.3423428663928165,-2.0110859698250523,5.447982471537591,0.171222170739647,1.7820126966370167,536.6899070467601,12.372032720186704,9.874076161507412,9.874076161507412,8.826499840494922,5.9429917392881455,5.9429917392881455,4.31821918647156,4.31821918647156,3.053275194816359,3.053275194816359,2.0756028645147335,2.0756028645147335,-1.9999999999999996,27276.075850448757,11.11111111111111,4.704,2.172635445362718,105.59881672643137,14.580253302440804,0.0,11.49902366656781,6.792942306099827,0.0,0.0,0.0,36.39820241076966,23.259637120317212,6.4208216229260096,6.103966387748303,14.580253302440804,0.0,12.524788010674312,6.792942306099827,59.65783953108687,11.49902366656781,9.473725907600098,11.49902366656781,0.0,11.899469700940532,6.4208216229260096,0.0,17.230869371142294,48.53093654769288,0.0,38.69,6.103966387748303,5.106527394840706,6.792942306099827,12.170333456209914,16.876414816677897,0.0,0.0,48.53093654769288,0.0,9.473725907600098,10.55373952301306,0.0,0.0,10.20884164777022,1.9636758314436888,1.4493266565885616,15.495225553567005,0.0716836734693872,0.25750711414807714,0.0,0.2,18,1,3,1,1,2,0,2,3,1,3,3,3,2.6914000000000007,67.67080000000004,1,1,0,0,0,2,1,0,2,0,0,30
PC4,O=C(C1=CC=CC=C1)C2=CC=CC=C2,11.846296296296297,0.07518518518518569,11.846296296296297,0.07518518518518569,0.6524732866647586,182.222,172.14199999999997,182.07316494,68,0.1925196653354077,-0.2886159649049109,0.2886159649049109,0.1925196653354077,0.6428571428571429,1.0,1.3571428571428572,16.138265180166254,10.039466370350809,2.0556401157605753,-1.9882943090672243,2.0786317814185327,-1.9925035301173148,6.0836813168745945,0.10340472792903835,2.348637604509715,376.003255415297,9.803118619434356,7.681750982360123,7.681750982360123,6.877010097711745,4.525491350277851,4.525491350277851,3.0611749528008096,3.0611749528008096,2.071955531687609,2.071955531687609,1.3457218019266357,1.3457218019266357,-1.8899999999999997,2580.4142437867595,8.696948085233146,3.8789693771624525,1.7163680610147731,83.01496154000138,0.0,0.0,5.783244946364939,0.0,0.0,4.794537184071822,0.0,0.0,60.6636706846161,0.0,11.126902983393991,0.0,4.794537184071822,5.783244946364939,0.0,0.0,0.0,71.7905736680101,0.0,0.0,0.0,0.0,0.0,5.783244946364939,0.0,15.921440167465814,60.6636706846161,0.0,0.0,17.07,0.0,4.794537184071822,5.783244946364939,0.0,11.126902983393991,0.0,0.0,60.6636706846161,0.0,0.0,0.0,0.0,11.846296296296297,0.0,1.4698148148148151,0.07518518518518569,18.608703703703704,0.0,0.0,0.0,0.0,14,0,1,0,0,0,2,0,2,1,0,1,2,2,2.917600000000001,56.316500000000026,0,0,1,1,0,0,0,0,0,0,2,0,0,0,1,0,0,0,Alc14,OC(CC1=CC=CC=C1)C2=CC=C3C(OCCO3)=C2,10.279154147770221,-0.5294198790627365,10.279154147770221,0.5294198790627365,0.917331086007642,256.30099999999993,240.17299999999994,256.10994437200003,98,0.16122961165638874,-0.4861472727903348,0.4861472727903348,0.16122961165638874,0.9473684210526315,1.6842105263157894,2.473684210526316,16.562628442435113,10.008696216764893,2.1511380646401257,-2.1988672450591435,2.3280711304727224,-2.1537912220555357,5.441928645560842,0.1642102965101603,1.779518636946347,551.1754332522945,13.079139501373252,10.58118294269396,10.58118294269396,9.326499840494922,6.442991739288146,6.442991739288146,4.608616346737665,4.608616346737665,3.2228815431838655,3.2228815431838655,2.222419671269494,2.222419671269494,-1.9999999999999996,36765.486524452244,12.055401662049862,5.325443786982248,2.71280276816609,111.96375884082798,14.580253302440804,13.213763929025836,11.49902366656781,0.0,0.0,0.0,0.0,36.39820241076966,23.259637120317212,6.4208216229260096,6.103966387748303,14.580253302440804,0.0,12.524788010674312,13.213763929025836,59.65783953108687,11.49902366656781,9.473725907600098,11.49902366656781,0.0,18.32029132386654,6.4208216229260096,0.0,17.230869371142294,48.53093654769288,0.0,38.69,6.103966387748303,5.106527394840706,0.0,19.634585551951847,22.6259266499618,0.0,0.0,48.53093654769288,0.0,9.473725907600098,10.998183967457507,0.0,0.0,10.279154147770221,1.970363074242043,1.4701599899218951,15.570851127488034,0.06828231292516962,1.1430053801951348,0.0,0.25,19,1,3,1,1,2,0,2,3,1,3,3,3,2.733900000000001,72.53780000000005,1,1,0,0,0,2,1,0,2,0,0,2
PC5,O=C(C1=CC=C(Cl)C=C1)C2=CC=C(Cl)C=C2,11.982728647014362,-0.0339506172839501,11.982728647014362,0.0339506172839501,0.729885871692436,251.11200000000002,243.04799999999997,249.995220236,80,0.1925231330738677,-0.2886159357108952,0.2886159357108952,0.1925231330738677,0.6875,1.0,1.3125,35.49678330025942,10.038105614188524,2.075487364710682,-2.0084214052997518,2.1540081168737295,-1.9973966948980661,6.30767947675053,0.10340629756036136,2.3156276954086836,452.9607327512057,11.543605595440512,8.282979389999324,9.794837282036235,7.664703797946448,4.724823028332996,5.480751974351451,3.342910194893542,4.215781755837511,2.2128207359159826,2.7167733665949516,1.3691933228396698,1.621169638179155,-1.3099999999999996,5153.110264105081,11.183630372729116,4.686057230419587,2.4344087304088506,103.62149399376472,0.0,0.0,5.783244946364939,0.0,0.0,4.794537184071822,0.0,0.0,23.20187978046503,48.53093654769288,21.172169610876644,0.0,4.794537184071822,28.985124726829973,0.0,0.0,0.0,69.70310615856953,0.0,0.0,0.0,0.0,23.20187978046503,5.783244946364939,0.0,15.921440167465814,48.53093654769288,10.045266627482652,0.0,17.07,0.0,4.794537184071822,5.783244946364939,21.172169610876644,0.0,0.0,48.53093654769288,0.0,0.0,23.20187978046503,0.0,11.508796996164719,11.982728647014362,1.2364002267573704,1.2346712018140598,-0.0339506172839501,13.626909101088996,0.0,0.0,0.0,0.0,16,0,1,0,0,0,2,0,2,1,0,3,2,2,4.224400000000002,66.33650000000003,0,0,1,1,0,0,0,0,0,0,2,0,0,2,1,0,0,0,Alc1,OC(CC1=CC=CC=C1)C2=CC=C(C(OC)=O)C=C2,11.300882193186936,-0.5749102418745282,11.300882193186936,0.3712044724021635,0.8555190559485526,256.30099999999993,240.17299999999994,256.10994437200003,98,0.33734179298009886,-0.4654175212523233,0.4654175212523233,0.33734179298009886,1.105263157894737,1.736842105263158,2.3157894736842106,16.523293378425766,10.003236877957912,2.100617014517665,-2.111125286046951,2.185198707818772,-2.040609496672206,5.887593188002341,0.06002383438700396,2.073681425115431,531.6803207544581,13.664925939000156,10.74431964951049,10.74431964951049,9.202708600407233,6.107223093895716,6.107223093895716,4.31911057255133,4.31911057255133,2.9884308157697754,2.9884308157697754,1.9144073831934183,1.9144073831934183,-2.1299999999999994,25130.041075738343,13.30515171594639,6.15877056967385,3.421837675345536,112.01756686489409,9.843390348640755,0.0,0.0,0.0,5.969305287951849,4.794537184071822,0.0,42.46456947923127,23.259637120317212,6.4208216229260096,18.777215420722833,14.637927532712578,5.969305287951849,12.524788010674312,7.109797541277533,71.28765809124549,0.0,0.0,0.0,0.0,18.18563022407009,11.157684576726059,0.0,27.58885804691111,54.59730361615449,0.0,46.53,6.103966387748303,9.901064578912528,5.969305287951849,11.984273114623004,11.126902983393991,7.109797541277533,24.26546827384644,30.33183534230805,4.736862953800049,0.0,4.63082306110129,0.0,11.300882193186936,10.144462317334341,2.3488071092634595,-0.3712044724021635,16.619447777784718,-0.020931201184178128,0.0,1.347713214915596,0.1875,19,1,3,0,0,2,0,2,3,1,3,4,2,2.7493000000000007,72.88730000000004,1,1,1,1,0,2,0,1,1,1,0,0
PC5,O=C(C1=CC=C(Cl)C=C1)C2=CC=C(Cl)C=C2,11.982728647014362,-0.0339506172839501,11.982728647014362,0.0339506172839501,0.729885871692436,251.11200000000002,243.04799999999997,249.995220236,80,0.1925231330738677,-0.2886159357108952,0.2886159357108952,0.1925231330738677,0.6875,1.0,1.3125,35.49678330025942,10.038105614188524,2.075487364710682,-2.0084214052997518,2.1540081168737295,-1.9973966948980661,6.30767947675053,0.10340629756036136,2.3156276954086836,452.9607327512057,11.543605595440512,8.282979389999324,9.794837282036235,7.664703797946448,4.724823028332996,5.480751974351451,3.342910194893542,4.215781755837511,2.2128207359159826,2.7167733665949516,1.3691933228396698,1.621169638179155,-1.3099999999999996,5153.110264105081,11.183630372729116,4.686057230419587,2.4344087304088506,103.62149399376472,0.0,0.0,5.783244946364939,0.0,0.0,4.794537184071822,0.0,0.0,23.20187978046503,48.53093654769288,21.172169610876644,0.0,4.794537184071822,28.985124726829973,0.0,0.0,0.0,69.70310615856953,0.0,0.0,0.0,0.0,23.20187978046503,5.783244946364939,0.0,15.921440167465814,48.53093654769288,10.045266627482652,0.0,17.07,0.0,4.794537184071822,5.783244946364939,21.172169610876644,0.0,0.0,48.53093654769288,0.0,0.0,23.20187978046503,0.0,11.508796996164719,11.982728647014362,1.2364002267573704,1.2346712018140598,-0.0339506172839501,13.626909101088996,0.0,0.0,0.0,0.0,16,0,1,0,0,0,2,0,2,1,0,3,2,2,4.224400000000002,66.33650000000003,0,0,1,1,0,0,0,0,0,0,2,0,0,2,1,0,0,0,Alc2,OC(CC1=CC=CC=C1)C2=CC=CC=C2,9.973947467876041,-0.40870370370370424,9.973947467876041,0.40870370370370424,0.8035051734358308,198.265,184.15299999999996,198.104465068,76,0.08298804952950145,-0.3880720436533714,0.3880720436533714,0.08298804952950145,0.8,1.3333333333333333,1.9333333333333333,16.266076170609406,10.017292443134783,2.0630459693402803,-2.099774890735418,2.1679020868127488,-2.0051469961497723,5.216146633482743,0.17822792250631558,2.0784516078094564,394.1985815306015,10.510225400620904,8.50517333777239,8.50517333777239,7.360173345306137,5.13004291044503,5.13004291044503,3.6162040833489484,3.6162040833489484,2.4562220383138484,2.4562220383138484,1.6303928292672958,1.6303928292672958,-1.5999999999999996,4035.3008467528234,9.936265432098764,4.759877126654065,2.6729591836734703,90.01261530655025,5.106527394840706,0.0,0.0,0.0,0.0,0.0,0.0,60.6636706846161,11.126902983393991,6.4208216229260096,6.103966387748303,5.106527394840706,0.0,12.524788010674312,0.0,71.7905736680101,0.0,0.0,0.0,0.0,5.106527394840706,6.4208216229260096,0.0,17.230869371142294,60.6636706846161,0.0,20.23,6.103966387748303,5.106527394840706,0.0,6.4208216229260096,11.126902983393991,0.0,0.0,60.6636706846161,0.0,0.0,0.0,0.0,0.0,9.973947467876041,2.1344501133786853,0.0,19.795491307634165,0.2627777777777772,0.0,0.0,0.14285714285714285,15,1,1,0,0,2,0,2,1,1,1,3,2,2.9627000000000008,61.54780000000004,1,1,0,0,0,2,0,0,0,0,0,3
PC5,O=C(C1=CC=C(Cl)C=C1)C2=CC=C(Cl)C=C2,11.982728647014362,-0.0339506172839501,11.982728647014362,0.0339506172839501,0.729885871692436,251.11200000000002,243.04799999999997,249.995220236,80,0.1925231330738677,-0.2886159357108952,0.2886159357108952,0.1925231330738677,0.6875,1.0,1.3125,35.49678330025942,10.038105614188524,2.075487364710682,-2.0084214052997518,2.1540081168737295,-1.9973966948980661,6.30767947675053,0.10340629756036136,2.3156276954086836,452.9607327512057,11.543605595440512,8.282979389999324,9.794837282036235,7.664703797946448,4.724823028332996,5.480751974351451,3.342910194893542,4.215781755837511,2.2128207359159826,2.7167733665949516,1.3691933228396698,1.621169638179155,-1.3099999999999996,5153.110264105081,11.183630372729116,4.686057230419587,2.4344087304088506,103.62149399376472,0.0,0.0,5.783244946364939,0.0,0.0,4.794537184071822,0.0,0.0,23.20187978046503,48.53093654769288,21.172169610876644,0.0,4.794537184071822,28.985124726829973,0.0,0.0,0.0,69.70310615856953,0.0,0.0,0.0,0.0,23.20187978046503,5.783244946364939,0.0,15.921440167465814,48.53093654769288,10.045266627482652,0.0,17.07,0.0,4.794537184071822,5.783244946364939,21.172169610876644,0.0,0.0,48.53093654769288,0.0,0.0,23.20187978046503,0.0,11.508796996164719,11.982728647014362,1.2364002267573704,1.2346712018140598,-0.0339506172839501,13.626909101088996,0.0,0.0,0.0,0.0,16,0,1,0,0,0,2,0,2,1,0,3,2,2,4.224400000000002,66.33650000000003,0,0,1,1,0,0,0,0,0,0,2,0,0,2,1,0,0,0,Alc3,OC(CC1=CC=CC=C1)C2=CC=C(C3=CC=CC=C3)C=C2,10.335407533383725,-0.46090429999160243,10.335407533383725,0.46090429999160243,0.7351163069128532,274.363,256.21899999999994,274.135765196,104,0.08298875307923671,-0.388072037808165,0.388072037808165,0.08298875307923671,0.6190476190476191,1.1428571428571428,1.7619047619047619,16.266083292964606,9.982653573837602,2.0818451903734125,-2.1170537852257123,2.231560758845956,-2.009876154068321,5.629945446690994,0.17824227821530972,1.7483318000385286,672.0487817325015,14.493353063746348,11.814574414530895,11.814574414530895,10.326499840494922,7.2014101154909484,7.2014101154909484,5.193554352538573,5.193554352538573,3.674455551106933,3.674455551106933,2.483526521520132,2.483526521520132,-2.379999999999999,104293.42426850586,13.596094137037953,6.379998762558589,3.3882865583782404,125.06970951261428,5.106527394840706,0.0,0.0,0.0,0.0,0.0,0.0,84.92913895846256,22.253805966787983,6.4208216229260096,6.103966387748303,5.106527394840706,0.0,12.524788010674312,0.0,96.05604194185656,11.126902983393991,0.0,0.0,0.0,5.106527394840706,6.4208216229260096,0.0,17.230869371142294,84.92913895846256,11.126902983393991,20.23,6.103966387748303,5.106527394840706,0.0,6.4208216229260096,11.126902983393991,11.126902983393991,0.0,60.6636706846161,24.26546827384644,0.0,0.0,0.0,0.0,10.335407533383725,4.475491082490542,0.0,28.505636982933158,0.1834644011925748,0.0,0.0,0.1,21,1,1,0,0,3,0,3,1,1,1,4,3,4.629700000000004,86.98380000000003,1,1,0,0,0,3,0,0,0,0,0,0
PC5,O=C(C1=CC=C(Cl)C=C1)C2=CC=C(Cl)C=C2,11.982728647014362,-0.0339506172839501,11.982728647014362,0.0339506172839501,0.729885871692436,251.11200000000002,243.04799999999997,249.995220236,80,0.1925231330738677,-0.2886159357108952,0.2886159357108952,0.1925231330738677,0.6875,1.0,1.3125,35.49678330025942,10.038105614188524,2.075487364710682,-2.0084214052997518,2.1540081168737295,-1.9973966948980661,6.30767947675053,0.10340629756036136,2.3156276954086836,452.9607327512057,11.543605595440512,8.282979389999324,9.794837282036235,7.664703797946448,4.724823028332996,5.480751974351451,3.342910194893542,4.215781755837511,2.2128207359159826,2.7167733665949516,1.3691933228396698,1.621169638179155,-1.3099999999999996,5153.110264105081,11.183630372729116,4.686057230419587,2.4344087304088506,103.62149399376472,0.0,0.0,5.783244946364939,0.0,0.0,4.794537184071822,0.0,0.0,23.20187978046503,48.53093654769288,21.172169610876644,0.0,4.794537184071822,28.985124726829973,0.0,0.0,0.0,69.70310615856953,0.0,0.0,0.0,0.0,23.20187978046503,5.783244946364939,0.0,15.921440167465814,48.53093654769288,10.045266627482652,0.0,17.07,0.0,4.794537184071822,5.783244946364939,21.172169610876644,0.0,0.0,48.53093654769288,0.0,0.0,23.20187978046503,0.0,11.508796996164719,11.982728647014362,1.2364002267573704,1.2346712018140598,-0.0339506172839501,13.626909101088996,0.0,0.0,0.0,0.0,16,0,1,0,0,0,2,0,2,1,0,3,2,2,4.224400000000002,66.33650000000003,0,0,1,1,0,0,0,0,0,0,2,0,0,2,1,0,0,0,Alc4,OC(CC1=CC=CC=C1)C2=CC=C(C)C=C2,10.064839380196524,-0.41388888888888964,10.064839380196524,0.41388888888888964,0.827496933605173,212.29199999999997,196.16399999999996,212.120115132,82,0.0829883747658443,-0.38807204092055403,0.38807204092055403,0.0829883747658443,0.9375,1.5625,2.1875,16.266078389325447,10.006289195538882,2.069742142147314,-2.1072106640509842,2.1789660783789326,-2.009250363373895,5.250301887094522,0.17821400361845985,2.085070944860585,430.75194762320365,11.380468888623982,9.427823068582764,9.427823068582764,7.7540201954234895,5.54072651296799,5.54072651296799,4.116204083348947,4.116204083348947,2.7339998160916257,2.7339998160916257,1.7438068228410388,1.7438068228410388,-1.5999999999999996,5689.016293492532,10.902614268848035,4.950941945405614,2.7067723730180067,96.37755742094683,5.106527394840706,0.0,0.0,0.0,0.0,0.0,0.0,60.160755107851486,18.050640183084617,6.4208216229260096,6.103966387748303,5.106527394840706,0.0,19.448525210364934,0.0,71.28765809124549,0.0,0.0,0.0,0.0,5.106527394840706,6.4208216229260096,6.923737199690624,22.79432086283929,54.59730361615449,0.0,20.23,6.103966387748303,5.106527394840706,0.0,6.4208216229260096,11.126902983393991,5.563451491696996,0.0,61.52104081584511,0.0,0.0,0.0,0.0,0.0,10.064839380196524,3.3617492336440753,0.0,18.10113200218359,0.25664777021919793,2.048964947089947,0.0,0.2,16,1,1,0,0,2,0,2,1,1,1,3,2,3.2711200000000016,66.28480000000003,1,1,0,0,1,2,0,0,0,0,0,7
PC5,O=C(C1=CC=C(Cl)C=C1)C2=CC=C(Cl)C=C2,11.982728647014362,-0.0339506172839501,11.982728647014362,0.0339506172839501,0.729885871692436,251.11200000000002,243.04799999999997,249.995220236,80,0.1925231330738677,-0.2886159357108952,0.2886159357108952,0.1925231330738677,0.6875,1.0,1.3125,35.49678330025942,10.038105614188524,2.075487364710682,-2.0084214052997518,2.1540081168737295,-1.9973966948980661,6.30767947675053,0.10340629756036136,2.3156276954086836,452.9607327512057,11.543605595440512,8.282979389999324,9.794837282036235,7.664703797946448,4.724823028332996,5.480751974351451,3.342910194893542,4.215781755837511,2.2128207359159826,2.7167733665949516,1.3691933228396698,1.621169638179155,-1.3099999999999996,5153.110264105081,11.183630372729116,4.686057230419587,2.4344087304088506,103.62149399376472,0.0,0.0,5.783244946364939,0.0,0.0,4.794537184071822,0.0,0.0,23.20187978046503,48.53093654769288,21.172169610876644,0.0,4.794537184071822,28.985124726829973,0.0,0.0,0.0,69.70310615856953,0.0,0.0,0.0,0.0,23.20187978046503,5.783244946364939,0.0,15.921440167465814,48.53093654769288,10.045266627482652,0.0,17.07,0.0,4.794537184071822,5.783244946364939,21.172169610876644,0.0,0.0,48.53093654769288,0.0,0.0,23.20187978046503,0.0,11.508796996164719,11.982728647014362,1.2364002267573704,1.2346712018140598,-0.0339506172839501,13.626909101088996,0.0,0.0,0.0,0.0,16,0,1,0,0,0,2,0,2,1,0,3,2,2,4.224400000000002,66.33650000000003,0,0,1,1,0,0,0,0,0,0,2,0,0,2,1,0,0,0,Alc5,OC(CC1=CC=CC=C1)C2=CC=C(OC)C=C2,10.096727135298565,-0.4691609977324269,10.096727135298565,0.4691609977324269,0.8713621378125769,228.29099999999997,212.16299999999995,228.115029752,88,0.1183810048644517,-0.4967681917897237,0.4967681917897237,0.1183810048644517,1.0,1.6470588235294117,2.235294117647059,16.465293963471616,10.014481763052645,2.0766339002525425,-2.1114630586776655,2.2033628169898027,-2.0103111679180383,5.291757736922201,0.17813111737507337,2.062926536206509,448.10785282653126,12.08757566981053,9.836071359046628,9.836071359046628,8.292024997884274,5.653098948663784,5.653098948663784,3.9786802197867686,3.9786802197867686,2.772451506641763,2.772451506641763,1.7812643014063039,1.7812643014063039,-1.7999999999999998,10090.555572179177,11.678585581466239,5.50509077963688,3.0789697570071675,101.49110265045373,9.843390348640755,5.749511833283905,0.0,0.0,0.0,0.0,0.0,42.46456947923127,23.259637120317212,6.4208216229260096,13.213763929025836,9.843390348640755,0.0,12.524788010674312,7.109797541277533,65.72420659954848,5.749511833283905,4.736862953800049,5.749511833283905,0.0,12.216324936118239,6.4208216229260096,0.0,17.230869371142294,54.59730361615449,0.0,29.46,6.103966387748303,5.106527394840706,0.0,6.4208216229260096,16.876414816677897,0.0,7.109797541277533,54.59730361615449,0.0,4.736862953800049,5.085560668137779,0.0,0.0,10.096727135298565,2.0467325155370792,0.8061676954732513,17.500864937598344,0.16295091647770144,0.0,1.6343294648106155,0.2,17,1,2,0,0,2,0,2,2,1,2,4,2,2.971300000000001,68.09980000000004,1,1,0,0,0,2,0,0,1,1,0,51
PC5,O=C(C1=CC=C(Cl)C=C1)C2=CC=C(Cl)C=C2,11.982728647014362,-0.0339506172839501,11.982728647014362,0.0339506172839501,0.729885871692436,251.11200000000002,243.04799999999997,249.995220236,80,0.1925231330738677,-0.2886159357108952,0.2886159357108952,0.1925231330738677,0.6875,1.0,1.3125,35.49678330025942,10.038105614188524,2.075487364710682,-2.0084214052997518,2.1540081168737295,-1.9973966948980661,6.30767947675053,0.10340629756036136,2.3156276954086836,452.9607327512057,11.543605595440512,8.282979389999324,9.794837282036235,7.664703797946448,4.724823028332996,5.480751974351451,3.342910194893542,4.215781755837511,2.2128207359159826,2.7167733665949516,1.3691933228396698,1.621169638179155,-1.3099999999999996,5153.110264105081,11.183630372729116,4.686057230419587,2.4344087304088506,103.62149399376472,0.0,0.0,5.783244946364939,0.0,0.0,4.794537184071822,0.0,0.0,23.20187978046503,48.53093654769288,21.172169610876644,0.0,4.794537184071822,28.985124726829973,0.0,0.0,0.0,69.70310615856953,0.0,0.0,0.0,0.0,23.20187978046503,5.783244946364939,0.0,15.921440167465814,48.53093654769288,10.045266627482652,0.0,17.07,0.0,4.794537184071822,5.783244946364939,21.172169610876644,0.0,0.0,48.53093654769288,0.0,0.0,23.20187978046503,0.0,11.508796996164719,11.982728647014362,1.2364002267573704,1.2346712018140598,-0.0339506172839501,13.626909101088996,0.0,0.0,0.0,0.0,16,0,1,0,0,0,2,0,2,1,0,3,2,2,4.224400000000002,66.33650000000003,0,0,1,1,0,0,0,0,0,0,2,0,0,2,1,0,0,0,Alc6,OC(CC1=CC=CC=C1)C2=CC=C(OC)C(OC)=C2,10.261137566137567,-0.5535128495842787,10.261137566137567,0.5535128495842787,0.8956990875329504,258.31699999999995,240.17299999999994,258.12559443600003,100,0.16058453750747206,-0.4928699503057866,0.4928699503057866,0.16058453750747206,0.9473684210526315,1.631578947368421,2.263157894736842,16.507840676524992,10.009678695325208,2.1172434065020065,-2.139118621146542,2.3039729637253057,-2.023299718872896,5.433081291348095,0.17759935416267483,2.170628055604028,522.7721843403044,13.664925939000156,11.166969380320865,11.166969380320865,9.240713402868018,6.182138051026246,6.182138051026246,4.319941212142852,4.319941212142852,3.0642462362819742,3.0642462362819742,2.0152864579650367,2.0152864579650367,-2.0,25290.518080230475,13.432098765432098,6.25,3.263267429760666,112.96958999435721,14.580253302440804,0.0,11.49902366656781,0.0,0.0,0.0,0.0,36.39820241076966,23.259637120317212,6.4208216229260096,20.323561470303368,14.580253302440804,0.0,12.524788010674312,14.219595082555067,59.65783953108687,11.49902366656781,9.473725907600098,11.49902366656781,0.0,19.32612247739577,6.4208216229260096,0.0,17.230869371142294,48.53093654769288,0.0,38.69,6.103966387748303,5.106527394840706,0.0,17.919845289493818,11.126902983393991,0.0,14.219595082555067,48.53093654769288,0.0,9.473725907600098,10.423739523013062,0.0,0.0,10.261137566137567,1.922488845846981,1.296548878810784,15.3862476431497,0.0261727607709743,0.0,3.1836647822709327,0.25,19,1,3,0,0,2,0,2,3,1,3,5,2,2.9799000000000015,74.65180000000005,1,1,0,0,0,2,0,0,2,2,0,72
PC5,O=C(C1=CC=C(Cl)C=C1)C2=CC=C(Cl)C=C2,11.982728647014362,-0.0339506172839501,11.982728647014362,0.0339506172839501,0.729885871692436,251.11200000000002,243.04799999999997,249.995220236,80,0.1925231330738677,-0.2886159357108952,0.2886159357108952,0.1925231330738677,0.6875,1.0,1.3125,35.49678330025942,10.038105614188524,2.075487364710682,-2.0084214052997518,2.1540081168737295,-1.9973966948980661,6.30767947675053,0.10340629756036136,2.3156276954086836,452.9607327512057,11.543605595440512,8.282979389999324,9.794837282036235,7.664703797946448,4.724823028332996,5.480751974351451,3.342910194893542,4.215781755837511,2.2128207359159826,2.7167733665949516,1.3691933228396698,1.621169638179155,-1.3099999999999996,5153.110264105081,11.183630372729116,4.686057230419587,2.4344087304088506,103.62149399376472,0.0,0.0,5.783244946364939,0.0,0.0,4.794537184071822,0.0,0.0,23.20187978046503,48.53093654769288,21.172169610876644,0.0,4.794537184071822,28.985124726829973,0.0,0.0,0.0,69.70310615856953,0.0,0.0,0.0,0.0,23.20187978046503,5.783244946364939,0.0,15.921440167465814,48.53093654769288,10.045266627482652,0.0,17.07,0.0,4.794537184071822,5.783244946364939,21.172169610876644,0.0,0.0,48.53093654769288,0.0,0.0,23.20187978046503,0.0,11.508796996164719,11.982728647014362,1.2364002267573704,1.2346712018140598,-0.0339506172839501,13.626909101088996,0.0,0.0,0.0,0.0,16,0,1,0,0,0,2,0,2,1,0,3,2,2,4.224400000000002,66.33650000000003,0,0,1,1,0,0,0,0,0,0,2,0,0,2,1,0,0,0,Alc7,OC(CC1=CC=CC=C1)C2=C(OC)C=CC=C2OC,10.43783635676493,-0.6587962962962965,10.43783635676493,0.5253703703703706,0.8956990875329504,258.31699999999995,240.17299999999994,258.12559443600003,100,0.12790209537997485,-0.49622875863680643,0.49622875863680643,0.12790209537997485,0.8947368421052632,1.4736842105263157,2.0,16.477976847424276,9.995068210762046,2.1838950809298114,-2.1766985532877468,2.348905965119941,-2.0598899020398505,5.4636733049682915,0.16908465638196046,2.2969656304417856,500.52218434030453,13.664925939000156,11.166969380320865,11.166969380320865,9.257550155273625,6.1881211151699524,6.1881211151699524,4.281728869170134,4.281728869170134,3.0710430404017512,3.0710430404017512,2.147725380294945,2.147725380294945,-1.9999999999999998,25369.482589932766,13.432098765432098,6.25,3.0625,112.9695899943572,14.580253302440804,11.49902366656781,0.0,0.0,0.0,0.0,0.0,36.39820241076966,17.696185628620217,6.4208216229260096,25.887012962000366,14.580253302440804,0.0,12.524788010674312,14.219595082555067,59.65783953108687,11.49902366656781,9.473725907600098,11.49902366656781,0.0,19.32612247739577,6.4208216229260096,0.0,17.230869371142294,48.53093654769288,0.0,38.69,6.103966387748303,5.106527394840706,0.0,23.483296781190813,5.563451491696996,0.0,14.219595082555067,48.53093654769288,0.0,9.473725907600098,10.613328609221465,0.0,0.0,10.43783635676493,1.7632520786092218,1.2829280045351479,15.354512471655326,-0.13342592592592595,0.0,3.1815684051398336,0.25,19,1,3,0,0,2,0,2,3,1,3,5,2,2.9799000000000015,74.65180000000005,1,1,0,0,0,2,0,0,2,2,0,7
PC5,O=C(C1=CC=C(Cl)C=C1)C2=CC=C(Cl)C=C2,11.982728647014362,-0.0339506172839501,11.982728647014362,0.0339506172839501,0.729885871692436,251.11200000000002,243.04799999999997,249.995220236,80,0.1925231330738677,-0.2886159357108952,0.2886159357108952,0.1925231330738677,0.6875,1.0,1.3125,35.49678330025942,10.038105614188524,2.075487364710682,-2.0084214052997518,2.1540081168737295,-1.9973966948980661,6.30767947675053,0.10340629756036136,2.3156276954086836,452.9607327512057,11.543605595440512,8.282979389999324,9.794837282036235,7.664703797946448,4.724823028332996,5.480751974351451,3.342910194893542,4.215781755837511,2.2128207359159826,2.7167733665949516,1.3691933228396698,1.621169638179155,-1.3099999999999996,5153.110264105081,11.183630372729116,4.686057230419587,2.4344087304088506,103.62149399376472,0.0,0.0,5.783244946364939,0.0,0.0,4.794537184071822,0.0,0.0,23.20187978046503,48.53093654769288,21.172169610876644,0.0,4.794537184071822,28.985124726829973,0.0,0.0,0.0,69.70310615856953,0.0,0.0,0.0,0.0,23.20187978046503,5.783244946364939,0.0,15.921440167465814,48.53093654769288,10.045266627482652,0.0,17.07,0.0,4.794537184071822,5.783244946364939,21.172169610876644,0.0,0.0,48.53093654769288,0.0,0.0,23.20187978046503,0.0,11.508796996164719,11.982728647014362,1.2364002267573704,1.2346712018140598,-0.0339506172839501,13.626909101088996,0.0,0.0,0.0,0.0,16,0,1,0,0,0,2,0,2,1,0,3,2,2,4.224400000000002,66.33650000000003,0,0,1,1,0,0,0,0,0,0,2,0,0,2,1,0,0,0,Alc8,OC(CC1=CC=CC=C1)(C)C2=CC=C(OC)C=C2,10.562004913076343,-0.8674357520786091,10.562004913076343,0.5973896919879061,0.8921056666605938,242.31799999999996,224.17399999999995,242.130679816,94,0.11838137186134988,-0.4967681887289843,0.4967681887289843,0.11838137186134988,1.0,1.6111111111111112,2.1666666666666665,16.465304335878308,9.889503760970026,2.22797150875665,-2.2385349345184125,2.2631394577439528,-2.2362172676827443,5.316379902260567,0.057569130157961716,2.1884279567800498,486.2652269194349,13.010225400620904,10.758721089857001,10.758721089857001,8.615321630085539,6.025136822201199,6.025136822201199,4.664730960695685,4.664730960695685,3.103088053135465,3.103088053135465,2.045469160275508,2.045469160275508,-1.7999999999999998,13287.836301449152,12.651595457003785,5.233467659312888,2.90182022893601,107.85604476485034,9.843390348640755,5.749511833283905,0.0,0.0,0.0,0.0,0.0,42.46456947923127,30.183374320007832,6.4208216229260096,12.710848352261221,9.843390348640755,0.0,18.94560963360032,7.109797541277533,65.72420659954848,5.749511833283905,4.736862953800049,5.749511833283905,0.0,12.216324936118239,12.021872433909698,0.0,18.050640183084614,54.59730361615449,0.0,29.46,5.601050810983688,5.106527394840706,0.0,6.4208216229260096,16.876414816677897,0.0,7.109797541277533,61.52104081584511,0.0,4.736862953800049,5.118487727850552,0.0,0.0,10.562004913076343,1.1515189856806924,0.8002417695473254,17.549198270931676,0.5973896919879061,1.8351284958427816,1.6360301450827244,0.25,18,1,2,0,0,2,0,2,2,1,2,4,2,3.1454000000000013,72.71080000000005,1,0,0,0,0,2,0,0,1,1,0,24
PC5,O=C(C1=CC=C(Cl)C=C1)C2=CC=C(Cl)C=C2,11.982728647014362,-0.0339506172839501,11.982728647014362,0.0339506172839501,0.729885871692436,251.11200000000002,243.04799999999997,249.995220236,80,0.1925231330738677,-0.2886159357108952,0.2886159357108952,0.1925231330738677,0.6875,1.0,1.3125,35.49678330025942,10.038105614188524,2.075487364710682,-2.0084214052997518,2.1540081168737295,-1.9973966948980661,6.30767947675053,0.10340629756036136,2.3156276954086836,452.9607327512057,11.543605595440512,8.282979389999324,9.794837282036235,7.664703797946448,4.724823028332996,5.480751974351451,3.342910194893542,4.215781755837511,2.2128207359159826,2.7167733665949516,1.3691933228396698,1.621169638179155,-1.3099999999999996,5153.110264105081,11.183630372729116,4.686057230419587,2.4344087304088506,103.62149399376472,0.0,0.0,5.783244946364939,0.0,0.0,4.794537184071822,0.0,0.0,23.20187978046503,48.53093654769288,21.172169610876644,0.0,4.794537184071822,28.985124726829973,0.0,0.0,0.0,69.70310615856953,0.0,0.0,0.0,0.0,23.20187978046503,5.783244946364939,0.0,15.921440167465814,48.53093654769288,10.045266627482652,0.0,17.07,0.0,4.794537184071822,5.783244946364939,21.172169610876644,0.0,0.0,48.53093654769288,0.0,0.0,23.20187978046503,0.0,11.508796996164719,11.982728647014362,1.2364002267573704,1.2346712018140598,-0.0339506172839501,13.626909101088996,0.0,0.0,0.0,0.0,16,0,1,0,0,0,2,0,2,1,0,3,2,2,4.224400000000002,66.33650000000003,0,0,1,1,0,0,0,0,0,0,2,0,0,2,1,0,0,0,Alc9,OC(CC1=CC=CC=C1)(C)C2=CC(OC)=C(OC)C=C2,10.726415343915345,-0.9574357520786094,10.726415343915345,0.5449633881330308,0.9083721892957952,272.34399999999994,252.18399999999994,272.1412445,106,0.16059535666137958,-0.4928699470920177,0.4928699470920177,0.16059535666137958,0.95,1.6,2.2,16.507863905067826,9.886714685339358,2.2446519921947496,-2.246767402855474,2.332200446601139,-2.238535516915506,5.443974299613938,0.05730381851548327,2.2900575453340792,561.7027291484295,14.58757566981053,12.089619111131238,12.089619111131238,9.564010035069282,6.554175924563661,6.554175924563661,5.005991953051767,5.005991953051767,3.3966099446226505,3.3966099446226505,2.2666261378643466,2.2666261378643466,-2.0,33330.10718164373,14.409972299168976,5.969821673525377,3.114186851211073,119.3345321087538,14.580253302440804,0.0,11.49902366656781,0.0,0.0,0.0,0.0,36.39820241076966,30.183374320007832,6.4208216229260096,19.820645893538753,14.580253302440804,0.0,18.94560963360032,14.219595082555067,59.65783953108687,11.49902366656781,9.473725907600098,11.49902366656781,0.0,19.32612247739577,12.021872433909698,0.0,18.050640183084614,48.53093654769288,0.0,38.69,5.601050810983688,5.106527394840706,0.0,17.919845289493818,11.126902983393991,0.0,21.14333228224569,48.53093654769288,0.0,9.473725907600098,10.501666582725836,0.0,0.0,10.726415343915345,0.937275315990594,1.2824979528848581,15.429372643149698,0.5449633881330308,1.8067951625094483,3.187680277357857,0.29411764705882354,20,1,3,0,0,2,0,2,3,1,3,5,2,3.1540000000000017,79.26280000000006,1,0,0,0,0,2,0,0,2,2,0,50
PC5,O=C(C1=CC=C(Cl)C=C1)C2=CC=C(Cl)C=C2,11.982728647014362,-0.0339506172839501,11.982728647014362,0.0339506172839501,0.729885871692436,251.11200000000002,243.04799999999997,249.995220236,80,0.1925231330738677,-0.2886159357108952,0.2886159357108952,0.1925231330738677,0.6875,1.0,1.3125,35.49678330025942,10.038105614188524,2.075487364710682,-2.0084214052997518,2.1540081168737295,-1.9973966948980661,6.30767947675053,0.10340629756036136,2.3156276954086836,452.9607327512057,11.543605595440512,8.282979389999324,9.794837282036235,7.664703797946448,4.724823028332996,5.480751974351451,3.342910194893542,4.215781755837511,2.2128207359159826,2.7167733665949516,1.3691933228396698,1.621169638179155,-1.3099999999999996,5153.110264105081,11.183630372729116,4.686057230419587,2.4344087304088506,103.62149399376472,0.0,0.0,5.783244946364939,0.0,0.0,4.794537184071822,0.0,0.0,23.20187978046503,48.53093654769288,21.172169610876644,0.0,4.794537184071822,28.985124726829973,0.0,0.0,0.0,69.70310615856953,0.0,0.0,0.0,0.0,23.20187978046503,5.783244946364939,0.0,15.921440167465814,48.53093654769288,10.045266627482652,0.0,17.07,0.0,4.794537184071822,5.783244946364939,21.172169610876644,0.0,0.0,48.53093654769288,0.0,0.0,23.20187978046503,0.0,11.508796996164719,11.982728647014362,1.2364002267573704,1.2346712018140598,-0.0339506172839501,13.626909101088996,0.0,0.0,0.0,0.0,16,0,1,0,0,0,2,0,2,1,0,3,2,2,4.224400000000002,66.33650000000003,0,0,1,1,0,0,0,0,0,0,2,0,0,2,1,0,0,0,Alc10,OC(CC1=CC=CC=C1)C2=CC=CS2,9.873253023431594,-0.363518518518519,9.873253023431594,0.363518518518519,0.8144390837938148,204.29399999999998,192.19799999999998,204.060886004,72,0.09216528017574561,-0.3872321395951382,0.3872321395951382,0.09216528017574561,1.0714285714285714,1.8571428571428572,2.5,32.13347351704487,10.076452642388125,2.0789213690058697,-2.072307396572147,2.2167942612728524,-1.9832437646643386,7.095204082273813,0.18207119399780475,2.0553179911767563,366.484957172308,9.803118619434356,7.758721089857002,8.575217670784728,6.860173345306137,4.614527514810998,5.4941803260658935,3.2209400579704255,4.200212366132882,2.1434838152946787,3.117025631515786,1.418819851357115,2.130640812291436,-1.1199999999999999,3066.3242502334906,9.435606308498535,4.39885050222963,2.218442359688379,87.65297857696171,5.106527394840706,0.0,0.0,0.0,0.0,0.0,11.336785877934737,36.39820241076966,17.00988133062452,11.297968816627309,6.103966387748303,5.106527394840706,11.336785877934737,12.524788010674312,0.0,58.28523093509548,0.0,0.0,0.0,11.336785877934737,5.106527394840706,6.4208216229260096,0.0,16.5445650731466,47.844632249697185,0.0,20.23,0.0,5.106527394840706,6.103966387748303,6.4208216229260096,4.877147193701299,5.563451491696996,11.336785877934737,47.844632249697185,0.0,0.0,0.0,1.6002690381708238,1.0359750566893426,11.862882653061224,1.1744444444444446,0.0,13.994160289115648,0.3322685185185179,0.0,0.0,0.16666666666666666,14,1,1,0,0,1,1,2,2,1,2,3,2,3.0242000000000013,59.42480000000003,1,1,0,0,0,1,0,0,0,0,1,1
PC5,O=C(C1=CC=C(Cl)C=C1)C2=CC=C(Cl)C=C2,11.982728647014362,-0.0339506172839501,11.982728647014362,0.0339506172839501,0.729885871692436,251.11200000000002,243.04799999999997,249.995220236,80,0.1925231330738677,-0.2886159357108952,0.2886159357108952,0.1925231330738677,0.6875,1.0,1.3125,35.49678330025942,10.038105614188524,2.075487364710682,-2.0084214052997518,2.1540081168737295,-1.9973966948980661,6.30767947675053,0.10340629756036136,2.3156276954086836,452.9607327512057,11.543605595440512,8.282979389999324,9.794837282036235,7.664703797946448,4.724823028332996,5.480751974351451,3.342910194893542,4.215781755837511,2.2128207359159826,2.7167733665949516,1.3691933228396698,1.621169638179155,-1.3099999999999996,5153.110264105081,11.183630372729116,4.686057230419587,2.4344087304088506,103.62149399376472,0.0,0.0,5.783244946364939,0.0,0.0,4.794537184071822,0.0,0.0,23.20187978046503,48.53093654769288,21.172169610876644,0.0,4.794537184071822,28.985124726829973,0.0,0.0,0.0,69.70310615856953,0.0,0.0,0.0,0.0,23.20187978046503,5.783244946364939,0.0,15.921440167465814,48.53093654769288,10.045266627482652,0.0,17.07,0.0,4.794537184071822,5.783244946364939,21.172169610876644,0.0,0.0,48.53093654769288,0.0,0.0,23.20187978046503,0.0,11.508796996164719,11.982728647014362,1.2364002267573704,1.2346712018140598,-0.0339506172839501,13.626909101088996,0.0,0.0,0.0,0.0,16,0,1,0,0,0,2,0,2,1,0,3,2,2,4.224400000000002,66.33650000000003,0,0,1,1,0,0,0,0,0,0,2,0,0,2,1,0,0,0,Alc11,OC(CC1=CC=CC=C1)C2=CC=C3C(C=CC=C3)=C2,10.333416477702194,-0.45184618291761214,10.333416477702194,0.45184618291761214,0.7390124361646712,248.325,232.19699999999995,248.120115132,94,0.08300986627191954,-0.3880716629573365,0.3880716629573365,0.08300986627191954,0.7368421052631579,1.4210526315789473,2.210526315789474,16.266084676889072,9.986417291736672,2.0837478242584777,-2.1170473119725113,2.22495003462181,-2.010327051240819,5.8258821301024994,0.17837975584231427,1.8694641546477884,673.3497852752665,13.079139501373252,10.659873876151643,10.659873876151643,9.326499840494922,6.534743448824282,6.534743448824282,4.812108496772772,4.812108496772772,3.4301714223830455,3.4301714223830455,2.370271692755298,2.370271692755298,-2.119999999999999,36765.486524452244,11.941790792875613,5.2496193822875306,2.665278690398365,112.69427983828544,5.106527394840706,0.0,0.0,0.0,0.0,0.0,0.0,66.73003775307771,27.965718480785192,6.4208216229260096,6.103966387748303,5.106527394840706,10.772448428929591,12.524788010674312,0.0,83.92330780493333,0.0,0.0,0.0,0.0,5.106527394840706,6.4208216229260096,0.0,17.230869371142294,72.79640482153933,10.772448428929591,20.23,6.103966387748303,5.106527394840706,0.0,6.4208216229260096,11.126902983393991,10.772448428929591,0.0,48.53093654769288,24.26546827384644,0.0,0.0,0.0,0.0,12.713298689846312,2.1302885907449403,0.0,24.456294380406483,0.20011833900226683,0.0,0.0,0.1111111111111111,19,1,1,0,0,3,0,3,1,1,1,3,3,4.1159000000000034,79.05380000000005,1,1,0,0,0,3,1,0,0,0,0,0
PC5,O=C(C1=CC=C(Cl)C=C1)C2=CC=C(Cl)C=C2,11.982728647014362,-0.0339506172839501,11.982728647014362,0.0339506172839501,0.729885871692436,251.11200000000002,243.04799999999997,249.995220236,80,0.1925231330738677,-0.2886159357108952,0.2886159357108952,0.1925231330738677,0.6875,1.0,1.3125,35.49678330025942,10.038105614188524,2.075487364710682,-2.0084214052997518,2.1540081168737295,-1.9973966948980661,6.30767947675053,0.10340629756036136,2.3156276954086836,452.9607327512057,11.543605595440512,8.282979389999324,9.794837282036235,7.664703797946448,4.724823028332996,5.480751974351451,3.342910194893542,4.215781755837511,2.2128207359159826,2.7167733665949516,1.3691933228396698,1.621169638179155,-1.3099999999999996,5153.110264105081,11.183630372729116,4.686057230419587,2.4344087304088506,103.62149399376472,0.0,0.0,5.783244946364939,0.0,0.0,4.794537184071822,0.0,0.0,23.20187978046503,48.53093654769288,21.172169610876644,0.0,4.794537184071822,28.985124726829973,0.0,0.0,0.0,69.70310615856953,0.0,0.0,0.0,0.0,23.20187978046503,5.783244946364939,0.0,15.921440167465814,48.53093654769288,10.045266627482652,0.0,17.07,0.0,4.794537184071822,5.783244946364939,21.172169610876644,0.0,0.0,48.53093654769288,0.0,0.0,23.20187978046503,0.0,11.508796996164719,11.982728647014362,1.2364002267573704,1.2346712018140598,-0.0339506172839501,13.626909101088996,0.0,0.0,0.0,0.0,16,0,1,0,0,0,2,0,2,1,0,3,2,2,4.224400000000002,66.33650000000003,0,0,1,1,0,0,0,0,0,0,2,0,0,2,1,0,0,0,Alc12,OC(CC1=CC=CC=C1)C2=C3C(C=CC=C3)=CC=C2,10.471969009826154,-0.4643518518518521,10.471969009826154,0.4643518518518521,0.7390124361646712,248.325,232.19699999999995,248.120115132,94,0.08358696226666694,-0.38804892064838004,0.38804892064838004,0.08358696226666694,0.7368421052631579,1.4210526315789473,2.263157894736842,16.266124497202814,9.961087361988065,2.108514386470234,-2.1353412666234526,2.259726004252622,-2.01936407132354,5.854953122949918,0.17978572251943617,1.955927549052766,668.0997852752665,13.079139501373252,10.659873876151643,10.659873876151643,9.34333659290053,6.540726512967988,6.540726512967988,4.773896153800053,4.773896153800053,3.454236172267494,3.454236172267494,2.4883469055147316,2.4883469055147316,-2.119999999999999,37234.02225887323,11.941790792875613,5.2496193822875306,2.5146438115478507,112.69427983828544,5.106527394840706,0.0,0.0,0.0,0.0,0.0,0.0,72.79640482153933,21.899351412323583,6.4208216229260096,6.103966387748303,5.106527394840706,10.772448428929591,12.524788010674312,0.0,83.92330780493333,0.0,0.0,0.0,0.0,5.106527394840706,6.4208216229260096,0.0,17.230869371142294,72.79640482153933,10.772448428929591,20.23,6.103966387748303,5.106527394840706,0.0,6.4208216229260096,16.513127197858786,5.386224214464796,0.0,54.59730361615449,18.19910120538483,0.0,0.0,0.0,0.0,12.778027158394224,2.157303004535148,0.0,24.381355400184763,0.18331443688586524,0.0,0.0,0.1111111111111111,19,1,1,0,0,3,0,3,1,1,1,3,3,4.1159000000000034,79.05380000000005,1,1,0,0,0,3,1,0,0,0,0,0
PC5,O=C(C1=CC=C(Cl)C=C1)C2=CC=C(Cl)C=C2,11.982728647014362,-0.0339506172839501,11.982728647014362,0.0339506172839501,0.729885871692436,251.11200000000002,243.04799999999997,249.995220236,80,0.1925231330738677,-0.2886159357108952,0.2886159357108952,0.1925231330738677,0.6875,1.0,1.3125,35.49678330025942,10.038105614188524,2.075487364710682,-2.0084214052997518,2.1540081168737295,-1.9973966948980661,6.30767947675053,0.10340629756036136,2.3156276954086836,452.9607327512057,11.543605595440512,8.282979389999324,9.794837282036235,7.664703797946448,4.724823028332996,5.480751974351451,3.342910194893542,4.215781755837511,2.2128207359159826,2.7167733665949516,1.3691933228396698,1.621169638179155,-1.3099999999999996,5153.110264105081,11.183630372729116,4.686057230419587,2.4344087304088506,103.62149399376472,0.0,0.0,5.783244946364939,0.0,0.0,4.794537184071822,0.0,0.0,23.20187978046503,48.53093654769288,21.172169610876644,0.0,4.794537184071822,28.985124726829973,0.0,0.0,0.0,69.70310615856953,0.0,0.0,0.0,0.0,23.20187978046503,5.783244946364939,0.0,15.921440167465814,48.53093654769288,10.045266627482652,0.0,17.07,0.0,4.794537184071822,5.783244946364939,21.172169610876644,0.0,0.0,48.53093654769288,0.0,0.0,23.20187978046503,0.0,11.508796996164719,11.982728647014362,1.2364002267573704,1.2346712018140598,-0.0339506172839501,13.626909101088996,0.0,0.0,0.0,0.0,16,0,1,0,0,0,2,0,2,1,0,3,2,2,4.224400000000002,66.33650000000003,0,0,1,1,0,0,0,0,0,0,2,0,0,2,1,0,0,0,Alc13,OC(CC1=CC=CC=C1)C2=CC(OCO3)=C3C=C2,10.20884164777022,-0.5260185185185189,10.20884164777022,0.25750711414807714,0.8989449432481046,242.27399999999994,228.16199999999995,242.094294308,92,0.23080037765931263,-0.45359546622627495,0.45359546622627495,0.23080037765931263,1.0,1.7777777777777777,2.611111111111111,16.69672242832603,10.010456757448827,2.1618380133670794,-2.1120797030123173,2.3423428663928165,-2.0110859698250523,5.447982471537591,0.171222170739647,1.7820126966370167,536.6899070467601,12.372032720186704,9.874076161507412,9.874076161507412,8.826499840494922,5.9429917392881455,5.9429917392881455,4.31821918647156,4.31821918647156,3.053275194816359,3.053275194816359,2.0756028645147335,2.0756028645147335,-1.9999999999999996,27276.075850448757,11.11111111111111,4.704,2.172635445362718,105.59881672643137,14.580253302440804,0.0,11.49902366656781,6.792942306099827,0.0,0.0,0.0,36.39820241076966,23.259637120317212,6.4208216229260096,6.103966387748303,14.580253302440804,0.0,12.524788010674312,6.792942306099827,59.65783953108687,11.49902366656781,9.473725907600098,11.49902366656781,0.0,11.899469700940532,6.4208216229260096,0.0,17.230869371142294,48.53093654769288,0.0,38.69,6.103966387748303,5.106527394840706,6.792942306099827,12.170333456209914,16.876414816677897,0.0,0.0,48.53093654769288,0.0,9.473725907600098,10.55373952301306,0.0,0.0,10.20884164777022,1.9636758314436888,1.4493266565885616,15.495225553567005,0.0716836734693872,0.25750711414807714,0.0,0.2,18,1,3,1,1,2,0,2,3,1,3,3,3,2.6914000000000007,67.67080000000004,1,1,0,0,0,2,1,0,2,0,0,33
PC5,O=C(C1=CC=C(Cl)C=C1)C2=CC=C(Cl)C=C2,11.982728647014362,-0.0339506172839501,11.982728647014362,0.0339506172839501,0.729885871692436,251.11200000000002,243.04799999999997,249.995220236,80,0.1925231330738677,-0.2886159357108952,0.2886159357108952,0.1925231330738677,0.6875,1.0,1.3125,35.49678330025942,10.038105614188524,2.075487364710682,-2.0084214052997518,2.1540081168737295,-1.9973966948980661,6.30767947675053,0.10340629756036136,2.3156276954086836,452.9607327512057,11.543605595440512,8.282979389999324,9.794837282036235,7.664703797946448,4.724823028332996,5.480751974351451,3.342910194893542,4.215781755837511,2.2128207359159826,2.7167733665949516,1.3691933228396698,1.621169638179155,-1.3099999999999996,5153.110264105081,11.183630372729116,4.686057230419587,2.4344087304088506,103.62149399376472,0.0,0.0,5.783244946364939,0.0,0.0,4.794537184071822,0.0,0.0,23.20187978046503,48.53093654769288,21.172169610876644,0.0,4.794537184071822,28.985124726829973,0.0,0.0,0.0,69.70310615856953,0.0,0.0,0.0,0.0,23.20187978046503,5.783244946364939,0.0,15.921440167465814,48.53093654769288,10.045266627482652,0.0,17.07,0.0,4.794537184071822,5.783244946364939,21.172169610876644,0.0,0.0,48.53093654769288,0.0,0.0,23.20187978046503,0.0,11.508796996164719,11.982728647014362,1.2364002267573704,1.2346712018140598,-0.0339506172839501,13.626909101088996,0.0,0.0,0.0,0.0,16,0,1,0,0,0,2,0,2,1,0,3,2,2,4.224400000000002,66.33650000000003,0,0,1,1,0,0,0,0,0,0,2,0,0,2,1,0,0,0,Alc14,OC(CC1=CC=CC=C1)C2=CC=C3C(OCCO3)=C2,10.279154147770221,-0.5294198790627365,10.279154147770221,0.5294198790627365,0.917331086007642,256.30099999999993,240.17299999999994,256.10994437200003,98,0.16122961165638874,-0.4861472727903348,0.4861472727903348,0.16122961165638874,0.9473684210526315,1.6842105263157894,2.473684210526316,16.562628442435113,10.008696216764893,2.1511380646401257,-2.1988672450591435,2.3280711304727224,-2.1537912220555357,5.441928645560842,0.1642102965101603,1.779518636946347,551.1754332522945,13.079139501373252,10.58118294269396,10.58118294269396,9.326499840494922,6.442991739288146,6.442991739288146,4.608616346737665,4.608616346737665,3.2228815431838655,3.2228815431838655,2.222419671269494,2.222419671269494,-1.9999999999999996,36765.486524452244,12.055401662049862,5.325443786982248,2.71280276816609,111.96375884082798,14.580253302440804,13.213763929025836,11.49902366656781,0.0,0.0,0.0,0.0,36.39820241076966,23.259637120317212,6.4208216229260096,6.103966387748303,14.580253302440804,0.0,12.524788010674312,13.213763929025836,59.65783953108687,11.49902366656781,9.473725907600098,11.49902366656781,0.0,18.32029132386654,6.4208216229260096,0.0,17.230869371142294,48.53093654769288,0.0,38.69,6.103966387748303,5.106527394840706,0.0,19.634585551951847,22.6259266499618,0.0,0.0,48.53093654769288,0.0,9.473725907600098,10.998183967457507,0.0,0.0,10.279154147770221,1.970363074242043,1.4701599899218951,15.570851127488034,0.06828231292516962,1.1430053801951348,0.0,0.25,19,1,3,1,1,2,0,2,3,1,3,3,3,2.733900000000001,72.53780000000005,1,1,0,0,0,2,1,0,2,0,0,25
PC6,O=C(C1=CC=C(OC)C=C1)C2=CC=C(OC)C=C2,12.163921957671956,-0.013605442176869875,12.163921957671956,0.013605442176869875,0.7731675493197218,242.274,228.16199999999995,242.094294308,92,0.19252878957710778,-0.4967677863486889,0.4967677863486889,0.19252878957710778,0.7222222222222222,1.0555555555555556,1.3333333333333333,16.467544908595467,10.032404424770332,2.0840262065909134,-2.0406763113668758,2.1693430788367003,-2.005543223350391,6.085740349618376,0.10339844910027174,2.230539155440313,477.17010158870045,12.957819157813608,10.343547024908597,10.343547024908597,8.740713402868018,5.571603426715359,5.571603426715359,3.786127225676451,3.786127225676451,2.7044144683434372,2.7044144683434372,1.6514534556337905,1.6514534556337905,-2.2899999999999996,16092.070016728778,12.174429825362497,5.361092663978125,2.509130515662399,105.97193622780834,9.473725907600098,11.49902366656781,5.783244946364939,0.0,0.0,4.794537184071822,0.0,0.0,0.0,48.53093654769288,11.126902983393991,14.219595082555067,14.268263091671919,5.783244946364939,0.0,0.0,14.219595082555067,59.65783953108687,11.49902366656781,9.473725907600098,0.0,11.49902366656781,0.0,20.002840028920005,0.0,15.921440167465814,48.53093654769288,0.0,0.0,35.53,0.0,4.794537184071822,5.783244946364939,11.126902983393991,11.49902366656781,0.0,62.75053163024795,0.0,0.0,9.473725907600098,10.114148715041573,0.0,12.163921957671956,0.0,1.2795682161753592,1.4609888464109257,14.119664588057445,0.0,0.0,3.195041009976075,0.13333333333333333,18,0,3,0,0,0,2,0,2,3,0,3,4,2,2.934800000000001,69.42050000000003,0,0,1,1,0,0,0,0,0,0,2,0,2,0,1,2,0,0,Alc1,OC(CC1=CC=CC=C1)C2=CC=C(C(OC)=O)C=C2,11.300882193186936,-0.5749102418745282,11.300882193186936,0.3712044724021635,0.8555190559485526,256.30099999999993,240.17299999999994,256.10994437200003,98,0.33734179298009886,-0.4654175212523233,0.4654175212523233,0.33734179298009886,1.105263157894737,1.736842105263158,2.3157894736842106,16.523293378425766,10.003236877957912,2.100617014517665,-2.111125286046951,2.185198707818772,-2.040609496672206,5.887593188002341,0.06002383438700396,2.073681425115431,531.6803207544581,13.664925939000156,10.74431964951049,10.74431964951049,9.202708600407233,6.107223093895716,6.107223093895716,4.31911057255133,4.31911057255133,2.9884308157697754,2.9884308157697754,1.9144073831934183,1.9144073831934183,-2.1299999999999994,25130.041075738343,13.30515171594639,6.15877056967385,3.421837675345536,112.01756686489409,9.843390348640755,0.0,0.0,0.0,5.969305287951849,4.794537184071822,0.0,42.46456947923127,23.259637120317212,6.4208216229260096,18.777215420722833,14.637927532712578,5.969305287951849,12.524788010674312,7.109797541277533,71.28765809124549,0.0,0.0,0.0,0.0,18.18563022407009,11.157684576726059,0.0,27.58885804691111,54.59730361615449,0.0,46.53,6.103966387748303,9.901064578912528,5.969305287951849,11.984273114623004,11.126902983393991,7.109797541277533,24.26546827384644,30.33183534230805,4.736862953800049,0.0,4.63082306110129,0.0,11.300882193186936,10.144462317334341,2.3488071092634595,-0.3712044724021635,16.619447777784718,-0.020931201184178128,0.0,1.347713214915596,0.1875,19,1,3,0,0,2,0,2,3,1,3,4,2,2.7493000000000007,72.88730000000004,1,1,1,1,0,2,0,1,1,1,0,0
PC6,O=C(C1=CC=C(OC)C=C1)C2=CC=C(OC)C=C2,12.163921957671956,-0.013605442176869875,12.163921957671956,0.013605442176869875,0.7731675493197218,242.274,228.16199999999995,242.094294308,92,0.19252878957710778,-0.4967677863486889,0.4967677863486889,0.19252878957710778,0.7222222222222222,1.0555555555555556,1.3333333333333333,16.467544908595467,10.032404424770332,2.0840262065909134,-2.0406763113668758,2.1693430788367003,-2.005543223350391,6.085740349618376,0.10339844910027174,2.230539155440313,477.17010158870045,12.957819157813608,10.343547024908597,10.343547024908597,8.740713402868018,5.571603426715359,5.571603426715359,3.786127225676451,3.786127225676451,2.7044144683434372,2.7044144683434372,1.6514534556337905,1.6514534556337905,-2.2899999999999996,16092.070016728778,12.174429825362497,5.361092663978125,2.509130515662399,105.97193622780834,9.473725907600098,11.49902366656781,5.783244946364939,0.0,0.0,4.794537184071822,0.0,0.0,0.0,48.53093654769288,11.126902983393991,14.219595082555067,14.268263091671919,5.783244946364939,0.0,0.0,14.219595082555067,59.65783953108687,11.49902366656781,9.473725907600098,0.0,11.49902366656781,0.0,20.002840028920005,0.0,15.921440167465814,48.53093654769288,0.0,0.0,35.53,0.0,4.794537184071822,5.783244946364939,11.126902983393991,11.49902366656781,0.0,62.75053163024795,0.0,0.0,9.473725907600098,10.114148715041573,0.0,12.163921957671956,0.0,1.2795682161753592,1.4609888464109257,14.119664588057445,0.0,0.0,3.195041009976075,0.13333333333333333,18,0,3,0,0,0,2,0,2,3,0,3,4,2,2.934800000000001,69.42050000000003,0,0,1,1,0,0,0,0,0,0,2,0,2,0,1,2,0,0,Alc2,OC(CC1=CC=CC=C1)C2=CC=CC=C2,9.973947467876041,-0.40870370370370424,9.973947467876041,0.40870370370370424,0.8035051734358308,198.265,184.15299999999996,198.104465068,76,0.08298804952950145,-0.3880720436533714,0.3880720436533714,0.08298804952950145,0.8,1.3333333333333333,1.9333333333333333,16.266076170609406,10.017292443134783,2.0630459693402803,-2.099774890735418,2.1679020868127488,-2.0051469961497723,5.216146633482743,0.17822792250631558,2.0784516078094564,394.1985815306015,10.510225400620904,8.50517333777239,8.50517333777239,7.360173345306137,5.13004291044503,5.13004291044503,3.6162040833489484,3.6162040833489484,2.4562220383138484,2.4562220383138484,1.6303928292672958,1.6303928292672958,-1.5999999999999996,4035.3008467528234,9.936265432098764,4.759877126654065,2.6729591836734703,90.01261530655025,5.106527394840706,0.0,0.0,0.0,0.0,0.0,0.0,60.6636706846161,11.126902983393991,6.4208216229260096,6.103966387748303,5.106527394840706,0.0,12.524788010674312,0.0,71.7905736680101,0.0,0.0,0.0,0.0,5.106527394840706,6.4208216229260096,0.0,17.230869371142294,60.6636706846161,0.0,20.23,6.103966387748303,5.106527394840706,0.0,6.4208216229260096,11.126902983393991,0.0,0.0,60.6636706846161,0.0,0.0,0.0,0.0,0.0,9.973947467876041,2.1344501133786853,0.0,19.795491307634165,0.2627777777777772,0.0,0.0,0.14285714285714285,15,1,1,0,0,2,0,2,1,1,1,3,2,2.9627000000000008,61.54780000000004,1,1,0,0,0,2,0,0,0,0,0,0
PC6,O=C(C1=CC=C(OC)C=C1)C2=CC=C(OC)C=C2,12.163921957671956,-0.013605442176869875,12.163921957671956,0.013605442176869875,0.7731675493197218,242.274,228.16199999999995,242.094294308,92,0.19252878957710778,-0.4967677863486889,0.4967677863486889,0.19252878957710778,0.7222222222222222,1.0555555555555556,1.3333333333333333,16.467544908595467,10.032404424770332,2.0840262065909134,-2.0406763113668758,2.1693430788367003,-2.005543223350391,6.085740349618376,0.10339844910027174,2.230539155440313,477.17010158870045,12.957819157813608,10.343547024908597,10.343547024908597,8.740713402868018,5.571603426715359,5.571603426715359,3.786127225676451,3.786127225676451,2.7044144683434372,2.7044144683434372,1.6514534556337905,1.6514534556337905,-2.2899999999999996,16092.070016728778,12.174429825362497,5.361092663978125,2.509130515662399,105.97193622780834,9.473725907600098,11.49902366656781,5.783244946364939,0.0,0.0,4.794537184071822,0.0,0.0,0.0,48.53093654769288,11.126902983393991,14.219595082555067,14.268263091671919,5.783244946364939,0.0,0.0,14.219595082555067,59.65783953108687,11.49902366656781,9.473725907600098,0.0,11.49902366656781,0.0,20.002840028920005,0.0,15.921440167465814,48.53093654769288,0.0,0.0,35.53,0.0,4.794537184071822,5.783244946364939,11.126902983393991,11.49902366656781,0.0,62.75053163024795,0.0,0.0,9.473725907600098,10.114148715041573,0.0,12.163921957671956,0.0,1.2795682161753592,1.4609888464109257,14.119664588057445,0.0,0.0,3.195041009976075,0.13333333333333333,18,0,3,0,0,0,2,0,2,3,0,3,4,2,2.934800000000001,69.42050000000003,0,0,1,1,0,0,0,0,0,0,2,0,2,0,1,2,0,0,Alc3,OC(CC1=CC=CC=C1)C2=CC=C(C3=CC=CC=C3)C=C2,10.335407533383725,-0.46090429999160243,10.335407533383725,0.46090429999160243,0.7351163069128532,274.363,256.21899999999994,274.135765196,104,0.08298875307923671,-0.388072037808165,0.388072037808165,0.08298875307923671,0.6190476190476191,1.1428571428571428,1.7619047619047619,16.266083292964606,9.982653573837602,2.0818451903734125,-2.1170537852257123,2.231560758845956,-2.009876154068321,5.629945446690994,0.17824227821530972,1.7483318000385286,672.0487817325015,14.493353063746348,11.814574414530895,11.814574414530895,10.326499840494922,7.2014101154909484,7.2014101154909484,5.193554352538573,5.193554352538573,3.674455551106933,3.674455551106933,2.483526521520132,2.483526521520132,-2.379999999999999,104293.42426850586,13.596094137037953,6.379998762558589,3.3882865583782404,125.06970951261428,5.106527394840706,0.0,0.0,0.0,0.0,0.0,0.0,84.92913895846256,22.253805966787983,6.4208216229260096,6.103966387748303,5.106527394840706,0.0,12.524788010674312,0.0,96.05604194185656,11.126902983393991,0.0,0.0,0.0,5.106527394840706,6.4208216229260096,0.0,17.230869371142294,84.92913895846256,11.126902983393991,20.23,6.103966387748303,5.106527394840706,0.0,6.4208216229260096,11.126902983393991,11.126902983393991,0.0,60.6636706846161,24.26546827384644,0.0,0.0,0.0,0.0,10.335407533383725,4.475491082490542,0.0,28.505636982933158,0.1834644011925748,0.0,0.0,0.1,21,1,1,0,0,3,0,3,1,1,1,4,3,4.629700000000004,86.98380000000003,1,1,0,0,0,3,0,0,0,0,0,0
PC6,O=C(C1=CC=C(OC)C=C1)C2=CC=C(OC)C=C2,12.163921957671956,-0.013605442176869875,12.163921957671956,0.013605442176869875,0.7731675493197218,242.274,228.16199999999995,242.094294308,92,0.19252878957710778,-0.4967677863486889,0.4967677863486889,0.19252878957710778,0.7222222222222222,1.0555555555555556,1.3333333333333333,16.467544908595467,10.032404424770332,2.0840262065909134,-2.0406763113668758,2.1693430788367003,-2.005543223350391,6.085740349618376,0.10339844910027174,2.230539155440313,477.17010158870045,12.957819157813608,10.343547024908597,10.343547024908597,8.740713402868018,5.571603426715359,5.571603426715359,3.786127225676451,3.786127225676451,2.7044144683434372,2.7044144683434372,1.6514534556337905,1.6514534556337905,-2.2899999999999996,16092.070016728778,12.174429825362497,5.361092663978125,2.509130515662399,105.97193622780834,9.473725907600098,11.49902366656781,5.783244946364939,0.0,0.0,4.794537184071822,0.0,0.0,0.0,48.53093654769288,11.126902983393991,14.219595082555067,14.268263091671919,5.783244946364939,0.0,0.0,14.219595082555067,59.65783953108687,11.49902366656781,9.473725907600098,0.0,11.49902366656781,0.0,20.002840028920005,0.0,15.921440167465814,48.53093654769288,0.0,0.0,35.53,0.0,4.794537184071822,5.783244946364939,11.126902983393991,11.49902366656781,0.0,62.75053163024795,0.0,0.0,9.473725907600098,10.114148715041573,0.0,12.163921957671956,0.0,1.2795682161753592,1.4609888464109257,14.119664588057445,0.0,0.0,3.195041009976075,0.13333333333333333,18,0,3,0,0,0,2,0,2,3,0,3,4,2,2.934800000000001,69.42050000000003,0,0,1,1,0,0,0,0,0,0,2,0,2,0,1,2,0,0,Alc4,OC(CC1=CC=CC=C1)C2=CC=C(C)C=C2,10.064839380196524,-0.41388888888888964,10.064839380196524,0.41388888888888964,0.827496933605173,212.29199999999997,196.16399999999996,212.120115132,82,0.0829883747658443,-0.38807204092055403,0.38807204092055403,0.0829883747658443,0.9375,1.5625,2.1875,16.266078389325447,10.006289195538882,2.069742142147314,-2.1072106640509842,2.1789660783789326,-2.009250363373895,5.250301887094522,0.17821400361845985,2.085070944860585,430.75194762320365,11.380468888623982,9.427823068582764,9.427823068582764,7.7540201954234895,5.54072651296799,5.54072651296799,4.116204083348947,4.116204083348947,2.7339998160916257,2.7339998160916257,1.7438068228410388,1.7438068228410388,-1.5999999999999996,5689.016293492532,10.902614268848035,4.950941945405614,2.7067723730180067,96.37755742094683,5.106527394840706,0.0,0.0,0.0,0.0,0.0,0.0,60.160755107851486,18.050640183084617,6.4208216229260096,6.103966387748303,5.106527394840706,0.0,19.448525210364934,0.0,71.28765809124549,0.0,0.0,0.0,0.0,5.106527394840706,6.4208216229260096,6.923737199690624,22.79432086283929,54.59730361615449,0.0,20.23,6.103966387748303,5.106527394840706,0.0,6.4208216229260096,11.126902983393991,5.563451491696996,0.0,61.52104081584511,0.0,0.0,0.0,0.0,0.0,10.064839380196524,3.3617492336440753,0.0,18.10113200218359,0.25664777021919793,2.048964947089947,0.0,0.2,16,1,1,0,0,2,0,2,1,1,1,3,2,3.2711200000000016,66.28480000000003,1,1,0,0,1,2,0,0,0,0,0,0
PC6,O=C(C1=CC=C(OC)C=C1)C2=CC=C(OC)C=C2,12.163921957671956,-0.013605442176869875,12.163921957671956,0.013605442176869875,0.7731675493197218,242.274,228.16199999999995,242.094294308,92,0.19252878957710778,-0.4967677863486889,0.4967677863486889,0.19252878957710778,0.7222222222222222,1.0555555555555556,1.3333333333333333,16.467544908595467,10.032404424770332,2.0840262065909134,-2.0406763113668758,2.1693430788367003,-2.005543223350391,6.085740349618376,0.10339844910027174,2.230539155440313,477.17010158870045,12.957819157813608,10.343547024908597,10.343547024908597,8.740713402868018,5.571603426715359,5.571603426715359,3.786127225676451,3.786127225676451,2.7044144683434372,2.7044144683434372,1.6514534556337905,1.6514534556337905,-2.2899999999999996,16092.070016728778,12.174429825362497,5.361092663978125,2.509130515662399,105.97193622780834,9.473725907600098,11.49902366656781,5.783244946364939,0.0,0.0,4.794537184071822,0.0,0.0,0.0,48.53093654769288,11.126902983393991,14.219595082555067,14.268263091671919,5.783244946364939,0.0,0.0,14.219595082555067,59.65783953108687,11.49902366656781,9.473725907600098,0.0,11.49902366656781,0.0,20.002840028920005,0.0,15.921440167465814,48.53093654769288,0.0,0.0,35.53,0.0,4.794537184071822,5.783244946364939,11.126902983393991,11.49902366656781,0.0,62.75053163024795,0.0,0.0,9.473725907600098,10.114148715041573,0.0,12.163921957671956,0.0,1.2795682161753592,1.4609888464109257,14.119664588057445,0.0,0.0,3.195041009976075,0.13333333333333333,18,0,3,0,0,0,2,0,2,3,0,3,4,2,2.934800000000001,69.42050000000003,0,0,1,1,0,0,0,0,0,0,2,0,2,0,1,2,0,0,Alc5,OC(CC1=CC=CC=C1)C2=CC=C(OC)C=C2,10.096727135298565,-0.4691609977324269,10.096727135298565,0.4691609977324269,0.8713621378125769,228.29099999999997,212.16299999999995,228.115029752,88,0.1183810048644517,-0.4967681917897237,0.4967681917897237,0.1183810048644517,1.0,1.6470588235294117,2.235294117647059,16.465293963471616,10.014481763052645,2.0766339002525425,-2.1114630586776655,2.2033628169898027,-2.0103111679180383,5.291757736922201,0.17813111737507337,2.062926536206509,448.10785282653126,12.08757566981053,9.836071359046628,9.836071359046628,8.292024997884274,5.653098948663784,5.653098948663784,3.9786802197867686,3.9786802197867686,2.772451506641763,2.772451506641763,1.7812643014063039,1.7812643014063039,-1.7999999999999998,10090.555572179177,11.678585581466239,5.50509077963688,3.0789697570071675,101.49110265045373,9.843390348640755,5.749511833283905,0.0,0.0,0.0,0.0,0.0,42.46456947923127,23.259637120317212,6.4208216229260096,13.213763929025836,9.843390348640755,0.0,12.524788010674312,7.109797541277533,65.72420659954848,5.749511833283905,4.736862953800049,5.749511833283905,0.0,12.216324936118239,6.4208216229260096,0.0,17.230869371142294,54.59730361615449,0.0,29.46,6.103966387748303,5.106527394840706,0.0,6.4208216229260096,16.876414816677897,0.0,7.109797541277533,54.59730361615449,0.0,4.736862953800049,5.085560668137779,0.0,0.0,10.096727135298565,2.0467325155370792,0.8061676954732513,17.500864937598344,0.16295091647770144,0.0,1.6343294648106155,0.2,17,1,2,0,0,2,0,2,2,1,2,4,2,2.971300000000001,68.09980000000004,1,1,0,0,0,2,0,0,1,1,0,0
PC6,O=C(C1=CC=C(OC)C=C1)C2=CC=C(OC)C=C2,12.163921957671956,-0.013605442176869875,12.163921957671956,0.013605442176869875,0.7731675493197218,242.274,228.16199999999995,242.094294308,92,0.19252878957710778,-0.4967677863486889,0.4967677863486889,0.19252878957710778,0.7222222222222222,1.0555555555555556,1.3333333333333333,16.467544908595467,10.032404424770332,2.0840262065909134,-2.0406763113668758,2.1693430788367003,-2.005543223350391,6.085740349618376,0.10339844910027174,2.230539155440313,477.17010158870045,12.957819157813608,10.343547024908597,10.343547024908597,8.740713402868018,5.571603426715359,5.571603426715359,3.786127225676451,3.786127225676451,2.7044144683434372,2.7044144683434372,1.6514534556337905,1.6514534556337905,-2.2899999999999996,16092.070016728778,12.174429825362497,5.361092663978125,2.509130515662399,105.97193622780834,9.473725907600098,11.49902366656781,5.783244946364939,0.0,0.0,4.794537184071822,0.0,0.0,0.0,48.53093654769288,11.126902983393991,14.219595082555067,14.268263091671919,5.783244946364939,0.0,0.0,14.219595082555067,59.65783953108687,11.49902366656781,9.473725907600098,0.0,11.49902366656781,0.0,20.002840028920005,0.0,15.921440167465814,48.53093654769288,0.0,0.0,35.53,0.0,4.794537184071822,5.783244946364939,11.126902983393991,11.49902366656781,0.0,62.75053163024795,0.0,0.0,9.473725907600098,10.114148715041573,0.0,12.163921957671956,0.0,1.2795682161753592,1.4609888464109257,14.119664588057445,0.0,0.0,3.195041009976075,0.13333333333333333,18,0,3,0,0,0,2,0,2,3,0,3,4,2,2.934800000000001,69.42050000000003,0,0,1,1,0,0,0,0,0,0,2,0,2,0,1,2,0,0,Alc6,OC(CC1=CC=CC=C1)C2=CC=C(OC)C(OC)=C2,10.261137566137567,-0.5535128495842787,10.261137566137567,0.5535128495842787,0.8956990875329504,258.31699999999995,240.17299999999994,258.12559443600003,100,0.16058453750747206,-0.4928699503057866,0.4928699503057866,0.16058453750747206,0.9473684210526315,1.631578947368421,2.263157894736842,16.507840676524992,10.009678695325208,2.1172434065020065,-2.139118621146542,2.3039729637253057,-2.023299718872896,5.433081291348095,0.17759935416267483,2.170628055604028,522.7721843403044,13.664925939000156,11.166969380320865,11.166969380320865,9.240713402868018,6.182138051026246,6.182138051026246,4.319941212142852,4.319941212142852,3.0642462362819742,3.0642462362819742,2.0152864579650367,2.0152864579650367,-2.0,25290.518080230475,13.432098765432098,6.25,3.263267429760666,112.96958999435721,14.580253302440804,0.0,11.49902366656781,0.0,0.0,0.0,0.0,36.39820241076966,23.259637120317212,6.4208216229260096,20.323561470303368,14.580253302440804,0.0,12.524788010674312,14.219595082555067,59.65783953108687,11.49902366656781,9.473725907600098,11.49902366656781,0.0,19.32612247739577,6.4208216229260096,0.0,17.230869371142294,48.53093654769288,0.0,38.69,6.103966387748303,5.106527394840706,0.0,17.919845289493818,11.126902983393991,0.0,14.219595082555067,48.53093654769288,0.0,9.473725907600098,10.423739523013062,0.0,0.0,10.261137566137567,1.922488845846981,1.296548878810784,15.3862476431497,0.0261727607709743,0.0,3.1836647822709327,0.25,19,1,3,0,0,2,0,2,3,1,3,5,2,2.9799000000000015,74.65180000000005,1,1,0,0,0,2,0,0,2,2,0,27
PC6,O=C(C1=CC=C(OC)C=C1)C2=CC=C(OC)C=C2,12.163921957671956,-0.013605442176869875,12.163921957671956,0.013605442176869875,0.7731675493197218,242.274,228.16199999999995,242.094294308,92,0.19252878957710778,-0.4967677863486889,0.4967677863486889,0.19252878957710778,0.7222222222222222,1.0555555555555556,1.3333333333333333,16.467544908595467,10.032404424770332,2.0840262065909134,-2.0406763113668758,2.1693430788367003,-2.005543223350391,6.085740349618376,0.10339844910027174,2.230539155440313,477.17010158870045,12.957819157813608,10.343547024908597,10.343547024908597,8.740713402868018,5.571603426715359,5.571603426715359,3.786127225676451,3.786127225676451,2.7044144683434372,2.7044144683434372,1.6514534556337905,1.6514534556337905,-2.2899999999999996,16092.070016728778,12.174429825362497,5.361092663978125,2.509130515662399,105.97193622780834,9.473725907600098,11.49902366656781,5.783244946364939,0.0,0.0,4.794537184071822,0.0,0.0,0.0,48.53093654769288,11.126902983393991,14.219595082555067,14.268263091671919,5.783244946364939,0.0,0.0,14.219595082555067,59.65783953108687,11.49902366656781,9.473725907600098,0.0,11.49902366656781,0.0,20.002840028920005,0.0,15.921440167465814,48.53093654769288,0.0,0.0,35.53,0.0,4.794537184071822,5.783244946364939,11.126902983393991,11.49902366656781,0.0,62.75053163024795,0.0,0.0,9.473725907600098,10.114148715041573,0.0,12.163921957671956,0.0,1.2795682161753592,1.4609888464109257,14.119664588057445,0.0,0.0,3.195041009976075,0.13333333333333333,18,0,3,0,0,0,2,0,2,3,0,3,4,2,2.934800000000001,69.42050000000003,0,0,1,1,0,0,0,0,0,0,2,0,2,0,1,2,0,0,Alc7,OC(CC1=CC=CC=C1)C2=C(OC)C=CC=C2OC,10.43783635676493,-0.6587962962962965,10.43783635676493,0.5253703703703706,0.8956990875329504,258.31699999999995,240.17299999999994,258.12559443600003,100,0.12790209537997485,-0.49622875863680643,0.49622875863680643,0.12790209537997485,0.8947368421052632,1.4736842105263157,2.0,16.477976847424276,9.995068210762046,2.1838950809298114,-2.1766985532877468,2.348905965119941,-2.0598899020398505,5.4636733049682915,0.16908465638196046,2.2969656304417856,500.52218434030453,13.664925939000156,11.166969380320865,11.166969380320865,9.257550155273625,6.1881211151699524,6.1881211151699524,4.281728869170134,4.281728869170134,3.0710430404017512,3.0710430404017512,2.147725380294945,2.147725380294945,-1.9999999999999998,25369.482589932766,13.432098765432098,6.25,3.0625,112.9695899943572,14.580253302440804,11.49902366656781,0.0,0.0,0.0,0.0,0.0,36.39820241076966,17.696185628620217,6.4208216229260096,25.887012962000366,14.580253302440804,0.0,12.524788010674312,14.219595082555067,59.65783953108687,11.49902366656781,9.473725907600098,11.49902366656781,0.0,19.32612247739577,6.4208216229260096,0.0,17.230869371142294,48.53093654769288,0.0,38.69,6.103966387748303,5.106527394840706,0.0,23.483296781190813,5.563451491696996,0.0,14.219595082555067,48.53093654769288,0.0,9.473725907600098,10.613328609221465,0.0,0.0,10.43783635676493,1.7632520786092218,1.2829280045351479,15.354512471655326,-0.13342592592592595,0.0,3.1815684051398336,0.25,19,1,3,0,0,2,0,2,3,1,3,5,2,2.9799000000000015,74.65180000000005,1,1,0,0,0,2,0,0,2,2,0,0
PC6,O=C(C1=CC=C(OC)C=C1)C2=CC=C(OC)C=C2,12.163921957671956,-0.013605442176869875,12.163921957671956,0.013605442176869875,0.7731675493197218,242.274,228.16199999999995,242.094294308,92,0.19252878957710778,-0.4967677863486889,0.4967677863486889,0.19252878957710778,0.7222222222222222,1.0555555555555556,1.3333333333333333,16.467544908595467,10.032404424770332,2.0840262065909134,-2.0406763113668758,2.1693430788367003,-2.005543223350391,6.085740349618376,0.10339844910027174,2.230539155440313,477.17010158870045,12.957819157813608,10.343547024908597,10.343547024908597,8.740713402868018,5.571603426715359,5.571603426715359,3.786127225676451,3.786127225676451,2.7044144683434372,2.7044144683434372,1.6514534556337905,1.6514534556337905,-2.2899999999999996,16092.070016728778,12.174429825362497,5.361092663978125,2.509130515662399,105.97193622780834,9.473725907600098,11.49902366656781,5.783244946364939,0.0,0.0,4.794537184071822,0.0,0.0,0.0,48.53093654769288,11.126902983393991,14.219595082555067,14.268263091671919,5.783244946364939,0.0,0.0,14.219595082555067,59.65783953108687,11.49902366656781,9.473725907600098,0.0,11.49902366656781,0.0,20.002840028920005,0.0,15.921440167465814,48.53093654769288,0.0,0.0,35.53,0.0,4.794537184071822,5.783244946364939,11.126902983393991,11.49902366656781,0.0,62.75053163024795,0.0,0.0,9.473725907600098,10.114148715041573,0.0,12.163921957671956,0.0,1.2795682161753592,1.4609888464109257,14.119664588057445,0.0,0.0,3.195041009976075,0.13333333333333333,18,0,3,0,0,0,2,0,2,3,0,3,4,2,2.934800000000001,69.42050000000003,0,0,1,1,0,0,0,0,0,0,2,0,2,0,1,2,0,0,Alc8,OC(CC1=CC=CC=C1)(C)C2=CC=C(OC)C=C2,10.562004913076343,-0.8674357520786091,10.562004913076343,0.5973896919879061,0.8921056666605938,242.31799999999996,224.17399999999995,242.130679816,94,0.11838137186134988,-0.4967681887289843,0.4967681887289843,0.11838137186134988,1.0,1.6111111111111112,2.1666666666666665,16.465304335878308,9.889503760970026,2.22797150875665,-2.2385349345184125,2.2631394577439528,-2.2362172676827443,5.316379902260567,0.057569130157961716,2.1884279567800498,486.2652269194349,13.010225400620904,10.758721089857001,10.758721089857001,8.615321630085539,6.025136822201199,6.025136822201199,4.664730960695685,4.664730960695685,3.103088053135465,3.103088053135465,2.045469160275508,2.045469160275508,-1.7999999999999998,13287.836301449152,12.651595457003785,5.233467659312888,2.90182022893601,107.85604476485034,9.843390348640755,5.749511833283905,0.0,0.0,0.0,0.0,0.0,42.46456947923127,30.183374320007832,6.4208216229260096,12.710848352261221,9.843390348640755,0.0,18.94560963360032,7.109797541277533,65.72420659954848,5.749511833283905,4.736862953800049,5.749511833283905,0.0,12.216324936118239,12.021872433909698,0.0,18.050640183084614,54.59730361615449,0.0,29.46,5.601050810983688,5.106527394840706,0.0,6.4208216229260096,16.876414816677897,0.0,7.109797541277533,61.52104081584511,0.0,4.736862953800049,5.118487727850552,0.0,0.0,10.562004913076343,1.1515189856806924,0.8002417695473254,17.549198270931676,0.5973896919879061,1.8351284958427816,1.6360301450827244,0.25,18,1,2,0,0,2,0,2,2,1,2,4,2,3.1454000000000013,72.71080000000005,1,0,0,0,0,2,0,0,1,1,0,0
PC6,O=C(C1=CC=C(OC)C=C1)C2=CC=C(OC)C=C2,12.163921957671956,-0.013605442176869875,12.163921957671956,0.013605442176869875,0.7731675493197218,242.274,228.16199999999995,242.094294308,92,0.19252878957710778,-0.4967677863486889,0.4967677863486889,0.19252878957710778,0.7222222222222222,1.0555555555555556,1.3333333333333333,16.467544908595467,10.032404424770332,2.0840262065909134,-2.0406763113668758,2.1693430788367003,-2.005543223350391,6.085740349618376,0.10339844910027174,2.230539155440313,477.17010158870045,12.957819157813608,10.343547024908597,10.343547024908597,8.740713402868018,5.571603426715359,5.571603426715359,3.786127225676451,3.786127225676451,2.7044144683434372,2.7044144683434372,1.6514534556337905,1.6514534556337905,-2.2899999999999996,16092.070016728778,12.174429825362497,5.361092663978125,2.509130515662399,105.97193622780834,9.473725907600098,11.49902366656781,5.783244946364939,0.0,0.0,4.794537184071822,0.0,0.0,0.0,48.53093654769288,11.126902983393991,14.219595082555067,14.268263091671919,5.783244946364939,0.0,0.0,14.219595082555067,59.65783953108687,11.49902366656781,9.473725907600098,0.0,11.49902366656781,0.0,20.002840028920005,0.0,15.921440167465814,48.53093654769288,0.0,0.0,35.53,0.0,4.794537184071822,5.783244946364939,11.126902983393991,11.49902366656781,0.0,62.75053163024795,0.0,0.0,9.473725907600098,10.114148715041573,0.0,12.163921957671956,0.0,1.2795682161753592,1.4609888464109257,14.119664588057445,0.0,0.0,3.195041009976075,0.13333333333333333,18,0,3,0,0,0,2,0,2,3,0,3,4,2,2.934800000000001,69.42050000000003,0,0,1,1,0,0,0,0,0,0,2,0,2,0,1,2,0,0,Alc9,OC(CC1=CC=CC=C1)(C)C2=CC(OC)=C(OC)C=C2,10.726415343915345,-0.9574357520786094,10.726415343915345,0.5449633881330308,0.9083721892957952,272.34399999999994,252.18399999999994,272.1412445,106,0.16059535666137958,-0.4928699470920177,0.4928699470920177,0.16059535666137958,0.95,1.6,2.2,16.507863905067826,9.886714685339358,2.2446519921947496,-2.246767402855474,2.332200446601139,-2.238535516915506,5.443974299613938,0.05730381851548327,2.2900575453340792,561.7027291484295,14.58757566981053,12.089619111131238,12.089619111131238,9.564010035069282,6.554175924563661,6.554175924563661,5.005991953051767,5.005991953051767,3.3966099446226505,3.3966099446226505,2.2666261378643466,2.2666261378643466,-2.0,33330.10718164373,14.409972299168976,5.969821673525377,3.114186851211073,119.3345321087538,14.580253302440804,0.0,11.49902366656781,0.0,0.0,0.0,0.0,36.39820241076966,30.183374320007832,6.4208216229260096,19.820645893538753,14.580253302440804,0.0,18.94560963360032,14.219595082555067,59.65783953108687,11.49902366656781,9.473725907600098,11.49902366656781,0.0,19.32612247739577,12.021872433909698,0.0,18.050640183084614,48.53093654769288,0.0,38.69,5.601050810983688,5.106527394840706,0.0,17.919845289493818,11.126902983393991,0.0,21.14333228224569,48.53093654769288,0.0,9.473725907600098,10.501666582725836,0.0,0.0,10.726415343915345,0.937275315990594,1.2824979528848581,15.429372643149698,0.5449633881330308,1.8067951625094483,3.187680277357857,0.29411764705882354,20,1,3,0,0,2,0,2,3,1,3,5,2,3.1540000000000017,79.26280000000006,1,0,0,0,0,2,0,0,2,2,0,2
PC6,O=C(C1=CC=C(OC)C=C1)C2=CC=C(OC)C=C2,12.163921957671956,-0.013605442176869875,12.163921957671956,0.013605442176869875,0.7731675493197218,242.274,228.16199999999995,242.094294308,92,0.19252878957710778,-0.4967677863486889,0.4967677863486889,0.19252878957710778,0.7222222222222222,1.0555555555555556,1.3333333333333333,16.467544908595467,10.032404424770332,2.0840262065909134,-2.0406763113668758,2.1693430788367003,-2.005543223350391,6.085740349618376,0.10339844910027174,2.230539155440313,477.17010158870045,12.957819157813608,10.343547024908597,10.343547024908597,8.740713402868018,5.571603426715359,5.571603426715359,3.786127225676451,3.786127225676451,2.7044144683434372,2.7044144683434372,1.6514534556337905,1.6514534556337905,-2.2899999999999996,16092.070016728778,12.174429825362497,5.361092663978125,2.509130515662399,105.97193622780834,9.473725907600098,11.49902366656781,5.783244946364939,0.0,0.0,4.794537184071822,0.0,0.0,0.0,48.53093654769288,11.126902983393991,14.219595082555067,14.268263091671919,5.783244946364939,0.0,0.0,14.219595082555067,59.65783953108687,11.49902366656781,9.473725907600098,0.0,11.49902366656781,0.0,20.002840028920005,0.0,15.921440167465814,48.53093654769288,0.0,0.0,35.53,0.0,4.794537184071822,5.783244946364939,11.126902983393991,11.49902366656781,0.0,62.75053163024795,0.0,0.0,9.473725907600098,10.114148715041573,0.0,12.163921957671956,0.0,1.2795682161753592,1.4609888464109257,14.119664588057445,0.0,0.0,3.195041009976075,0.13333333333333333,18,0,3,0,0,0,2,0,2,3,0,3,4,2,2.934800000000001,69.42050000000003,0,0,1,1,0,0,0,0,0,0,2,0,2,0,1,2,0,0,Alc10,OC(CC1=CC=CC=C1)C2=CC=CS2,9.873253023431594,-0.363518518518519,9.873253023431594,0.363518518518519,0.8144390837938148,204.29399999999998,192.19799999999998,204.060886004,72,0.09216528017574561,-0.3872321395951382,0.3872321395951382,0.09216528017574561,1.0714285714285714,1.8571428571428572,2.5,32.13347351704487,10.076452642388125,2.0789213690058697,-2.072307396572147,2.2167942612728524,-1.9832437646643386,7.095204082273813,0.18207119399780475,2.0553179911767563,366.484957172308,9.803118619434356,7.758721089857002,8.575217670784728,6.860173345306137,4.614527514810998,5.4941803260658935,3.2209400579704255,4.200212366132882,2.1434838152946787,3.117025631515786,1.418819851357115,2.130640812291436,-1.1199999999999999,3066.3242502334906,9.435606308498535,4.39885050222963,2.218442359688379,87.65297857696171,5.106527394840706,0.0,0.0,0.0,0.0,0.0,11.336785877934737,36.39820241076966,17.00988133062452,11.297968816627309,6.103966387748303,5.106527394840706,11.336785877934737,12.524788010674312,0.0,58.28523093509548,0.0,0.0,0.0,11.336785877934737,5.106527394840706,6.4208216229260096,0.0,16.5445650731466,47.844632249697185,0.0,20.23,0.0,5.106527394840706,6.103966387748303,6.4208216229260096,4.877147193701299,5.563451491696996,11.336785877934737,47.844632249697185,0.0,0.0,0.0,1.6002690381708238,1.0359750566893426,11.862882653061224,1.1744444444444446,0.0,13.994160289115648,0.3322685185185179,0.0,0.0,0.16666666666666666,14,1,1,0,0,1,1,2,2,1,2,3,2,3.0242000000000013,59.42480000000003,1,1,0,0,0,1,0,0,0,0,1,0
PC6,O=C(C1=CC=C(OC)C=C1)C2=CC=C(OC)C=C2,12.163921957671956,-0.013605442176869875,12.163921957671956,0.013605442176869875,0.7731675493197218,242.274,228.16199999999995,242.094294308,92,0.19252878957710778,-0.4967677863486889,0.4967677863486889,0.19252878957710778,0.7222222222222222,1.0555555555555556,1.3333333333333333,16.467544908595467,10.032404424770332,2.0840262065909134,-2.0406763113668758,2.1693430788367003,-2.005543223350391,6.085740349618376,0.10339844910027174,2.230539155440313,477.17010158870045,12.957819157813608,10.343547024908597,10.343547024908597,8.740713402868018,5.571603426715359,5.571603426715359,3.786127225676451,3.786127225676451,2.7044144683434372,2.7044144683434372,1.6514534556337905,1.6514534556337905,-2.2899999999999996,16092.070016728778,12.174429825362497,5.361092663978125,2.509130515662399,105.97193622780834,9.473725907600098,11.49902366656781,5.783244946364939,0.0,0.0,4.794537184071822,0.0,0.0,0.0,48.53093654769288,11.126902983393991,14.219595082555067,14.268263091671919,5.783244946364939,0.0,0.0,14.219595082555067,59.65783953108687,11.49902366656781,9.473725907600098,0.0,11.49902366656781,0.0,20.002840028920005,0.0,15.921440167465814,48.53093654769288,0.0,0.0,35.53,0.0,4.794537184071822,5.783244946364939,11.126902983393991,11.49902366656781,0.0,62.75053163024795,0.0,0.0,9.473725907600098,10.114148715041573,0.0,12.163921957671956,0.0,1.2795682161753592,1.4609888464109257,14.119664588057445,0.0,0.0,3.195041009976075,0.13333333333333333,18,0,3,0,0,0,2,0,2,3,0,3,4,2,2.934800000000001,69.42050000000003,0,0,1,1,0,0,0,0,0,0,2,0,2,0,1,2,0,0,Alc11,OC(CC1=CC=CC=C1)C2=CC=C3C(C=CC=C3)=C2,10.333416477702194,-0.45184618291761214,10.333416477702194,0.45184618291761214,0.7390124361646712,248.325,232.19699999999995,248.120115132,94,0.08300986627191954,-0.3880716629573365,0.3880716629573365,0.08300986627191954,0.7368421052631579,1.4210526315789473,2.210526315789474,16.266084676889072,9.986417291736672,2.0837478242584777,-2.1170473119725113,2.22495003462181,-2.010327051240819,5.8258821301024994,0.17837975584231427,1.8694641546477884,673.3497852752665,13.079139501373252,10.659873876151643,10.659873876151643,9.326499840494922,6.534743448824282,6.534743448824282,4.812108496772772,4.812108496772772,3.4301714223830455,3.4301714223830455,2.370271692755298,2.370271692755298,-2.119999999999999,36765.486524452244,11.941790792875613,5.2496193822875306,2.665278690398365,112.69427983828544,5.106527394840706,0.0,0.0,0.0,0.0,0.0,0.0,66.73003775307771,27.965718480785192,6.4208216229260096,6.103966387748303,5.106527394840706,10.772448428929591,12.524788010674312,0.0,83.92330780493333,0.0,0.0,0.0,0.0,5.106527394840706,6.4208216229260096,0.0,17.230869371142294,72.79640482153933,10.772448428929591,20.23,6.103966387748303,5.106527394840706,0.0,6.4208216229260096,11.126902983393991,10.772448428929591,0.0,48.53093654769288,24.26546827384644,0.0,0.0,0.0,0.0,12.713298689846312,2.1302885907449403,0.0,24.456294380406483,0.20011833900226683,0.0,0.0,0.1111111111111111,19,1,1,0,0,3,0,3,1,1,1,3,3,4.1159000000000034,79.05380000000005,1,1,0,0,0,3,1,0,0,0,0,0
PC6,O=C(C1=CC=C(OC)C=C1)C2=CC=C(OC)C=C2,12.163921957671956,-0.013605442176869875,12.163921957671956,0.013605442176869875,0.7731675493197218,242.274,228.16199999999995,242.094294308,92,0.19252878957710778,-0.4967677863486889,0.4967677863486889,0.19252878957710778,0.7222222222222222,1.0555555555555556,1.3333333333333333,16.467544908595467,10.032404424770332,2.0840262065909134,-2.0406763113668758,2.1693430788367003,-2.005543223350391,6.085740349618376,0.10339844910027174,2.230539155440313,477.17010158870045,12.957819157813608,10.343547024908597,10.343547024908597,8.740713402868018,5.571603426715359,5.571603426715359,3.786127225676451,3.786127225676451,2.7044144683434372,2.7044144683434372,1.6514534556337905,1.6514534556337905,-2.2899999999999996,16092.070016728778,12.174429825362497,5.361092663978125,2.509130515662399,105.97193622780834,9.473725907600098,11.49902366656781,5.783244946364939,0.0,0.0,4.794537184071822,0.0,0.0,0.0,48.53093654769288,11.126902983393991,14.219595082555067,14.268263091671919,5.783244946364939,0.0,0.0,14.219595082555067,59.65783953108687,11.49902366656781,9.473725907600098,0.0,11.49902366656781,0.0,20.002840028920005,0.0,15.921440167465814,48.53093654769288,0.0,0.0,35.53,0.0,4.794537184071822,5.783244946364939,11.126902983393991,11.49902366656781,0.0,62.75053163024795,0.0,0.0,9.473725907600098,10.114148715041573,0.0,12.163921957671956,0.0,1.2795682161753592,1.4609888464109257,14.119664588057445,0.0,0.0,3.195041009976075,0.13333333333333333,18,0,3,0,0,0,2,0,2,3,0,3,4,2,2.934800000000001,69.42050000000003,0,0,1,1,0,0,0,0,0,0,2,0,2,0,1,2,0,0,Alc12,OC(CC1=CC=CC=C1)C2=C3C(C=CC=C3)=CC=C2,10.471969009826154,-0.4643518518518521,10.471969009826154,0.4643518518518521,0.7390124361646712,248.325,232.19699999999995,248.120115132,94,0.08358696226666694,-0.38804892064838004,0.38804892064838004,0.08358696226666694,0.7368421052631579,1.4210526315789473,2.263157894736842,16.266124497202814,9.961087361988065,2.108514386470234,-2.1353412666234526,2.259726004252622,-2.01936407132354,5.854953122949918,0.17978572251943617,1.955927549052766,668.0997852752665,13.079139501373252,10.659873876151643,10.659873876151643,9.34333659290053,6.540726512967988,6.540726512967988,4.773896153800053,4.773896153800053,3.454236172267494,3.454236172267494,2.4883469055147316,2.4883469055147316,-2.119999999999999,37234.02225887323,11.941790792875613,5.2496193822875306,2.5146438115478507,112.69427983828544,5.106527394840706,0.0,0.0,0.0,0.0,0.0,0.0,72.79640482153933,21.899351412323583,6.4208216229260096,6.103966387748303,5.106527394840706,10.772448428929591,12.524788010674312,0.0,83.92330780493333,0.0,0.0,0.0,0.0,5.106527394840706,6.4208216229260096,0.0,17.230869371142294,72.79640482153933,10.772448428929591,20.23,6.103966387748303,5.106527394840706,0.0,6.4208216229260096,16.513127197858786,5.386224214464796,0.0,54.59730361615449,18.19910120538483,0.0,0.0,0.0,0.0,12.778027158394224,2.157303004535148,0.0,24.381355400184763,0.18331443688586524,0.0,0.0,0.1111111111111111,19,1,1,0,0,3,0,3,1,1,1,3,3,4.1159000000000034,79.05380000000005,1,1,0,0,0,3,1,0,0,0,0,0
PC6,O=C(C1=CC=C(OC)C=C1)C2=CC=C(OC)C=C2,12.163921957671956,-0.013605442176869875,12.163921957671956,0.013605442176869875,0.7731675493197218,242.274,228.16199999999995,242.094294308,92,0.19252878957710778,-0.4967677863486889,0.4967677863486889,0.19252878957710778,0.7222222222222222,1.0555555555555556,1.3333333333333333,16.467544908595467,10.032404424770332,2.0840262065909134,-2.0406763113668758,2.1693430788367003,-2.005543223350391,6.085740349618376,0.10339844910027174,2.230539155440313,477.17010158870045,12.957819157813608,10.343547024908597,10.343547024908597,8.740713402868018,5.571603426715359,5.571603426715359,3.786127225676451,3.786127225676451,2.7044144683434372,2.7044144683434372,1.6514534556337905,1.6514534556337905,-2.2899999999999996,16092.070016728778,12.174429825362497,5.361092663978125,2.509130515662399,105.97193622780834,9.473725907600098,11.49902366656781,5.783244946364939,0.0,0.0,4.794537184071822,0.0,0.0,0.0,48.53093654769288,11.126902983393991,14.219595082555067,14.268263091671919,5.783244946364939,0.0,0.0,14.219595082555067,59.65783953108687,11.49902366656781,9.473725907600098,0.0,11.49902366656781,0.0,20.002840028920005,0.0,15.921440167465814,48.53093654769288,0.0,0.0,35.53,0.0,4.794537184071822,5.783244946364939,11.126902983393991,11.49902366656781,0.0,62.75053163024795,0.0,0.0,9.473725907600098,10.114148715041573,0.0,12.163921957671956,0.0,1.2795682161753592,1.4609888464109257,14.119664588057445,0.0,0.0,3.195041009976075,0.13333333333333333,18,0,3,0,0,0,2,0,2,3,0,3,4,2,2.934800000000001,69.42050000000003,0,0,1,1,0,0,0,0,0,0,2,0,2,0,1,2,0,0,Alc13,OC(CC1=CC=CC=C1)C2=CC(OCO3)=C3C=C2,10.20884164777022,-0.5260185185185189,10.20884164777022,0.25750711414807714,0.8989449432481046,242.27399999999994,228.16199999999995,242.094294308,92,0.23080037765931263,-0.45359546622627495,0.45359546622627495,0.23080037765931263,1.0,1.7777777777777777,2.611111111111111,16.69672242832603,10.010456757448827,2.1618380133670794,-2.1120797030123173,2.3423428663928165,-2.0110859698250523,5.447982471537591,0.171222170739647,1.7820126966370167,536.6899070467601,12.372032720186704,9.874076161507412,9.874076161507412,8.826499840494922,5.9429917392881455,5.9429917392881455,4.31821918647156,4.31821918647156,3.053275194816359,3.053275194816359,2.0756028645147335,2.0756028645147335,-1.9999999999999996,27276.075850448757,11.11111111111111,4.704,2.172635445362718,105.59881672643137,14.580253302440804,0.0,11.49902366656781,6.792942306099827,0.0,0.0,0.0,36.39820241076966,23.259637120317212,6.4208216229260096,6.103966387748303,14.580253302440804,0.0,12.524788010674312,6.792942306099827,59.65783953108687,11.49902366656781,9.473725907600098,11.49902366656781,0.0,11.899469700940532,6.4208216229260096,0.0,17.230869371142294,48.53093654769288,0.0,38.69,6.103966387748303,5.106527394840706,6.792942306099827,12.170333456209914,16.876414816677897,0.0,0.0,48.53093654769288,0.0,9.473725907600098,10.55373952301306,0.0,0.0,10.20884164777022,1.9636758314436888,1.4493266565885616,15.495225553567005,0.0716836734693872,0.25750711414807714,0.0,0.2,18,1,3,1,1,2,0,2,3,1,3,3,3,2.6914000000000007,67.67080000000004,1,1,0,0,0,2,1,0,2,0,0,4
PC6,O=C(C1=CC=C(OC)C=C1)C2=CC=C(OC)C=C2,12.163921957671956,-0.013605442176869875,12.163921957671956,0.013605442176869875,0.7731675493197218,242.274,228.16199999999995,242.094294308,92,0.19252878957710778,-0.4967677863486889,0.4967677863486889,0.19252878957710778,0.7222222222222222,1.0555555555555556,1.3333333333333333,16.467544908595467,10.032404424770332,2.0840262065909134,-2.0406763113668758,2.1693430788367003,-2.005543223350391,6.085740349618376,0.10339844910027174,2.230539155440313,477.17010158870045,12.957819157813608,10.343547024908597,10.343547024908597,8.740713402868018,5.571603426715359,5.571603426715359,3.786127225676451,3.786127225676451,2.7044144683434372,2.7044144683434372,1.6514534556337905,1.6514534556337905,-2.2899999999999996,16092.070016728778,12.174429825362497,5.361092663978125,2.509130515662399,105.97193622780834,9.473725907600098,11.49902366656781,5.783244946364939,0.0,0.0,4.794537184071822,0.0,0.0,0.0,48.53093654769288,11.126902983393991,14.219595082555067,14.268263091671919,5.783244946364939,0.0,0.0,14.219595082555067,59.65783953108687,11.49902366656781,9.473725907600098,0.0,11.49902366656781,0.0,20.002840028920005,0.0,15.921440167465814,48.53093654769288,0.0,0.0,35.53,0.0,4.794537184071822,5.783244946364939,11.126902983393991,11.49902366656781,0.0,62.75053163024795,0.0,0.0,9.473725907600098,10.114148715041573,0.0,12.163921957671956,0.0,1.2795682161753592,1.4609888464109257,14.119664588057445,0.0,0.0,3.195041009976075,0.13333333333333333,18,0,3,0,0,0,2,0,2,3,0,3,4,2,2.934800000000001,69.42050000000003,0,0,1,1,0,0,0,0,0,0,2,0,2,0,1,2,0,0,Alc14,OC(CC1=CC=CC=C1)C2=CC=C3C(OCCO3)=C2,10.279154147770221,-0.5294198790627365,10.279154147770221,0.5294198790627365,0.917331086007642,256.30099999999993,240.17299999999994,256.10994437200003,98,0.16122961165638874,-0.4861472727903348,0.4861472727903348,0.16122961165638874,0.9473684210526315,1.6842105263157894,2.473684210526316,16.562628442435113,10.008696216764893,2.1511380646401257,-2.1988672450591435,2.3280711304727224,-2.1537912220555357,5.441928645560842,0.1642102965101603,1.779518636946347,551.1754332522945,13.079139501373252,10.58118294269396,10.58118294269396,9.326499840494922,6.442991739288146,6.442991739288146,4.608616346737665,4.608616346737665,3.2228815431838655,3.2228815431838655,2.222419671269494,2.222419671269494,-1.9999999999999996,36765.486524452244,12.055401662049862,5.325443786982248,2.71280276816609,111.96375884082798,14.580253302440804,13.213763929025836,11.49902366656781,0.0,0.0,0.0,0.0,36.39820241076966,23.259637120317212,6.4208216229260096,6.103966387748303,14.580253302440804,0.0,12.524788010674312,13.213763929025836,59.65783953108687,11.49902366656781,9.473725907600098,11.49902366656781,0.0,18.32029132386654,6.4208216229260096,0.0,17.230869371142294,48.53093654769288,0.0,38.69,6.103966387748303,5.106527394840706,0.0,19.634585551951847,22.6259266499618,0.0,0.0,48.53093654769288,0.0,9.473725907600098,10.998183967457507,0.0,0.0,10.279154147770221,1.970363074242043,1.4701599899218951,15.570851127488034,0.06828231292516962,1.1430053801951348,0.0,0.25,19,1,3,1,1,2,0,2,3,1,3,3,3,2.733900000000001,72.53780000000005,1,1,0,0,0,2,1,0,2,0,0,0
PC7,O=C(C1=CC=C(N(C)C)C=C1)C2=CC=C(N(C)C)C=C2,12.381396447467875,0.0561224489795924,12.381396447467875,0.0561224489795924,0.7962697212458443,268.36,248.19999999999996,268.15756326,104,0.19252479793990282,-0.3776608809736752,0.3776608809736752,0.19252479793990282,0.65,0.95,1.2,16.138283621538587,10.024725411351065,2.0902851129322793,-2.1325146187593997,2.1753969878418893,-2.0967329543690263,6.087944404687125,0.10340660166612332,2.2190020999743028,529.8919984605118,14.698306133819765,12.421477634980787,12.421477634980787,9.486071002992366,6.58292653282356,6.58292653282356,5.211726575915713,5.211726575915713,3.2917823765651146,3.2917823765651146,1.9885611576698574,1.9885611576698574,-2.2899999999999996,32168.37817138304,14.12615235609707,5.780708152415934,2.991465685162001,119.99439733799454,9.799819461700956,0.0,5.783244946364939,0.0,0.0,4.794537184071822,0.0,0.0,0.0,48.53093654769288,50.69236346346987,0.0,4.794537184071822,17.158017495732064,0.0,0.0,37.99050739240972,59.65783953108687,0.0,9.799819461700956,11.374772549367124,0.0,0.0,33.9739328770737,0.0,15.921440167465814,48.53093654769288,0.0,0.0,23.550000000000004,0.0,4.794537184071822,5.783244946364939,11.126902983393991,11.374772549367124,0.0,0.0,86.5214439401026,0.0,0.0,0.0,0.0,16.409438775510203,0.0,3.6068680934265354,0.0561224489795924,15.329155328798185,0.0,0.0,7.931748686618817,0.23529411764705882,20,0,3,0,0,0,2,0,2,3,0,3,4,2,3.0496000000000016,84.97050000000004,0,0,1,1,2,0,0,0,2,0,2,0,0,0,1,0,0,0,Alc1,OC(CC1=CC=CC=C1)C2=CC=C(C(OC)=O)C=C2,11.300882193186936,-0.5749102418745282,11.300882193186936,0.3712044724021635,0.8555190559485526,256.30099999999993,240.17299999999994,256.10994437200003,98,0.33734179298009886,-0.4654175212523233,0.4654175212523233,0.33734179298009886,1.105263157894737,1.736842105263158,2.3157894736842106,16.523293378425766,10.003236877957912,2.100617014517665,-2.111125286046951,2.185198707818772,-2.040609496672206,5.887593188002341,0.06002383438700396,2.073681425115431,531.6803207544581,13.664925939000156,10.74431964951049,10.74431964951049,9.202708600407233,6.107223093895716,6.107223093895716,4.31911057255133,4.31911057255133,2.9884308157697754,2.9884308157697754,1.9144073831934183,1.9144073831934183,-2.1299999999999994,25130.041075738343,13.30515171594639,6.15877056967385,3.421837675345536,112.01756686489409,9.843390348640755,0.0,0.0,0.0,5.969305287951849,4.794537184071822,0.0,42.46456947923127,23.259637120317212,6.4208216229260096,18.777215420722833,14.637927532712578,5.969305287951849,12.524788010674312,7.109797541277533,71.28765809124549,0.0,0.0,0.0,0.0,18.18563022407009,11.157684576726059,0.0,27.58885804691111,54.59730361615449,0.0,46.53,6.103966387748303,9.901064578912528,5.969305287951849,11.984273114623004,11.126902983393991,7.109797541277533,24.26546827384644,30.33183534230805,4.736862953800049,0.0,4.63082306110129,0.0,11.300882193186936,10.144462317334341,2.3488071092634595,-0.3712044724021635,16.619447777784718,-0.020931201184178128,0.0,1.347713214915596,0.1875,19,1,3,0,0,2,0,2,3,1,3,4,2,2.7493000000000007,72.88730000000004,1,1,1,1,0,2,0,1,1,1,0,0
PC7,O=C(C1=CC=C(N(C)C)C=C1)C2=CC=C(N(C)C)C=C2,12.381396447467875,0.0561224489795924,12.381396447467875,0.0561224489795924,0.7962697212458443,268.36,248.19999999999996,268.15756326,104,0.19252479793990282,-0.3776608809736752,0.3776608809736752,0.19252479793990282,0.65,0.95,1.2,16.138283621538587,10.024725411351065,2.0902851129322793,-2.1325146187593997,2.1753969878418893,-2.0967329543690263,6.087944404687125,0.10340660166612332,2.2190020999743028,529.8919984605118,14.698306133819765,12.421477634980787,12.421477634980787,9.486071002992366,6.58292653282356,6.58292653282356,5.211726575915713,5.211726575915713,3.2917823765651146,3.2917823765651146,1.9885611576698574,1.9885611576698574,-2.2899999999999996,32168.37817138304,14.12615235609707,5.780708152415934,2.991465685162001,119.99439733799454,9.799819461700956,0.0,5.783244946364939,0.0,0.0,4.794537184071822,0.0,0.0,0.0,48.53093654769288,50.69236346346987,0.0,4.794537184071822,17.158017495732064,0.0,0.0,37.99050739240972,59.65783953108687,0.0,9.799819461700956,11.374772549367124,0.0,0.0,33.9739328770737,0.0,15.921440167465814,48.53093654769288,0.0,0.0,23.550000000000004,0.0,4.794537184071822,5.783244946364939,11.126902983393991,11.374772549367124,0.0,0.0,86.5214439401026,0.0,0.0,0.0,0.0,16.409438775510203,0.0,3.6068680934265354,0.0561224489795924,15.329155328798185,0.0,0.0,7.931748686618817,0.23529411764705882,20,0,3,0,0,0,2,0,2,3,0,3,4,2,3.0496000000000016,84.97050000000004,0,0,1,1,2,0,0,0,2,0,2,0,0,0,1,0,0,0,Alc2,OC(CC1=CC=CC=C1)C2=CC=CC=C2,9.973947467876041,-0.40870370370370424,9.973947467876041,0.40870370370370424,0.8035051734358308,198.265,184.15299999999996,198.104465068,76,0.08298804952950145,-0.3880720436533714,0.3880720436533714,0.08298804952950145,0.8,1.3333333333333333,1.9333333333333333,16.266076170609406,10.017292443134783,2.0630459693402803,-2.099774890735418,2.1679020868127488,-2.0051469961497723,5.216146633482743,0.17822792250631558,2.0784516078094564,394.1985815306015,10.510225400620904,8.50517333777239,8.50517333777239,7.360173345306137,5.13004291044503,5.13004291044503,3.6162040833489484,3.6162040833489484,2.4562220383138484,2.4562220383138484,1.6303928292672958,1.6303928292672958,-1.5999999999999996,4035.3008467528234,9.936265432098764,4.759877126654065,2.6729591836734703,90.01261530655025,5.106527394840706,0.0,0.0,0.0,0.0,0.0,0.0,60.6636706846161,11.126902983393991,6.4208216229260096,6.103966387748303,5.106527394840706,0.0,12.524788010674312,0.0,71.7905736680101,0.0,0.0,0.0,0.0,5.106527394840706,6.4208216229260096,0.0,17.230869371142294,60.6636706846161,0.0,20.23,6.103966387748303,5.106527394840706,0.0,6.4208216229260096,11.126902983393991,0.0,0.0,60.6636706846161,0.0,0.0,0.0,0.0,0.0,9.973947467876041,2.1344501133786853,0.0,19.795491307634165,0.2627777777777772,0.0,0.0,0.14285714285714285,15,1,1,0,0,2,0,2,1,1,1,3,2,2.9627000000000008,61.54780000000004,1,1,0,0,0,2,0,0,0,0,0,0
PC7,O=C(C1=CC=C(N(C)C)C=C1)C2=CC=C(N(C)C)C=C2,12.381396447467875,0.0561224489795924,12.381396447467875,0.0561224489795924,0.7962697212458443,268.36,248.19999999999996,268.15756326,104,0.19252479793990282,-0.3776608809736752,0.3776608809736752,0.19252479793990282,0.65,0.95,1.2,16.138283621538587,10.024725411351065,2.0902851129322793,-2.1325146187593997,2.1753969878418893,-2.0967329543690263,6.087944404687125,0.10340660166612332,2.2190020999743028,529.8919984605118,14.698306133819765,12.421477634980787,12.421477634980787,9.486071002992366,6.58292653282356,6.58292653282356,5.211726575915713,5.211726575915713,3.2917823765651146,3.2917823765651146,1.9885611576698574,1.9885611576698574,-2.2899999999999996,32168.37817138304,14.12615235609707,5.780708152415934,2.991465685162001,119.99439733799454,9.799819461700956,0.0,5.783244946364939,0.0,0.0,4.794537184071822,0.0,0.0,0.0,48.53093654769288,50.69236346346987,0.0,4.794537184071822,17.158017495732064,0.0,0.0,37.99050739240972,59.65783953108687,0.0,9.799819461700956,11.374772549367124,0.0,0.0,33.9739328770737,0.0,15.921440167465814,48.53093654769288,0.0,0.0,23.550000000000004,0.0,4.794537184071822,5.783244946364939,11.126902983393991,11.374772549367124,0.0,0.0,86.5214439401026,0.0,0.0,0.0,0.0,16.409438775510203,0.0,3.6068680934265354,0.0561224489795924,15.329155328798185,0.0,0.0,7.931748686618817,0.23529411764705882,20,0,3,0,0,0,2,0,2,3,0,3,4,2,3.0496000000000016,84.97050000000004,0,0,1,1,2,0,0,0,2,0,2,0,0,0,1,0,0,0,Alc3,OC(CC1=CC=CC=C1)C2=CC=C(C3=CC=CC=C3)C=C2,10.335407533383725,-0.46090429999160243,10.335407533383725,0.46090429999160243,0.7351163069128532,274.363,256.21899999999994,274.135765196,104,0.08298875307923671,-0.388072037808165,0.388072037808165,0.08298875307923671,0.6190476190476191,1.1428571428571428,1.7619047619047619,16.266083292964606,9.982653573837602,2.0818451903734125,-2.1170537852257123,2.231560758845956,-2.009876154068321,5.629945446690994,0.17824227821530972,1.7483318000385286,672.0487817325015,14.493353063746348,11.814574414530895,11.814574414530895,10.326499840494922,7.2014101154909484,7.2014101154909484,5.193554352538573,5.193554352538573,3.674455551106933,3.674455551106933,2.483526521520132,2.483526521520132,-2.379999999999999,104293.42426850586,13.596094137037953,6.379998762558589,3.3882865583782404,125.06970951261428,5.106527394840706,0.0,0.0,0.0,0.0,0.0,0.0,84.92913895846256,22.253805966787983,6.4208216229260096,6.103966387748303,5.106527394840706,0.0,12.524788010674312,0.0,96.05604194185656,11.126902983393991,0.0,0.0,0.0,5.106527394840706,6.4208216229260096,0.0,17.230869371142294,84.92913895846256,11.126902983393991,20.23,6.103966387748303,5.106527394840706,0.0,6.4208216229260096,11.126902983393991,11.126902983393991,0.0,60.6636706846161,24.26546827384644,0.0,0.0,0.0,0.0,10.335407533383725,4.475491082490542,0.0,28.505636982933158,0.1834644011925748,0.0,0.0,0.1,21,1,1,0,0,3,0,3,1,1,1,4,3,4.629700000000004,86.98380000000003,1,1,0,0,0,3,0,0,0,0,0,0
PC7,O=C(C1=CC=C(N(C)C)C=C1)C2=CC=C(N(C)C)C=C2,12.381396447467875,0.0561224489795924,12.381396447467875,0.0561224489795924,0.7962697212458443,268.36,248.19999999999996,268.15756326,104,0.19252479793990282,-0.3776608809736752,0.3776608809736752,0.19252479793990282,0.65,0.95,1.2,16.138283621538587,10.024725411351065,2.0902851129322793,-2.1325146187593997,2.1753969878418893,-2.0967329543690263,6.087944404687125,0.10340660166612332,2.2190020999743028,529.8919984605118,14.698306133819765,12.421477634980787,12.421477634980787,9.486071002992366,6.58292653282356,6.58292653282356,5.211726575915713,5.211726575915713,3.2917823765651146,3.2917823765651146,1.9885611576698574,1.9885611576698574,-2.2899999999999996,32168.37817138304,14.12615235609707,5.780708152415934,2.991465685162001,119.99439733799454,9.799819461700956,0.0,5.783244946364939,0.0,0.0,4.794537184071822,0.0,0.0,0.0,48.53093654769288,50.69236346346987,0.0,4.794537184071822,17.158017495732064,0.0,0.0,37.99050739240972,59.65783953108687,0.0,9.799819461700956,11.374772549367124,0.0,0.0,33.9739328770737,0.0,15.921440167465814,48.53093654769288,0.0,0.0,23.550000000000004,0.0,4.794537184071822,5.783244946364939,11.126902983393991,11.374772549367124,0.0,0.0,86.5214439401026,0.0,0.0,0.0,0.0,16.409438775510203,0.0,3.6068680934265354,0.0561224489795924,15.329155328798185,0.0,0.0,7.931748686618817,0.23529411764705882,20,0,3,0,0,0,2,0,2,3,0,3,4,2,3.0496000000000016,84.97050000000004,0,0,1,1,2,0,0,0,2,0,2,0,0,0,1,0,0,0,Alc4,OC(CC1=CC=CC=C1)C2=CC=C(C)C=C2,10.064839380196524,-0.41388888888888964,10.064839380196524,0.41388888888888964,0.827496933605173,212.29199999999997,196.16399999999996,212.120115132,82,0.0829883747658443,-0.38807204092055403,0.38807204092055403,0.0829883747658443,0.9375,1.5625,2.1875,16.266078389325447,10.006289195538882,2.069742142147314,-2.1072106640509842,2.1789660783789326,-2.009250363373895,5.250301887094522,0.17821400361845985,2.085070944860585,430.75194762320365,11.380468888623982,9.427823068582764,9.427823068582764,7.7540201954234895,5.54072651296799,5.54072651296799,4.116204083348947,4.116204083348947,2.7339998160916257,2.7339998160916257,1.7438068228410388,1.7438068228410388,-1.5999999999999996,5689.016293492532,10.902614268848035,4.950941945405614,2.7067723730180067,96.37755742094683,5.106527394840706,0.0,0.0,0.0,0.0,0.0,0.0,60.160755107851486,18.050640183084617,6.4208216229260096,6.103966387748303,5.106527394840706,0.0,19.448525210364934,0.0,71.28765809124549,0.0,0.0,0.0,0.0,5.106527394840706,6.4208216229260096,6.923737199690624,22.79432086283929,54.59730361615449,0.0,20.23,6.103966387748303,5.106527394840706,0.0,6.4208216229260096,11.126902983393991,5.563451491696996,0.0,61.52104081584511,0.0,0.0,0.0,0.0,0.0,10.064839380196524,3.3617492336440753,0.0,18.10113200218359,0.25664777021919793,2.048964947089947,0.0,0.2,16,1,1,0,0,2,0,2,1,1,1,3,2,3.2711200000000016,66.28480000000003,1,1,0,0,1,2,0,0,0,0,0,1
PC7,O=C(C1=CC=C(N(C)C)C=C1)C2=CC=C(N(C)C)C=C2,12.381396447467875,0.0561224489795924,12.381396447467875,0.0561224489795924,0.7962697212458443,268.36,248.19999999999996,268.15756326,104,0.19252479793990282,-0.3776608809736752,0.3776608809736752,0.19252479793990282,0.65,0.95,1.2,16.138283621538587,10.024725411351065,2.0902851129322793,-2.1325146187593997,2.1753969878418893,-2.0967329543690263,6.087944404687125,0.10340660166612332,2.2190020999743028,529.8919984605118,14.698306133819765,12.421477634980787,12.421477634980787,9.486071002992366,6.58292653282356,6.58292653282356,5.211726575915713,5.211726575915713,3.2917823765651146,3.2917823765651146,1.9885611576698574,1.9885611576698574,-2.2899999999999996,32168.37817138304,14.12615235609707,5.780708152415934,2.991465685162001,119.99439733799454,9.799819461700956,0.0,5.783244946364939,0.0,0.0,4.794537184071822,0.0,0.0,0.0,48.53093654769288,50.69236346346987,0.0,4.794537184071822,17.158017495732064,0.0,0.0,37.99050739240972,59.65783953108687,0.0,9.799819461700956,11.374772549367124,0.0,0.0,33.9739328770737,0.0,15.921440167465814,48.53093654769288,0.0,0.0,23.550000000000004,0.0,4.794537184071822,5.783244946364939,11.126902983393991,11.374772549367124,0.0,0.0,86.5214439401026,0.0,0.0,0.0,0.0,16.409438775510203,0.0,3.6068680934265354,0.0561224489795924,15.329155328798185,0.0,0.0,7.931748686618817,0.23529411764705882,20,0,3,0,0,0,2,0,2,3,0,3,4,2,3.0496000000000016,84.97050000000004,0,0,1,1,2,0,0,0,2,0,2,0,0,0,1,0,0,0,Alc5,OC(CC1=CC=CC=C1)C2=CC=C(OC)C=C2,10.096727135298565,-0.4691609977324269,10.096727135298565,0.4691609977324269,0.8713621378125769,228.29099999999997,212.16299999999995,228.115029752,88,0.1183810048644517,-0.4967681917897237,0.4967681917897237,0.1183810048644517,1.0,1.6470588235294117,2.235294117647059,16.465293963471616,10.014481763052645,2.0766339002525425,-2.1114630586776655,2.2033628169898027,-2.0103111679180383,5.291757736922201,0.17813111737507337,2.062926536206509,448.10785282653126,12.08757566981053,9.836071359046628,9.836071359046628,8.292024997884274,5.653098948663784,5.653098948663784,3.9786802197867686,3.9786802197867686,2.772451506641763,2.772451506641763,1.7812643014063039,1.7812643014063039,-1.7999999999999998,10090.555572179177,11.678585581466239,5.50509077963688,3.0789697570071675,101.49110265045373,9.843390348640755,5.749511833283905,0.0,0.0,0.0,0.0,0.0,42.46456947923127,23.259637120317212,6.4208216229260096,13.213763929025836,9.843390348640755,0.0,12.524788010674312,7.109797541277533,65.72420659954848,5.749511833283905,4.736862953800049,5.749511833283905,0.0,12.216324936118239,6.4208216229260096,0.0,17.230869371142294,54.59730361615449,0.0,29.46,6.103966387748303,5.106527394840706,0.0,6.4208216229260096,16.876414816677897,0.0,7.109797541277533,54.59730361615449,0.0,4.736862953800049,5.085560668137779,0.0,0.0,10.096727135298565,2.0467325155370792,0.8061676954732513,17.500864937598344,0.16295091647770144,0.0,1.6343294648106155,0.2,17,1,2,0,0,2,0,2,2,1,2,4,2,2.971300000000001,68.09980000000004,1,1,0,0,0,2,0,0,1,1,0,0
PC7,O=C(C1=CC=C(N(C)C)C=C1)C2=CC=C(N(C)C)C=C2,12.381396447467875,0.0561224489795924,12.381396447467875,0.0561224489795924,0.7962697212458443,268.36,248.19999999999996,268.15756326,104,0.19252479793990282,-0.3776608809736752,0.3776608809736752,0.19252479793990282,0.65,0.95,1.2,16.138283621538587,10.024725411351065,2.0902851129322793,-2.1325146187593997,2.1753969878418893,-2.0967329543690263,6.087944404687125,0.10340660166612332,2.2190020999743028,529.8919984605118,14.698306133819765,12.421477634980787,12.421477634980787,9.486071002992366,6.58292653282356,6.58292653282356,5.211726575915713,5.211726575915713,3.2917823765651146,3.2917823765651146,1.9885611576698574,1.9885611576698574,-2.2899999999999996,32168.37817138304,14.12615235609707,5.780708152415934,2.991465685162001,119.99439733799454,9.799819461700956,0.0,5.783244946364939,0.0,0.0,4.794537184071822,0.0,0.0,0.0,48.53093654769288,50.69236346346987,0.0,4.794537184071822,17.158017495732064,0.0,0.0,37.99050739240972,59.65783953108687,0.0,9.799819461700956,11.374772549367124,0.0,0.0,33.9739328770737,0.0,15.921440167465814,48.53093654769288,0.0,0.0,23.550000000000004,0.0,4.794537184071822,5.783244946364939,11.126902983393991,11.374772549367124,0.0,0.0,86.5214439401026,0.0,0.0,0.0,0.0,16.409438775510203,0.0,3.6068680934265354,0.0561224489795924,15.329155328798185,0.0,0.0,7.931748686618817,0.23529411764705882,20,0,3,0,0,0,2,0,2,3,0,3,4,2,3.0496000000000016,84.97050000000004,0,0,1,1,2,0,0,0,2,0,2,0,0,0,1,0,0,0,Alc6,OC(CC1=CC=CC=C1)C2=CC=C(OC)C(OC)=C2,10.261137566137567,-0.5535128495842787,10.261137566137567,0.5535128495842787,0.8956990875329504,258.31699999999995,240.17299999999994,258.12559443600003,100,0.16058453750747206,-0.4928699503057866,0.4928699503057866,0.16058453750747206,0.9473684210526315,1.631578947368421,2.263157894736842,16.507840676524992,10.009678695325208,2.1172434065020065,-2.139118621146542,2.3039729637253057,-2.023299718872896,5.433081291348095,0.17759935416267483,2.170628055604028,522.7721843403044,13.664925939000156,11.166969380320865,11.166969380320865,9.240713402868018,6.182138051026246,6.182138051026246,4.319941212142852,4.319941212142852,3.0642462362819742,3.0642462362819742,2.0152864579650367,2.0152864579650367,-2.0,25290.518080230475,13.432098765432098,6.25,3.263267429760666,112.96958999435721,14.580253302440804,0.0,11.49902366656781,0.0,0.0,0.0,0.0,36.39820241076966,23.259637120317212,6.4208216229260096,20.323561470303368,14.580253302440804,0.0,12.524788010674312,14.219595082555067,59.65783953108687,11.49902366656781,9.473725907600098,11.49902366656781,0.0,19.32612247739577,6.4208216229260096,0.0,17.230869371142294,48.53093654769288,0.0,38.69,6.103966387748303,5.106527394840706,0.0,17.919845289493818,11.126902983393991,0.0,14.219595082555067,48.53093654769288,0.0,9.473725907600098,10.423739523013062,0.0,0.0,10.261137566137567,1.922488845846981,1.296548878810784,15.3862476431497,0.0261727607709743,0.0,3.1836647822709327,0.25,19,1,3,0,0,2,0,2,3,1,3,5,2,2.9799000000000015,74.65180000000005,1,1,0,0,0,2,0,0,2,2,0,2
PC7,O=C(C1=CC=C(N(C)C)C=C1)C2=CC=C(N(C)C)C=C2,12.381396447467875,0.0561224489795924,12.381396447467875,0.0561224489795924,0.7962697212458443,268.36,248.19999999999996,268.15756326,104,0.19252479793990282,-0.3776608809736752,0.3776608809736752,0.19252479793990282,0.65,0.95,1.2,16.138283621538587,10.024725411351065,2.0902851129322793,-2.1325146187593997,2.1753969878418893,-2.0967329543690263,6.087944404687125,0.10340660166612332,2.2190020999743028,529.8919984605118,14.698306133819765,12.421477634980787,12.421477634980787,9.486071002992366,6.58292653282356,6.58292653282356,5.211726575915713,5.211726575915713,3.2917823765651146,3.2917823765651146,1.9885611576698574,1.9885611576698574,-2.2899999999999996,32168.37817138304,14.12615235609707,5.780708152415934,2.991465685162001,119.99439733799454,9.799819461700956,0.0,5.783244946364939,0.0,0.0,4.794537184071822,0.0,0.0,0.0,48.53093654769288,50.69236346346987,0.0,4.794537184071822,17.158017495732064,0.0,0.0,37.99050739240972,59.65783953108687,0.0,9.799819461700956,11.374772549367124,0.0,0.0,33.9739328770737,0.0,15.921440167465814,48.53093654769288,0.0,0.0,23.550000000000004,0.0,4.794537184071822,5.783244946364939,11.126902983393991,11.374772549367124,0.0,0.0,86.5214439401026,0.0,0.0,0.0,0.0,16.409438775510203,0.0,3.6068680934265354,0.0561224489795924,15.329155328798185,0.0,0.0,7.931748686618817,0.23529411764705882,20,0,3,0,0,0,2,0,2,3,0,3,4,2,3.0496000000000016,84.97050000000004,0,0,1,1,2,0,0,0,2,0,2,0,0,0,1,0,0,0,Alc7,OC(CC1=CC=CC=C1)C2=C(OC)C=CC=C2OC,10.43783635676493,-0.6587962962962965,10.43783635676493,0.5253703703703706,0.8956990875329504,258.31699999999995,240.17299999999994,258.12559443600003,100,0.12790209537997485,-0.49622875863680643,0.49622875863680643,0.12790209537997485,0.8947368421052632,1.4736842105263157,2.0,16.477976847424276,9.995068210762046,2.1838950809298114,-2.1766985532877468,2.348905965119941,-2.0598899020398505,5.4636733049682915,0.16908465638196046,2.2969656304417856,500.52218434030453,13.664925939000156,11.166969380320865,11.166969380320865,9.257550155273625,6.1881211151699524,6.1881211151699524,4.281728869170134,4.281728869170134,3.0710430404017512,3.0710430404017512,2.147725380294945,2.147725380294945,-1.9999999999999998,25369.482589932766,13.432098765432098,6.25,3.0625,112.9695899943572,14.580253302440804,11.49902366656781,0.0,0.0,0.0,0.0,0.0,36.39820241076966,17.696185628620217,6.4208216229260096,25.887012962000366,14.580253302440804,0.0,12.524788010674312,14.219595082555067,59.65783953108687,11.49902366656781,9.473725907600098,11.49902366656781,0.0,19.32612247739577,6.4208216229260096,0.0,17.230869371142294,48.53093654769288,0.0,38.69,6.103966387748303,5.106527394840706,0.0,23.483296781190813,5.563451491696996,0.0,14.219595082555067,48.53093654769288,0.0,9.473725907600098,10.613328609221465,0.0,0.0,10.43783635676493,1.7632520786092218,1.2829280045351479,15.354512471655326,-0.13342592592592595,0.0,3.1815684051398336,0.25,19,1,3,0,0,2,0,2,3,1,3,5,2,2.9799000000000015,74.65180000000005,1,1,0,0,0,2,0,0,2,2,0,2
PC7,O=C(C1=CC=C(N(C)C)C=C1)C2=CC=C(N(C)C)C=C2,12.381396447467875,0.0561224489795924,12.381396447467875,0.0561224489795924,0.7962697212458443,268.36,248.19999999999996,268.15756326,104,0.19252479793990282,-0.3776608809736752,0.3776608809736752,0.19252479793990282,0.65,0.95,1.2,16.138283621538587,10.024725411351065,2.0902851129322793,-2.1325146187593997,2.1753969878418893,-2.0967329543690263,6.087944404687125,0.10340660166612332,2.2190020999743028,529.8919984605118,14.698306133819765,12.421477634980787,12.421477634980787,9.486071002992366,6.58292653282356,6.58292653282356,5.211726575915713,5.211726575915713,3.2917823765651146,3.2917823765651146,1.9885611576698574,1.9885611576698574,-2.2899999999999996,32168.37817138304,14.12615235609707,5.780708152415934,2.991465685162001,119.99439733799454,9.799819461700956,0.0,5.783244946364939,0.0,0.0,4.794537184071822,0.0,0.0,0.0,48.53093654769288,50.69236346346987,0.0,4.794537184071822,17.158017495732064,0.0,0.0,37.99050739240972,59.65783953108687,0.0,9.799819461700956,11.374772549367124,0.0,0.0,33.9739328770737,0.0,15.921440167465814,48.53093654769288,0.0,0.0,23.550000000000004,0.0,4.794537184071822,5.783244946364939,11.126902983393991,11.374772549367124,0.0,0.0,86.5214439401026,0.0,0.0,0.0,0.0,16.409438775510203,0.0,3.6068680934265354,0.0561224489795924,15.329155328798185,0.0,0.0,7.931748686618817,0.23529411764705882,20,0,3,0,0,0,2,0,2,3,0,3,4,2,3.0496000000000016,84.97050000000004,0,0,1,1,2,0,0,0,2,0,2,0,0,0,1,0,0,0,Alc8,OC(CC1=CC=CC=C1)(C)C2=CC=C(OC)C=C2,10.562004913076343,-0.8674357520786091,10.562004913076343,0.5973896919879061,0.8921056666605938,242.31799999999996,224.17399999999995,242.130679816,94,0.11838137186134988,-0.4967681887289843,0.4967681887289843,0.11838137186134988,1.0,1.6111111111111112,2.1666666666666665,16.465304335878308,9.889503760970026,2.22797150875665,-2.2385349345184125,2.2631394577439528,-2.2362172676827443,5.316379902260567,0.057569130157961716,2.1884279567800498,486.2652269194349,13.010225400620904,10.758721089857001,10.758721089857001,8.615321630085539,6.025136822201199,6.025136822201199,4.664730960695685,4.664730960695685,3.103088053135465,3.103088053135465,2.045469160275508,2.045469160275508,-1.7999999999999998,13287.836301449152,12.651595457003785,5.233467659312888,2.90182022893601,107.85604476485034,9.843390348640755,5.749511833283905,0.0,0.0,0.0,0.0,0.0,42.46456947923127,30.183374320007832,6.4208216229260096,12.710848352261221,9.843390348640755,0.0,18.94560963360032,7.109797541277533,65.72420659954848,5.749511833283905,4.736862953800049,5.749511833283905,0.0,12.216324936118239,12.021872433909698,0.0,18.050640183084614,54.59730361615449,0.0,29.46,5.601050810983688,5.106527394840706,0.0,6.4208216229260096,16.876414816677897,0.0,7.109797541277533,61.52104081584511,0.0,4.736862953800049,5.118487727850552,0.0,0.0,10.562004913076343,1.1515189856806924,0.8002417695473254,17.549198270931676,0.5973896919879061,1.8351284958427816,1.6360301450827244,0.25,18,1,2,0,0,2,0,2,2,1,2,4,2,3.1454000000000013,72.71080000000005,1,0,0,0,0,2,0,0,1,1,0,0
PC7,O=C(C1=CC=C(N(C)C)C=C1)C2=CC=C(N(C)C)C=C2,12.381396447467875,0.0561224489795924,12.381396447467875,0.0561224489795924,0.7962697212458443,268.36,248.19999999999996,268.15756326,104,0.19252479793990282,-0.3776608809736752,0.3776608809736752,0.19252479793990282,0.65,0.95,1.2,16.138283621538587,10.024725411351065,2.0902851129322793,-2.1325146187593997,2.1753969878418893,-2.0967329543690263,6.087944404687125,0.10340660166612332,2.2190020999743028,529.8919984605118,14.698306133819765,12.421477634980787,12.421477634980787,9.486071002992366,6.58292653282356,6.58292653282356,5.211726575915713,5.211726575915713,3.2917823765651146,3.2917823765651146,1.9885611576698574,1.9885611576698574,-2.2899999999999996,32168.37817138304,14.12615235609707,5.780708152415934,2.991465685162001,119.99439733799454,9.799819461700956,0.0,5.783244946364939,0.0,0.0,4.794537184071822,0.0,0.0,0.0,48.53093654769288,50.69236346346987,0.0,4.794537184071822,17.158017495732064,0.0,0.0,37.99050739240972,59.65783953108687,0.0,9.799819461700956,11.374772549367124,0.0,0.0,33.9739328770737,0.0,15.921440167465814,48.53093654769288,0.0,0.0,23.550000000000004,0.0,4.794537184071822,5.783244946364939,11.126902983393991,11.374772549367124,0.0,0.0,86.5214439401026,0.0,0.0,0.0,0.0,16.409438775510203,0.0,3.6068680934265354,0.0561224489795924,15.329155328798185,0.0,0.0,7.931748686618817,0.23529411764705882,20,0,3,0,0,0,2,0,2,3,0,3,4,2,3.0496000000000016,84.97050000000004,0,0,1,1,2,0,0,0,2,0,2,0,0,0,1,0,0,0,Alc9,OC(CC1=CC=CC=C1)(C)C2=CC(OC)=C(OC)C=C2,10.726415343915345,-0.9574357520786094,10.726415343915345,0.5449633881330308,0.9083721892957952,272.34399999999994,252.18399999999994,272.1412445,106,0.16059535666137958,-0.4928699470920177,0.4928699470920177,0.16059535666137958,0.95,1.6,2.2,16.507863905067826,9.886714685339358,2.2446519921947496,-2.246767402855474,2.332200446601139,-2.238535516915506,5.443974299613938,0.05730381851548327,2.2900575453340792,561.7027291484295,14.58757566981053,12.089619111131238,12.089619111131238,9.564010035069282,6.554175924563661,6.554175924563661,5.005991953051767,5.005991953051767,3.3966099446226505,3.3966099446226505,2.2666261378643466,2.2666261378643466,-2.0,33330.10718164373,14.409972299168976,5.969821673525377,3.114186851211073,119.3345321087538,14.580253302440804,0.0,11.49902366656781,0.0,0.0,0.0,0.0,36.39820241076966,30.183374320007832,6.4208216229260096,19.820645893538753,14.580253302440804,0.0,18.94560963360032,14.219595082555067,59.65783953108687,11.49902366656781,9.473725907600098,11.49902366656781,0.0,19.32612247739577,12.021872433909698,0.0,18.050640183084614,48.53093654769288,0.0,38.69,5.601050810983688,5.106527394840706,0.0,17.919845289493818,11.126902983393991,0.0,21.14333228224569,48.53093654769288,0.0,9.473725907600098,10.501666582725836,0.0,0.0,10.726415343915345,0.937275315990594,1.2824979528848581,15.429372643149698,0.5449633881330308,1.8067951625094483,3.187680277357857,0.29411764705882354,20,1,3,0,0,2,0,2,3,1,3,5,2,3.1540000000000017,79.26280000000006,1,0,0,0,0,2,0,0,2,2,0,0
PC7,O=C(C1=CC=C(N(C)C)C=C1)C2=CC=C(N(C)C)C=C2,12.381396447467875,0.0561224489795924,12.381396447467875,0.0561224489795924,0.7962697212458443,268.36,248.19999999999996,268.15756326,104,0.19252479793990282,-0.3776608809736752,0.3776608809736752,0.19252479793990282,0.65,0.95,1.2,16.138283621538587,10.024725411351065,2.0902851129322793,-2.1325146187593997,2.1753969878418893,-2.0967329543690263,6.087944404687125,0.10340660166612332,2.2190020999743028,529.8919984605118,14.698306133819765,12.421477634980787,12.421477634980787,9.486071002992366,6.58292653282356,6.58292653282356,5.211726575915713,5.211726575915713,3.2917823765651146,3.2917823765651146,1.9885611576698574,1.9885611576698574,-2.2899999999999996,32168.37817138304,14.12615235609707,5.780708152415934,2.991465685162001,119.99439733799454,9.799819461700956,0.0,5.783244946364939,0.0,0.0,4.794537184071822,0.0,0.0,0.0,48.53093654769288,50.69236346346987,0.0,4.794537184071822,17.158017495732064,0.0,0.0,37.99050739240972,59.65783953108687,0.0,9.799819461700956,11.374772549367124,0.0,0.0,33.9739328770737,0.0,15.921440167465814,48.53093654769288,0.0,0.0,23.550000000000004,0.0,4.794537184071822,5.783244946364939,11.126902983393991,11.374772549367124,0.0,0.0,86.5214439401026,0.0,0.0,0.0,0.0,16.409438775510203,0.0,3.6068680934265354,0.0561224489795924,15.329155328798185,0.0,0.0,7.931748686618817,0.23529411764705882,20,0,3,0,0,0,2,0,2,3,0,3,4,2,3.0496000000000016,84.97050000000004,0,0,1,1,2,0,0,0,2,0,2,0,0,0,1,0,0,0,Alc10,OC(CC1=CC=CC=C1)C2=CC=CS2,9.873253023431594,-0.363518518518519,9.873253023431594,0.363518518518519,0.8144390837938148,204.29399999999998,192.19799999999998,204.060886004,72,0.09216528017574561,-0.3872321395951382,0.3872321395951382,0.09216528017574561,1.0714285714285714,1.8571428571428572,2.5,32.13347351704487,10.076452642388125,2.0789213690058697,-2.072307396572147,2.2167942612728524,-1.9832437646643386,7.095204082273813,0.18207119399780475,2.0553179911767563,366.484957172308,9.803118619434356,7.758721089857002,8.575217670784728,6.860173345306137,4.614527514810998,5.4941803260658935,3.2209400579704255,4.200212366132882,2.1434838152946787,3.117025631515786,1.418819851357115,2.130640812291436,-1.1199999999999999,3066.3242502334906,9.435606308498535,4.39885050222963,2.218442359688379,87.65297857696171,5.106527394840706,0.0,0.0,0.0,0.0,0.0,11.336785877934737,36.39820241076966,17.00988133062452,11.297968816627309,6.103966387748303,5.106527394840706,11.336785877934737,12.524788010674312,0.0,58.28523093509548,0.0,0.0,0.0,11.336785877934737,5.106527394840706,6.4208216229260096,0.0,16.5445650731466,47.844632249697185,0.0,20.23,0.0,5.106527394840706,6.103966387748303,6.4208216229260096,4.877147193701299,5.563451491696996,11.336785877934737,47.844632249697185,0.0,0.0,0.0,1.6002690381708238,1.0359750566893426,11.862882653061224,1.1744444444444446,0.0,13.994160289115648,0.3322685185185179,0.0,0.0,0.16666666666666666,14,1,1,0,0,1,1,2,2,1,2,3,2,3.0242000000000013,59.42480000000003,1,1,0,0,0,1,0,0,0,0,1,0
PC7,O=C(C1=CC=C(N(C)C)C=C1)C2=CC=C(N(C)C)C=C2,12.381396447467875,0.0561224489795924,12.381396447467875,0.0561224489795924,0.7962697212458443,268.36,248.19999999999996,268.15756326,104,0.19252479793990282,-0.3776608809736752,0.3776608809736752,0.19252479793990282,0.65,0.95,1.2,16.138283621538587,10.024725411351065,2.0902851129322793,-2.1325146187593997,2.1753969878418893,-2.0967329543690263,6.087944404687125,0.10340660166612332,2.2190020999743028,529.8919984605118,14.698306133819765,12.421477634980787,12.421477634980787,9.486071002992366,6.58292653282356,6.58292653282356,5.211726575915713,5.211726575915713,3.2917823765651146,3.2917823765651146,1.9885611576698574,1.9885611576698574,-2.2899999999999996,32168.37817138304,14.12615235609707,5.780708152415934,2.991465685162001,119.99439733799454,9.799819461700956,0.0,5.783244946364939,0.0,0.0,4.794537184071822,0.0,0.0,0.0,48.53093654769288,50.69236346346987,0.0,4.794537184071822,17.158017495732064,0.0,0.0,37.99050739240972,59.65783953108687,0.0,9.799819461700956,11.374772549367124,0.0,0.0,33.9739328770737,0.0,15.921440167465814,48.53093654769288,0.0,0.0,23.550000000000004,0.0,4.794537184071822,5.783244946364939,11.126902983393991,11.374772549367124,0.0,0.0,86.5214439401026,0.0,0.0,0.0,0.0,16.409438775510203,0.0,3.6068680934265354,0.0561224489795924,15.329155328798185,0.0,0.0,7.931748686618817,0.23529411764705882,20,0,3,0,0,0,2,0,2,3,0,3,4,2,3.0496000000000016,84.97050000000004,0,0,1,1,2,0,0,0,2,0,2,0,0,0,1,0,0,0,Alc11,OC(CC1=CC=CC=C1)C2=CC=C3C(C=CC=C3)=C2,10.333416477702194,-0.45184618291761214,10.333416477702194,0.45184618291761214,0.7390124361646712,248.325,232.19699999999995,248.120115132,94,0.08300986627191954,-0.3880716629573365,0.3880716629573365,0.08300986627191954,0.7368421052631579,1.4210526315789473,2.210526315789474,16.266084676889072,9.986417291736672,2.0837478242584777,-2.1170473119725113,2.22495003462181,-2.010327051240819,5.8258821301024994,0.17837975584231427,1.8694641546477884,673.3497852752665,13.079139501373252,10.659873876151643,10.659873876151643,9.326499840494922,6.534743448824282,6.534743448824282,4.812108496772772,4.812108496772772,3.4301714223830455,3.4301714223830455,2.370271692755298,2.370271692755298,-2.119999999999999,36765.486524452244,11.941790792875613,5.2496193822875306,2.665278690398365,112.69427983828544,5.106527394840706,0.0,0.0,0.0,0.0,0.0,0.0,66.73003775307771,27.965718480785192,6.4208216229260096,6.103966387748303,5.106527394840706,10.772448428929591,12.524788010674312,0.0,83.92330780493333,0.0,0.0,0.0,0.0,5.106527394840706,6.4208216229260096,0.0,17.230869371142294,72.79640482153933,10.772448428929591,20.23,6.103966387748303,5.106527394840706,0.0,6.4208216229260096,11.126902983393991,10.772448428929591,0.0,48.53093654769288,24.26546827384644,0.0,0.0,0.0,0.0,12.713298689846312,2.1302885907449403,0.0,24.456294380406483,0.20011833900226683,0.0,0.0,0.1111111111111111,19,1,1,0,0,3,0,3,1,1,1,3,3,4.1159000000000034,79.05380000000005,1,1,0,0,0,3,1,0,0,0,0,0
PC7,O=C(C1=CC=C(N(C)C)C=C1)C2=CC=C(N(C)C)C=C2,12.381396447467875,0.0561224489795924,12.381396447467875,0.0561224489795924,0.7962697212458443,268.36,248.19999999999996,268.15756326,104,0.19252479793990282,-0.3776608809736752,0.3776608809736752,0.19252479793990282,0.65,0.95,1.2,16.138283621538587,10.024725411351065,2.0902851129322793,-2.1325146187593997,2.1753969878418893,-2.0967329543690263,6.087944404687125,0.10340660166612332,2.2190020999743028,529.8919984605118,14.698306133819765,12.421477634980787,12.421477634980787,9.486071002992366,6.58292653282356,6.58292653282356,5.211726575915713,5.211726575915713,3.2917823765651146,3.2917823765651146,1.9885611576698574,1.9885611576698574,-2.2899999999999996,32168.37817138304,14.12615235609707,5.780708152415934,2.991465685162001,119.99439733799454,9.799819461700956,0.0,5.783244946364939,0.0,0.0,4.794537184071822,0.0,0.0,0.0,48.53093654769288,50.69236346346987,0.0,4.794537184071822,17.158017495732064,0.0,0.0,37.99050739240972,59.65783953108687,0.0,9.799819461700956,11.374772549367124,0.0,0.0,33.9739328770737,0.0,15.921440167465814,48.53093654769288,0.0,0.0,23.550000000000004,0.0,4.794537184071822,5.783244946364939,11.126902983393991,11.374772549367124,0.0,0.0,86.5214439401026,0.0,0.0,0.0,0.0,16.409438775510203,0.0,3.6068680934265354,0.0561224489795924,15.329155328798185,0.0,0.0,7.931748686618817,0.23529411764705882,20,0,3,0,0,0,2,0,2,3,0,3,4,2,3.0496000000000016,84.97050000000004,0,0,1,1,2,0,0,0,2,0,2,0,0,0,1,0,0,0,Alc12,OC(CC1=CC=CC=C1)C2=C3C(C=CC=C3)=CC=C2,10.471969009826154,-0.4643518518518521,10.471969009826154,0.4643518518518521,0.7390124361646712,248.325,232.19699999999995,248.120115132,94,0.08358696226666694,-0.38804892064838004,0.38804892064838004,0.08358696226666694,0.7368421052631579,1.4210526315789473,2.263157894736842,16.266124497202814,9.961087361988065,2.108514386470234,-2.1353412666234526,2.259726004252622,-2.01936407132354,5.854953122949918,0.17978572251943617,1.955927549052766,668.0997852752665,13.079139501373252,10.659873876151643,10.659873876151643,9.34333659290053,6.540726512967988,6.540726512967988,4.773896153800053,4.773896153800053,3.454236172267494,3.454236172267494,2.4883469055147316,2.4883469055147316,-2.119999999999999,37234.02225887323,11.941790792875613,5.2496193822875306,2.5146438115478507,112.69427983828544,5.106527394840706,0.0,0.0,0.0,0.0,0.0,0.0,72.79640482153933,21.899351412323583,6.4208216229260096,6.103966387748303,5.106527394840706,10.772448428929591,12.524788010674312,0.0,83.92330780493333,0.0,0.0,0.0,0.0,5.106527394840706,6.4208216229260096,0.0,17.230869371142294,72.79640482153933,10.772448428929591,20.23,6.103966387748303,5.106527394840706,0.0,6.4208216229260096,16.513127197858786,5.386224214464796,0.0,54.59730361615449,18.19910120538483,0.0,0.0,0.0,0.0,12.778027158394224,2.157303004535148,0.0,24.381355400184763,0.18331443688586524,0.0,0.0,0.1111111111111111,19,1,1,0,0,3,0,3,1,1,1,3,3,4.1159000000000034,79.05380000000005,1,1,0,0,0,3,1,0,0,0,0,0
PC7,O=C(C1=CC=C(N(C)C)C=C1)C2=CC=C(N(C)C)C=C2,12.381396447467875,0.0561224489795924,12.381396447467875,0.0561224489795924,0.7962697212458443,268.36,248.19999999999996,268.15756326,104,0.19252479793990282,-0.3776608809736752,0.3776608809736752,0.19252479793990282,0.65,0.95,1.2,16.138283621538587,10.024725411351065,2.0902851129322793,-2.1325146187593997,2.1753969878418893,-2.0967329543690263,6.087944404687125,0.10340660166612332,2.2190020999743028,529.8919984605118,14.698306133819765,12.421477634980787,12.421477634980787,9.486071002992366,6.58292653282356,6.58292653282356,5.211726575915713,5.211726575915713,3.2917823765651146,3.2917823765651146,1.9885611576698574,1.9885611576698574,-2.2899999999999996,32168.37817138304,14.12615235609707,5.780708152415934,2.991465685162001,119.99439733799454,9.799819461700956,0.0,5.783244946364939,0.0,0.0,4.794537184071822,0.0,0.0,0.0,48.53093654769288,50.69236346346987,0.0,4.794537184071822,17.158017495732064,0.0,0.0,37.99050739240972,59.65783953108687,0.0,9.799819461700956,11.374772549367124,0.0,0.0,33.9739328770737,0.0,15.921440167465814,48.53093654769288,0.0,0.0,23.550000000000004,0.0,4.794537184071822,5.783244946364939,11.126902983393991,11.374772549367124,0.0,0.0,86.5214439401026,0.0,0.0,0.0,0.0,16.409438775510203,0.0,3.6068680934265354,0.0561224489795924,15.329155328798185,0.0,0.0,7.931748686618817,0.23529411764705882,20,0,3,0,0,0,2,0,2,3,0,3,4,2,3.0496000000000016,84.97050000000004,0,0,1,1,2,0,0,0,2,0,2,0,0,0,1,0,0,0,Alc13,OC(CC1=CC=CC=C1)C2=CC(OCO3)=C3C=C2,10.20884164777022,-0.5260185185185189,10.20884164777022,0.25750711414807714,0.8989449432481046,242.27399999999994,228.16199999999995,242.094294308,92,0.23080037765931263,-0.45359546622627495,0.45359546622627495,0.23080037765931263,1.0,1.7777777777777777,2.611111111111111,16.69672242832603,10.010456757448827,2.1618380133670794,-2.1120797030123173,2.3423428663928165,-2.0110859698250523,5.447982471537591,0.171222170739647,1.7820126966370167,536.6899070467601,12.372032720186704,9.874076161507412,9.874076161507412,8.826499840494922,5.9429917392881455,5.9429917392881455,4.31821918647156,4.31821918647156,3.053275194816359,3.053275194816359,2.0756028645147335,2.0756028645147335,-1.9999999999999996,27276.075850448757,11.11111111111111,4.704,2.172635445362718,105.59881672643137,14.580253302440804,0.0,11.49902366656781,6.792942306099827,0.0,0.0,0.0,36.39820241076966,23.259637120317212,6.4208216229260096,6.103966387748303,14.580253302440804,0.0,12.524788010674312,6.792942306099827,59.65783953108687,11.49902366656781,9.473725907600098,11.49902366656781,0.0,11.899469700940532,6.4208216229260096,0.0,17.230869371142294,48.53093654769288,0.0,38.69,6.103966387748303,5.106527394840706,6.792942306099827,12.170333456209914,16.876414816677897,0.0,0.0,48.53093654769288,0.0,9.473725907600098,10.55373952301306,0.0,0.0,10.20884164777022,1.9636758314436888,1.4493266565885616,15.495225553567005,0.0716836734693872,0.25750711414807714,0.0,0.2,18,1,3,1,1,2,0,2,3,1,3,3,3,2.6914000000000007,67.67080000000004,1,1,0,0,0,2,1,0,2,0,0,0
PC7,O=C(C1=CC=C(N(C)C)C=C1)C2=CC=C(N(C)C)C=C2,12.381396447467875,0.0561224489795924,12.381396447467875,0.0561224489795924,0.7962697212458443,268.36,248.19999999999996,268.15756326,104,0.19252479793990282,-0.3776608809736752,0.3776608809736752,0.19252479793990282,0.65,0.95,1.2,16.138283621538587,10.024725411351065,2.0902851129322793,-2.1325146187593997,2.1753969878418893,-2.0967329543690263,6.087944404687125,0.10340660166612332,2.2190020999743028,529.8919984605118,14.698306133819765,12.421477634980787,12.421477634980787,9.486071002992366,6.58292653282356,6.58292653282356,5.211726575915713,5.211726575915713,3.2917823765651146,3.2917823765651146,1.9885611576698574,1.9885611576698574,-2.2899999999999996,32168.37817138304,14.12615235609707,5.780708152415934,2.991465685162001,119.99439733799454,9.799819461700956,0.0,5.783244946364939,0.0,0.0,4.794537184071822,0.0,0.0,0.0,48.53093654769288,50.69236346346987,0.0,4.794537184071822,17.158017495732064,0.0,0.0,37.99050739240972,59.65783953108687,0.0,9.799819461700956,11.374772549367124,0.0,0.0,33.9739328770737,0.0,15.921440167465814,48.53093654769288,0.0,0.0,23.550000000000004,0.0,4.794537184071822,5.783244946364939,11.126902983393991,11.374772549367124,0.0,0.0,86.5214439401026,0.0,0.0,0.0,0.0,16.409438775510203,0.0,3.6068680934265354,0.0561224489795924,15.329155328798185,0.0,0.0,7.931748686618817,0.23529411764705882,20,0,3,0,0,0,2,0,2,3,0,3,4,2,3.0496000000000016,84.97050000000004,0,0,1,1,2,0,0,0,2,0,2,0,0,0,1,0,0,0,Alc14,OC(CC1=CC=CC=C1)C2=CC=C3C(OCCO3)=C2,10.279154147770221,-0.5294198790627365,10.279154147770221,0.5294198790627365,0.917331086007642,256.30099999999993,240.17299999999994,256.10994437200003,98,0.16122961165638874,-0.4861472727903348,0.4861472727903348,0.16122961165638874,0.9473684210526315,1.6842105263157894,2.473684210526316,16.562628442435113,10.008696216764893,2.1511380646401257,-2.1988672450591435,2.3280711304727224,-2.1537912220555357,5.441928645560842,0.1642102965101603,1.779518636946347,551.1754332522945,13.079139501373252,10.58118294269396,10.58118294269396,9.326499840494922,6.442991739288146,6.442991739288146,4.608616346737665,4.608616346737665,3.2228815431838655,3.2228815431838655,2.222419671269494,2.222419671269494,-1.9999999999999996,36765.486524452244,12.055401662049862,5.325443786982248,2.71280276816609,111.96375884082798,14.580253302440804,13.213763929025836,11.49902366656781,0.0,0.0,0.0,0.0,36.39820241076966,23.259637120317212,6.4208216229260096,6.103966387748303,14.580253302440804,0.0,12.524788010674312,13.213763929025836,59.65783953108687,11.49902366656781,9.473725907600098,11.49902366656781,0.0,18.32029132386654,6.4208216229260096,0.0,17.230869371142294,48.53093654769288,0.0,38.69,6.103966387748303,5.106527394840706,0.0,19.634585551951847,22.6259266499618,0.0,0.0,48.53093654769288,0.0,9.473725907600098,10.998183967457507,0.0,0.0,10.279154147770221,1.970363074242043,1.4701599899218951,15.570851127488034,0.06828231292516962,1.1430053801951348,0.0,0.25,19,1,3,1,1,2,0,2,3,1,3,3,3,2.733900000000001,72.53780000000005,1,1,0,0,0,2,1,0,2,0,0,0
PC8,O=C1C2=C(C=CC=C2)NC3=CC=CC=C31,12.067962962962962,0.09717592592592639,12.067962962962962,0.09717592592592639,0.5494642545068136,195.22099999999998,186.14899999999997,195.068413908,72,0.19670204968849045,-0.3543178962422378,0.3543178962422378,0.19670204968849045,0.7333333333333333,1.2,1.7333333333333334,16.132093255674572,10.114703213193962,2.0204157206195985,-2.0057461082793546,2.127926142383754,-2.0276648693692767,5.916339366882252,1.4797192117623024,2.6627666913495847,640.2898406010062,10.25071237662706,8.02705044398087,8.02705044398087,7.360173345306137,4.858824683611184,4.858824683611184,3.545291709197352,3.545291709197352,2.6127192070186562,2.6127192070186562,1.8704122758241672,1.8704122758241672,-2.0899999999999994,4959.094331954027,8.237481994583195,2.953088807142451,1.1486969344700964,86.17590226395765,4.9839785209472085,0.0,5.428790391900541,0.0,0.0,4.794537184071822,0.0,0.0,24.26546827384644,24.26546827384644,21.805849864162113,0.0,0.0,21.805849864162113,4.9839785209472085,0.0,0.0,58.75426412366524,0.0,5.428790391900541,0.0,0.0,0.0,4.9839785209472085,0.0,0.0,53.3254737317647,0.0,21.805849864162113,32.86,0.0,4.794537184071822,5.428790391900541,0.0,21.805849864162113,0.0,0.0,48.53093654769288,4.9839785209472085,0.0,0.0,0.0,15.31800925925926,1.4929629629629635,1.8771759259259269,0.0,15.145185185185186,0.0,0.0,0.0,0.0,15,1,2,0,0,0,2,1,3,1,1,2,0,3,2.6813000000000002,62.074700000000036,1,1,0,0,0,1,1,0,0,0,2,2,0,0,0,0,2,1,Alc1,OC(CC1=CC=CC=C1)C2=CC=C(C(OC)=O)C=C2,11.300882193186936,-0.5749102418745282,11.300882193186936,0.3712044724021635,0.8555190559485526,256.30099999999993,240.17299999999994,256.10994437200003,98,0.33734179298009886,-0.4654175212523233,0.4654175212523233,0.33734179298009886,1.105263157894737,1.736842105263158,2.3157894736842106,16.523293378425766,10.003236877957912,2.100617014517665,-2.111125286046951,2.185198707818772,-2.040609496672206,5.887593188002341,0.06002383438700396,2.073681425115431,531.6803207544581,13.664925939000156,10.74431964951049,10.74431964951049,9.202708600407233,6.107223093895716,6.107223093895716,4.31911057255133,4.31911057255133,2.9884308157697754,2.9884308157697754,1.9144073831934183,1.9144073831934183,-2.1299999999999994,25130.041075738343,13.30515171594639,6.15877056967385,3.421837675345536,112.01756686489409,9.843390348640755,0.0,0.0,0.0,5.969305287951849,4.794537184071822,0.0,42.46456947923127,23.259637120317212,6.4208216229260096,18.777215420722833,14.637927532712578,5.969305287951849,12.524788010674312,7.109797541277533,71.28765809124549,0.0,0.0,0.0,0.0,18.18563022407009,11.157684576726059,0.0,27.58885804691111,54.59730361615449,0.0,46.53,6.103966387748303,9.901064578912528,5.969305287951849,11.984273114623004,11.126902983393991,7.109797541277533,24.26546827384644,30.33183534230805,4.736862953800049,0.0,4.63082306110129,0.0,11.300882193186936,10.144462317334341,2.3488071092634595,-0.3712044724021635,16.619447777784718,-0.020931201184178128,0.0,1.347713214915596,0.1875,19,1,3,0,0,2,0,2,3,1,3,4,2,2.7493000000000007,72.88730000000004,1,1,1,1,0,2,0,1,1,1,0,1
PC8,O=C1C2=C(C=CC=C2)NC3=CC=CC=C31,12.067962962962962,0.09717592592592639,12.067962962962962,0.09717592592592639,0.5494642545068136,195.22099999999998,186.14899999999997,195.068413908,72,0.19670204968849045,-0.3543178962422378,0.3543178962422378,0.19670204968849045,0.7333333333333333,1.2,1.7333333333333334,16.132093255674572,10.114703213193962,2.0204157206195985,-2.0057461082793546,2.127926142383754,-2.0276648693692767,5.916339366882252,1.4797192117623024,2.6627666913495847,640.2898406010062,10.25071237662706,8.02705044398087,8.02705044398087,7.360173345306137,4.858824683611184,4.858824683611184,3.545291709197352,3.545291709197352,2.6127192070186562,2.6127192070186562,1.8704122758241672,1.8704122758241672,-2.0899999999999994,4959.094331954027,8.237481994583195,2.953088807142451,1.1486969344700964,86.17590226395765,4.9839785209472085,0.0,5.428790391900541,0.0,0.0,4.794537184071822,0.0,0.0,24.26546827384644,24.26546827384644,21.805849864162113,0.0,0.0,21.805849864162113,4.9839785209472085,0.0,0.0,58.75426412366524,0.0,5.428790391900541,0.0,0.0,0.0,4.9839785209472085,0.0,0.0,53.3254737317647,0.0,21.805849864162113,32.86,0.0,4.794537184071822,5.428790391900541,0.0,21.805849864162113,0.0,0.0,48.53093654769288,4.9839785209472085,0.0,0.0,0.0,15.31800925925926,1.4929629629629635,1.8771759259259269,0.0,15.145185185185186,0.0,0.0,0.0,0.0,15,1,2,0,0,0,2,1,3,1,1,2,0,3,2.6813000000000002,62.074700000000036,1,1,0,0,0,1,1,0,0,0,2,2,0,0,0,0,2,1,Alc2,OC(CC1=CC=CC=C1)C2=CC=CC=C2,9.973947467876041,-0.40870370370370424,9.973947467876041,0.40870370370370424,0.8035051734358308,198.265,184.15299999999996,198.104465068,76,0.08298804952950145,-0.3880720436533714,0.3880720436533714,0.08298804952950145,0.8,1.3333333333333333,1.9333333333333333,16.266076170609406,10.017292443134783,2.0630459693402803,-2.099774890735418,2.1679020868127488,-2.0051469961497723,5.216146633482743,0.17822792250631558,2.0784516078094564,394.1985815306015,10.510225400620904,8.50517333777239,8.50517333777239,7.360173345306137,5.13004291044503,5.13004291044503,3.6162040833489484,3.6162040833489484,2.4562220383138484,2.4562220383138484,1.6303928292672958,1.6303928292672958,-1.5999999999999996,4035.3008467528234,9.936265432098764,4.759877126654065,2.6729591836734703,90.01261530655025,5.106527394840706,0.0,0.0,0.0,0.0,0.0,0.0,60.6636706846161,11.126902983393991,6.4208216229260096,6.103966387748303,5.106527394840706,0.0,12.524788010674312,0.0,71.7905736680101,0.0,0.0,0.0,0.0,5.106527394840706,6.4208216229260096,0.0,17.230869371142294,60.6636706846161,0.0,20.23,6.103966387748303,5.106527394840706,0.0,6.4208216229260096,11.126902983393991,0.0,0.0,60.6636706846161,0.0,0.0,0.0,0.0,0.0,9.973947467876041,2.1344501133786853,0.0,19.795491307634165,0.2627777777777772,0.0,0.0,0.14285714285714285,15,1,1,0,0,2,0,2,1,1,1,3,2,2.9627000000000008,61.54780000000004,1,1,0,0,0,2,0,0,0,0,0,0
PC8,O=C1C2=C(C=CC=C2)NC3=CC=CC=C31,12.067962962962962,0.09717592592592639,12.067962962962962,0.09717592592592639,0.5494642545068136,195.22099999999998,186.14899999999997,195.068413908,72,0.19670204968849045,-0.3543178962422378,0.3543178962422378,0.19670204968849045,0.7333333333333333,1.2,1.7333333333333334,16.132093255674572,10.114703213193962,2.0204157206195985,-2.0057461082793546,2.127926142383754,-2.0276648693692767,5.916339366882252,1.4797192117623024,2.6627666913495847,640.2898406010062,10.25071237662706,8.02705044398087,8.02705044398087,7.360173345306137,4.858824683611184,4.858824683611184,3.545291709197352,3.545291709197352,2.6127192070186562,2.6127192070186562,1.8704122758241672,1.8704122758241672,-2.0899999999999994,4959.094331954027,8.237481994583195,2.953088807142451,1.1486969344700964,86.17590226395765,4.9839785209472085,0.0,5.428790391900541,0.0,0.0,4.794537184071822,0.0,0.0,24.26546827384644,24.26546827384644,21.805849864162113,0.0,0.0,21.805849864162113,4.9839785209472085,0.0,0.0,58.75426412366524,0.0,5.428790391900541,0.0,0.0,0.0,4.9839785209472085,0.0,0.0,53.3254737317647,0.0,21.805849864162113,32.86,0.0,4.794537184071822,5.428790391900541,0.0,21.805849864162113,0.0,0.0,48.53093654769288,4.9839785209472085,0.0,0.0,0.0,15.31800925925926,1.4929629629629635,1.8771759259259269,0.0,15.145185185185186,0.0,0.0,0.0,0.0,15,1,2,0,0,0,2,1,3,1,1,2,0,3,2.6813000000000002,62.074700000000036,1,1,0,0,0,1,1,0,0,0,2,2,0,0,0,0,2,1,Alc3,OC(CC1=CC=CC=C1)C2=CC=C(C3=CC=CC=C3)C=C2,10.335407533383725,-0.46090429999160243,10.335407533383725,0.46090429999160243,0.7351163069128532,274.363,256.21899999999994,274.135765196,104,0.08298875307923671,-0.388072037808165,0.388072037808165,0.08298875307923671,0.6190476190476191,1.1428571428571428,1.7619047619047619,16.266083292964606,9.982653573837602,2.0818451903734125,-2.1170537852257123,2.231560758845956,-2.009876154068321,5.629945446690994,0.17824227821530972,1.7483318000385286,672.0487817325015,14.493353063746348,11.814574414530895,11.814574414530895,10.326499840494922,7.2014101154909484,7.2014101154909484,5.193554352538573,5.193554352538573,3.674455551106933,3.674455551106933,2.483526521520132,2.483526521520132,-2.379999999999999,104293.42426850586,13.596094137037953,6.379998762558589,3.3882865583782404,125.06970951261428,5.106527394840706,0.0,0.0,0.0,0.0,0.0,0.0,84.92913895846256,22.253805966787983,6.4208216229260096,6.103966387748303,5.106527394840706,0.0,12.524788010674312,0.0,96.05604194185656,11.126902983393991,0.0,0.0,0.0,5.106527394840706,6.4208216229260096,0.0,17.230869371142294,84.92913895846256,11.126902983393991,20.23,6.103966387748303,5.106527394840706,0.0,6.4208216229260096,11.126902983393991,11.126902983393991,0.0,60.6636706846161,24.26546827384644,0.0,0.0,0.0,0.0,10.335407533383725,4.475491082490542,0.0,28.505636982933158,0.1834644011925748,0.0,0.0,0.1,21,1,1,0,0,3,0,3,1,1,1,4,3,4.629700000000004,86.98380000000003,1,1,0,0,0,3,0,0,0,0,0,1
PC8,O=C1C2=C(C=CC=C2)NC3=CC=CC=C31,12.067962962962962,0.09717592592592639,12.067962962962962,0.09717592592592639,0.5494642545068136,195.22099999999998,186.14899999999997,195.068413908,72,0.19670204968849045,-0.3543178962422378,0.3543178962422378,0.19670204968849045,0.7333333333333333,1.2,1.7333333333333334,16.132093255674572,10.114703213193962,2.0204157206195985,-2.0057461082793546,2.127926142383754,-2.0276648693692767,5.916339366882252,1.4797192117623024,2.6627666913495847,640.2898406010062,10.25071237662706,8.02705044398087,8.02705044398087,7.360173345306137,4.858824683611184,4.858824683611184,3.545291709197352,3.545291709197352,2.6127192070186562,2.6127192070186562,1.8704122758241672,1.8704122758241672,-2.0899999999999994,4959.094331954027,8.237481994583195,2.953088807142451,1.1486969344700964,86.17590226395765,4.9839785209472085,0.0,5.428790391900541,0.0,0.0,4.794537184071822,0.0,0.0,24.26546827384644,24.26546827384644,21.805849864162113,0.0,0.0,21.805849864162113,4.9839785209472085,0.0,0.0,58.75426412366524,0.0,5.428790391900541,0.0,0.0,0.0,4.9839785209472085,0.0,0.0,53.3254737317647,0.0,21.805849864162113,32.86,0.0,4.794537184071822,5.428790391900541,0.0,21.805849864162113,0.0,0.0,48.53093654769288,4.9839785209472085,0.0,0.0,0.0,15.31800925925926,1.4929629629629635,1.8771759259259269,0.0,15.145185185185186,0.0,0.0,0.0,0.0,15,1,2,0,0,0,2,1,3,1,1,2,0,3,2.6813000000000002,62.074700000000036,1,1,0,0,0,1,1,0,0,0,2,2,0,0,0,0,2,1,Alc4,OC(CC1=CC=CC=C1)C2=CC=C(C)C=C2,10.064839380196524,-0.41388888888888964,10.064839380196524,0.41388888888888964,0.827496933605173,212.29199999999997,196.16399999999996,212.120115132,82,0.0829883747658443,-0.38807204092055403,0.38807204092055403,0.0829883747658443,0.9375,1.5625,2.1875,16.266078389325447,10.006289195538882,2.069742142147314,-2.1072106640509842,2.1789660783789326,-2.009250363373895,5.250301887094522,0.17821400361845985,2.085070944860585,430.75194762320365,11.380468888623982,9.427823068582764,9.427823068582764,7.7540201954234895,5.54072651296799,5.54072651296799,4.116204083348947,4.116204083348947,2.7339998160916257,2.7339998160916257,1.7438068228410388,1.7438068228410388,-1.5999999999999996,5689.016293492532,10.902614268848035,4.950941945405614,2.7067723730180067,96.37755742094683,5.106527394840706,0.0,0.0,0.0,0.0,0.0,0.0,60.160755107851486,18.050640183084617,6.4208216229260096,6.103966387748303,5.106527394840706,0.0,19.448525210364934,0.0,71.28765809124549,0.0,0.0,0.0,0.0,5.106527394840706,6.4208216229260096,6.923737199690624,22.79432086283929,54.59730361615449,0.0,20.23,6.103966387748303,5.106527394840706,0.0,6.4208216229260096,11.126902983393991,5.563451491696996,0.0,61.52104081584511,0.0,0.0,0.0,0.0,0.0,10.064839380196524,3.3617492336440753,0.0,18.10113200218359,0.25664777021919793,2.048964947089947,0.0,0.2,16,1,1,0,0,2,0,2,1,1,1,3,2,3.2711200000000016,66.28480000000003,1,1,0,0,1,2,0,0,0,0,0,4
PC8,O=C1C2=C(C=CC=C2)NC3=CC=CC=C31,12.067962962962962,0.09717592592592639,12.067962962962962,0.09717592592592639,0.5494642545068136,195.22099999999998,186.14899999999997,195.068413908,72,0.19670204968849045,-0.3543178962422378,0.3543178962422378,0.19670204968849045,0.7333333333333333,1.2,1.7333333333333334,16.132093255674572,10.114703213193962,2.0204157206195985,-2.0057461082793546,2.127926142383754,-2.0276648693692767,5.916339366882252,1.4797192117623024,2.6627666913495847,640.2898406010062,10.25071237662706,8.02705044398087,8.02705044398087,7.360173345306137,4.858824683611184,4.858824683611184,3.545291709197352,3.545291709197352,2.6127192070186562,2.6127192070186562,1.8704122758241672,1.8704122758241672,-2.0899999999999994,4959.094331954027,8.237481994583195,2.953088807142451,1.1486969344700964,86.17590226395765,4.9839785209472085,0.0,5.428790391900541,0.0,0.0,4.794537184071822,0.0,0.0,24.26546827384644,24.26546827384644,21.805849864162113,0.0,0.0,21.805849864162113,4.9839785209472085,0.0,0.0,58.75426412366524,0.0,5.428790391900541,0.0,0.0,0.0,4.9839785209472085,0.0,0.0,53.3254737317647,0.0,21.805849864162113,32.86,0.0,4.794537184071822,5.428790391900541,0.0,21.805849864162113,0.0,0.0,48.53093654769288,4.9839785209472085,0.0,0.0,0.0,15.31800925925926,1.4929629629629635,1.8771759259259269,0.0,15.145185185185186,0.0,0.0,0.0,0.0,15,1,2,0,0,0,2,1,3,1,1,2,0,3,2.6813000000000002,62.074700000000036,1,1,0,0,0,1,1,0,0,0,2,2,0,0,0,0,2,1,Alc5,OC(CC1=CC=CC=C1)C2=CC=C(OC)C=C2,10.096727135298565,-0.4691609977324269,10.096727135298565,0.4691609977324269,0.8713621378125769,228.29099999999997,212.16299999999995,228.115029752,88,0.1183810048644517,-0.4967681917897237,0.4967681917897237,0.1183810048644517,1.0,1.6470588235294117,2.235294117647059,16.465293963471616,10.014481763052645,2.0766339002525425,-2.1114630586776655,2.2033628169898027,-2.0103111679180383,5.291757736922201,0.17813111737507337,2.062926536206509,448.10785282653126,12.08757566981053,9.836071359046628,9.836071359046628,8.292024997884274,5.653098948663784,5.653098948663784,3.9786802197867686,3.9786802197867686,2.772451506641763,2.772451506641763,1.7812643014063039,1.7812643014063039,-1.7999999999999998,10090.555572179177,11.678585581466239,5.50509077963688,3.0789697570071675,101.49110265045373,9.843390348640755,5.749511833283905,0.0,0.0,0.0,0.0,0.0,42.46456947923127,23.259637120317212,6.4208216229260096,13.213763929025836,9.843390348640755,0.0,12.524788010674312,7.109797541277533,65.72420659954848,5.749511833283905,4.736862953800049,5.749511833283905,0.0,12.216324936118239,6.4208216229260096,0.0,17.230869371142294,54.59730361615449,0.0,29.46,6.103966387748303,5.106527394840706,0.0,6.4208216229260096,16.876414816677897,0.0,7.109797541277533,54.59730361615449,0.0,4.736862953800049,5.085560668137779,0.0,0.0,10.096727135298565,2.0467325155370792,0.8061676954732513,17.500864937598344,0.16295091647770144,0.0,1.6343294648106155,0.2,17,1,2,0,0,2,0,2,2,1,2,4,2,2.971300000000001,68.09980000000004,1,1,0,0,0,2,0,0,1,1,0,3
PC8,O=C1C2=C(C=CC=C2)NC3=CC=CC=C31,12.067962962962962,0.09717592592592639,12.067962962962962,0.09717592592592639,0.5494642545068136,195.22099999999998,186.14899999999997,195.068413908,72,0.19670204968849045,-0.3543178962422378,0.3543178962422378,0.19670204968849045,0.7333333333333333,1.2,1.7333333333333334,16.132093255674572,10.114703213193962,2.0204157206195985,-2.0057461082793546,2.127926142383754,-2.0276648693692767,5.916339366882252,1.4797192117623024,2.6627666913495847,640.2898406010062,10.25071237662706,8.02705044398087,8.02705044398087,7.360173345306137,4.858824683611184,4.858824683611184,3.545291709197352,3.545291709197352,2.6127192070186562,2.6127192070186562,1.8704122758241672,1.8704122758241672,-2.0899999999999994,4959.094331954027,8.237481994583195,2.953088807142451,1.1486969344700964,86.17590226395765,4.9839785209472085,0.0,5.428790391900541,0.0,0.0,4.794537184071822,0.0,0.0,24.26546827384644,24.26546827384644,21.805849864162113,0.0,0.0,21.805849864162113,4.9839785209472085,0.0,0.0,58.75426412366524,0.0,5.428790391900541,0.0,0.0,0.0,4.9839785209472085,0.0,0.0,53.3254737317647,0.0,21.805849864162113,32.86,0.0,4.794537184071822,5.428790391900541,0.0,21.805849864162113,0.0,0.0,48.53093654769288,4.9839785209472085,0.0,0.0,0.0,15.31800925925926,1.4929629629629635,1.8771759259259269,0.0,15.145185185185186,0.0,0.0,0.0,0.0,15,1,2,0,0,0,2,1,3,1,1,2,0,3,2.6813000000000002,62.074700000000036,1,1,0,0,0,1,1,0,0,0,2,2,0,0,0,0,2,1,Alc6,OC(CC1=CC=CC=C1)C2=CC=C(OC)C(OC)=C2,10.261137566137567,-0.5535128495842787,10.261137566137567,0.5535128495842787,0.8956990875329504,258.31699999999995,240.17299999999994,258.12559443600003,100,0.16058453750747206,-0.4928699503057866,0.4928699503057866,0.16058453750747206,0.9473684210526315,1.631578947368421,2.263157894736842,16.507840676524992,10.009678695325208,2.1172434065020065,-2.139118621146542,2.3039729637253057,-2.023299718872896,5.433081291348095,0.17759935416267483,2.170628055604028,522.7721843403044,13.664925939000156,11.166969380320865,11.166969380320865,9.240713402868018,6.182138051026246,6.182138051026246,4.319941212142852,4.319941212142852,3.0642462362819742,3.0642462362819742,2.0152864579650367,2.0152864579650367,-2.0,25290.518080230475,13.432098765432098,6.25,3.263267429760666,112.96958999435721,14.580253302440804,0.0,11.49902366656781,0.0,0.0,0.0,0.0,36.39820241076966,23.259637120317212,6.4208216229260096,20.323561470303368,14.580253302440804,0.0,12.524788010674312,14.219595082555067,59.65783953108687,11.49902366656781,9.473725907600098,11.49902366656781,0.0,19.32612247739577,6.4208216229260096,0.0,17.230869371142294,48.53093654769288,0.0,38.69,6.103966387748303,5.106527394840706,0.0,17.919845289493818,11.126902983393991,0.0,14.219595082555067,48.53093654769288,0.0,9.473725907600098,10.423739523013062,0.0,0.0,10.261137566137567,1.922488845846981,1.296548878810784,15.3862476431497,0.0261727607709743,0.0,3.1836647822709327,0.25,19,1,3,0,0,2,0,2,3,1,3,5,2,2.9799000000000015,74.65180000000005,1,1,0,0,0,2,0,0,2,2,0,7
PC8,O=C1C2=C(C=CC=C2)NC3=CC=CC=C31,12.067962962962962,0.09717592592592639,12.067962962962962,0.09717592592592639,0.5494642545068136,195.22099999999998,186.14899999999997,195.068413908,72,0.19670204968849045,-0.3543178962422378,0.3543178962422378,0.19670204968849045,0.7333333333333333,1.2,1.7333333333333334,16.132093255674572,10.114703213193962,2.0204157206195985,-2.0057461082793546,2.127926142383754,-2.0276648693692767,5.916339366882252,1.4797192117623024,2.6627666913495847,640.2898406010062,10.25071237662706,8.02705044398087,8.02705044398087,7.360173345306137,4.858824683611184,4.858824683611184,3.545291709197352,3.545291709197352,2.6127192070186562,2.6127192070186562,1.8704122758241672,1.8704122758241672,-2.0899999999999994,4959.094331954027,8.237481994583195,2.953088807142451,1.1486969344700964,86.17590226395765,4.9839785209472085,0.0,5.428790391900541,0.0,0.0,4.794537184071822,0.0,0.0,24.26546827384644,24.26546827384644,21.805849864162113,0.0,0.0,21.805849864162113,4.9839785209472085,0.0,0.0,58.75426412366524,0.0,5.428790391900541,0.0,0.0,0.0,4.9839785209472085,0.0,0.0,53.3254737317647,0.0,21.805849864162113,32.86,0.0,4.794537184071822,5.428790391900541,0.0,21.805849864162113,0.0,0.0,48.53093654769288,4.9839785209472085,0.0,0.0,0.0,15.31800925925926,1.4929629629629635,1.8771759259259269,0.0,15.145185185185186,0.0,0.0,0.0,0.0,15,1,2,0,0,0,2,1,3,1,1,2,0,3,2.6813000000000002,62.074700000000036,1,1,0,0,0,1,1,0,0,0,2,2,0,0,0,0,2,1,Alc7,OC(CC1=CC=CC=C1)C2=C(OC)C=CC=C2OC,10.43783635676493,-0.6587962962962965,10.43783635676493,0.5253703703703706,0.8956990875329504,258.31699999999995,240.17299999999994,258.12559443600003,100,0.12790209537997485,-0.49622875863680643,0.49622875863680643,0.12790209537997485,0.8947368421052632,1.4736842105263157,2.0,16.477976847424276,9.995068210762046,2.1838950809298114,-2.1766985532877468,2.348905965119941,-2.0598899020398505,5.4636733049682915,0.16908465638196046,2.2969656304417856,500.52218434030453,13.664925939000156,11.166969380320865,11.166969380320865,9.257550155273625,6.1881211151699524,6.1881211151699524,4.281728869170134,4.281728869170134,3.0710430404017512,3.0710430404017512,2.147725380294945,2.147725380294945,-1.9999999999999998,25369.482589932766,13.432098765432098,6.25,3.0625,112.9695899943572,14.580253302440804,11.49902366656781,0.0,0.0,0.0,0.0,0.0,36.39820241076966,17.696185628620217,6.4208216229260096,25.887012962000366,14.580253302440804,0.0,12.524788010674312,14.219595082555067,59.65783953108687,11.49902366656781,9.473725907600098,11.49902366656781,0.0,19.32612247739577,6.4208216229260096,0.0,17.230869371142294,48.53093654769288,0.0,38.69,6.103966387748303,5.106527394840706,0.0,23.483296781190813,5.563451491696996,0.0,14.219595082555067,48.53093654769288,0.0,9.473725907600098,10.613328609221465,0.0,0.0,10.43783635676493,1.7632520786092218,1.2829280045351479,15.354512471655326,-0.13342592592592595,0.0,3.1815684051398336,0.25,19,1,3,0,0,2,0,2,3,1,3,5,2,2.9799000000000015,74.65180000000005,1,1,0,0,0,2,0,0,2,2,0,5
PC8,O=C1C2=C(C=CC=C2)NC3=CC=CC=C31,12.067962962962962,0.09717592592592639,12.067962962962962,0.09717592592592639,0.5494642545068136,195.22099999999998,186.14899999999997,195.068413908,72,0.19670204968849045,-0.3543178962422378,0.3543178962422378,0.19670204968849045,0.7333333333333333,1.2,1.7333333333333334,16.132093255674572,10.114703213193962,2.0204157206195985,-2.0057461082793546,2.127926142383754,-2.0276648693692767,5.916339366882252,1.4797192117623024,2.6627666913495847,640.2898406010062,10.25071237662706,8.02705044398087,8.02705044398087,7.360173345306137,4.858824683611184,4.858824683611184,3.545291709197352,3.545291709197352,2.6127192070186562,2.6127192070186562,1.8704122758241672,1.8704122758241672,-2.0899999999999994,4959.094331954027,8.237481994583195,2.953088807142451,1.1486969344700964,86.17590226395765,4.9839785209472085,0.0,5.428790391900541,0.0,0.0,4.794537184071822,0.0,0.0,24.26546827384644,24.26546827384644,21.805849864162113,0.0,0.0,21.805849864162113,4.9839785209472085,0.0,0.0,58.75426412366524,0.0,5.428790391900541,0.0,0.0,0.0,4.9839785209472085,0.0,0.0,53.3254737317647,0.0,21.805849864162113,32.86,0.0,4.794537184071822,5.428790391900541,0.0,21.805849864162113,0.0,0.0,48.53093654769288,4.9839785209472085,0.0,0.0,0.0,15.31800925925926,1.4929629629629635,1.8771759259259269,0.0,15.145185185185186,0.0,0.0,0.0,0.0,15,1,2,0,0,0,2,1,3,1,1,2,0,3,2.6813000000000002,62.074700000000036,1,1,0,0,0,1,1,0,0,0,2,2,0,0,0,0,2,1,Alc8,OC(CC1=CC=CC=C1)(C)C2=CC=C(OC)C=C2,10.562004913076343,-0.8674357520786091,10.562004913076343,0.5973896919879061,0.8921056666605938,242.31799999999996,224.17399999999995,242.130679816,94,0.11838137186134988,-0.4967681887289843,0.4967681887289843,0.11838137186134988,1.0,1.6111111111111112,2.1666666666666665,16.465304335878308,9.889503760970026,2.22797150875665,-2.2385349345184125,2.2631394577439528,-2.2362172676827443,5.316379902260567,0.057569130157961716,2.1884279567800498,486.2652269194349,13.010225400620904,10.758721089857001,10.758721089857001,8.615321630085539,6.025136822201199,6.025136822201199,4.664730960695685,4.664730960695685,3.103088053135465,3.103088053135465,2.045469160275508,2.045469160275508,-1.7999999999999998,13287.836301449152,12.651595457003785,5.233467659312888,2.90182022893601,107.85604476485034,9.843390348640755,5.749511833283905,0.0,0.0,0.0,0.0,0.0,42.46456947923127,30.183374320007832,6.4208216229260096,12.710848352261221,9.843390348640755,0.0,18.94560963360032,7.109797541277533,65.72420659954848,5.749511833283905,4.736862953800049,5.749511833283905,0.0,12.216324936118239,12.021872433909698,0.0,18.050640183084614,54.59730361615449,0.0,29.46,5.601050810983688,5.106527394840706,0.0,6.4208216229260096,16.876414816677897,0.0,7.109797541277533,61.52104081584511,0.0,4.736862953800049,5.118487727850552,0.0,0.0,10.562004913076343,1.1515189856806924,0.8002417695473254,17.549198270931676,0.5973896919879061,1.8351284958427816,1.6360301450827244,0.25,18,1,2,0,0,2,0,2,2,1,2,4,2,3.1454000000000013,72.71080000000005,1,0,0,0,0,2,0,0,1,1,0,0
PC8,O=C1C2=C(C=CC=C2)NC3=CC=CC=C31,12.067962962962962,0.09717592592592639,12.067962962962962,0.09717592592592639,0.5494642545068136,195.22099999999998,186.14899999999997,195.068413908,72,0.19670204968849045,-0.3543178962422378,0.3543178962422378,0.19670204968849045,0.7333333333333333,1.2,1.7333333333333334,16.132093255674572,10.114703213193962,2.0204157206195985,-2.0057461082793546,2.127926142383754,-2.0276648693692767,5.916339366882252,1.4797192117623024,2.6627666913495847,640.2898406010062,10.25071237662706,8.02705044398087,8.02705044398087,7.360173345306137,4.858824683611184,4.858824683611184,3.545291709197352,3.545291709197352,2.6127192070186562,2.6127192070186562,1.8704122758241672,1.8704122758241672,-2.0899999999999994,4959.094331954027,8.237481994583195,2.953088807142451,1.1486969344700964,86.17590226395765,4.9839785209472085,0.0,5.428790391900541,0.0,0.0,4.794537184071822,0.0,0.0,24.26546827384644,24.26546827384644,21.805849864162113,0.0,0.0,21.805849864162113,4.9839785209472085,0.0,0.0,58.75426412366524,0.0,5.428790391900541,0.0,0.0,0.0,4.9839785209472085,0.0,0.0,53.3254737317647,0.0,21.805849864162113,32.86,0.0,4.794537184071822,5.428790391900541,0.0,21.805849864162113,0.0,0.0,48.53093654769288,4.9839785209472085,0.0,0.0,0.0,15.31800925925926,1.4929629629629635,1.8771759259259269,0.0,15.145185185185186,0.0,0.0,0.0,0.0,15,1,2,0,0,0,2,1,3,1,1,2,0,3,2.6813000000000002,62.074700000000036,1,1,0,0,0,1,1,0,0,0,2,2,0,0,0,0,2,1,Alc9,OC(CC1=CC=CC=C1)(C)C2=CC(OC)=C(OC)C=C2,10.726415343915345,-0.9574357520786094,10.726415343915345,0.5449633881330308,0.9083721892957952,272.34399999999994,252.18399999999994,272.1412445,106,0.16059535666137958,-0.4928699470920177,0.4928699470920177,0.16059535666137958,0.95,1.6,2.2,16.507863905067826,9.886714685339358,2.2446519921947496,-2.246767402855474,2.332200446601139,-2.238535516915506,5.443974299613938,0.05730381851548327,2.2900575453340792,561.7027291484295,14.58757566981053,12.089619111131238,12.089619111131238,9.564010035069282,6.554175924563661,6.554175924563661,5.005991953051767,5.005991953051767,3.3966099446226505,3.3966099446226505,2.2666261378643466,2.2666261378643466,-2.0,33330.10718164373,14.409972299168976,5.969821673525377,3.114186851211073,119.3345321087538,14.580253302440804,0.0,11.49902366656781,0.0,0.0,0.0,0.0,36.39820241076966,30.183374320007832,6.4208216229260096,19.820645893538753,14.580253302440804,0.0,18.94560963360032,14.219595082555067,59.65783953108687,11.49902366656781,9.473725907600098,11.49902366656781,0.0,19.32612247739577,12.021872433909698,0.0,18.050640183084614,48.53093654769288,0.0,38.69,5.601050810983688,5.106527394840706,0.0,17.919845289493818,11.126902983393991,0.0,21.14333228224569,48.53093654769288,0.0,9.473725907600098,10.501666582725836,0.0,0.0,10.726415343915345,0.937275315990594,1.2824979528848581,15.429372643149698,0.5449633881330308,1.8067951625094483,3.187680277357857,0.29411764705882354,20,1,3,0,0,2,0,2,3,1,3,5,2,3.1540000000000017,79.26280000000006,1,0,0,0,0,2,0,0,2,2,0,37
PC8,O=C1C2=C(C=CC=C2)NC3=CC=CC=C31,12.067962962962962,0.09717592592592639,12.067962962962962,0.09717592592592639,0.5494642545068136,195.22099999999998,186.14899999999997,195.068413908,72,0.19670204968849045,-0.3543178962422378,0.3543178962422378,0.19670204968849045,0.7333333333333333,1.2,1.7333333333333334,16.132093255674572,10.114703213193962,2.0204157206195985,-2.0057461082793546,2.127926142383754,-2.0276648693692767,5.916339366882252,1.4797192117623024,2.6627666913495847,640.2898406010062,10.25071237662706,8.02705044398087,8.02705044398087,7.360173345306137,4.858824683611184,4.858824683611184,3.545291709197352,3.545291709197352,2.6127192070186562,2.6127192070186562,1.8704122758241672,1.8704122758241672,-2.0899999999999994,4959.094331954027,8.237481994583195,2.953088807142451,1.1486969344700964,86.17590226395765,4.9839785209472085,0.0,5.428790391900541,0.0,0.0,4.794537184071822,0.0,0.0,24.26546827384644,24.26546827384644,21.805849864162113,0.0,0.0,21.805849864162113,4.9839785209472085,0.0,0.0,58.75426412366524,0.0,5.428790391900541,0.0,0.0,0.0,4.9839785209472085,0.0,0.0,53.3254737317647,0.0,21.805849864162113,32.86,0.0,4.794537184071822,5.428790391900541,0.0,21.805849864162113,0.0,0.0,48.53093654769288,4.9839785209472085,0.0,0.0,0.0,15.31800925925926,1.4929629629629635,1.8771759259259269,0.0,15.145185185185186,0.0,0.0,0.0,0.0,15,1,2,0,0,0,2,1,3,1,1,2,0,3,2.6813000000000002,62.074700000000036,1,1,0,0,0,1,1,0,0,0,2,2,0,0,0,0,2,1,Alc10,OC(CC1=CC=CC=C1)C2=CC=CS2,9.873253023431594,-0.363518518518519,9.873253023431594,0.363518518518519,0.8144390837938148,204.29399999999998,192.19799999999998,204.060886004,72,0.09216528017574561,-0.3872321395951382,0.3872321395951382,0.09216528017574561,1.0714285714285714,1.8571428571428572,2.5,32.13347351704487,10.076452642388125,2.0789213690058697,-2.072307396572147,2.2167942612728524,-1.9832437646643386,7.095204082273813,0.18207119399780475,2.0553179911767563,366.484957172308,9.803118619434356,7.758721089857002,8.575217670784728,6.860173345306137,4.614527514810998,5.4941803260658935,3.2209400579704255,4.200212366132882,2.1434838152946787,3.117025631515786,1.418819851357115,2.130640812291436,-1.1199999999999999,3066.3242502334906,9.435606308498535,4.39885050222963,2.218442359688379,87.65297857696171,5.106527394840706,0.0,0.0,0.0,0.0,0.0,11.336785877934737,36.39820241076966,17.00988133062452,11.297968816627309,6.103966387748303,5.106527394840706,11.336785877934737,12.524788010674312,0.0,58.28523093509548,0.0,0.0,0.0,11.336785877934737,5.106527394840706,6.4208216229260096,0.0,16.5445650731466,47.844632249697185,0.0,20.23,0.0,5.106527394840706,6.103966387748303,6.4208216229260096,4.877147193701299,5.563451491696996,11.336785877934737,47.844632249697185,0.0,0.0,0.0,1.6002690381708238,1.0359750566893426,11.862882653061224,1.1744444444444446,0.0,13.994160289115648,0.3322685185185179,0.0,0.0,0.16666666666666666,14,1,1,0,0,1,1,2,2,1,2,3,2,3.0242000000000013,59.42480000000003,1,1,0,0,0,1,0,0,0,0,1,0
PC8,O=C1C2=C(C=CC=C2)NC3=CC=CC=C31,12.067962962962962,0.09717592592592639,12.067962962962962,0.09717592592592639,0.5494642545068136,195.22099999999998,186.14899999999997,195.068413908,72,0.19670204968849045,-0.3543178962422378,0.3543178962422378,0.19670204968849045,0.7333333333333333,1.2,1.7333333333333334,16.132093255674572,10.114703213193962,2.0204157206195985,-2.0057461082793546,2.127926142383754,-2.0276648693692767,5.916339366882252,1.4797192117623024,2.6627666913495847,640.2898406010062,10.25071237662706,8.02705044398087,8.02705044398087,7.360173345306137,4.858824683611184,4.858824683611184,3.545291709197352,3.545291709197352,2.6127192070186562,2.6127192070186562,1.8704122758241672,1.8704122758241672,-2.0899999999999994,4959.094331954027,8.237481994583195,2.953088807142451,1.1486969344700964,86.17590226395765,4.9839785209472085,0.0,5.428790391900541,0.0,0.0,4.794537184071822,0.0,0.0,24.26546827384644,24.26546827384644,21.805849864162113,0.0,0.0,21.805849864162113,4.9839785209472085,0.0,0.0,58.75426412366524,0.0,5.428790391900541,0.0,0.0,0.0,4.9839785209472085,0.0,0.0,53.3254737317647,0.0,21.805849864162113,32.86,0.0,4.794537184071822,5.428790391900541,0.0,21.805849864162113,0.0,0.0,48.53093654769288,4.9839785209472085,0.0,0.0,0.0,15.31800925925926,1.4929629629629635,1.8771759259259269,0.0,15.145185185185186,0.0,0.0,0.0,0.0,15,1,2,0,0,0,2,1,3,1,1,2,0,3,2.6813000000000002,62.074700000000036,1,1,0,0,0,1,1,0,0,0,2,2,0,0,0,0,2,1,Alc11,OC(CC1=CC=CC=C1)C2=CC=C3C(C=CC=C3)=C2,10.333416477702194,-0.45184618291761214,10.333416477702194,0.45184618291761214,0.7390124361646712,248.325,232.19699999999995,248.120115132,94,0.08300986627191954,-0.3880716629573365,0.3880716629573365,0.08300986627191954,0.7368421052631579,1.4210526315789473,2.210526315789474,16.266084676889072,9.986417291736672,2.0837478242584777,-2.1170473119725113,2.22495003462181,-2.010327051240819,5.8258821301024994,0.17837975584231427,1.8694641546477884,673.3497852752665,13.079139501373252,10.659873876151643,10.659873876151643,9.326499840494922,6.534743448824282,6.534743448824282,4.812108496772772,4.812108496772772,3.4301714223830455,3.4301714223830455,2.370271692755298,2.370271692755298,-2.119999999999999,36765.486524452244,11.941790792875613,5.2496193822875306,2.665278690398365,112.69427983828544,5.106527394840706,0.0,0.0,0.0,0.0,0.0,0.0,66.73003775307771,27.965718480785192,6.4208216229260096,6.103966387748303,5.106527394840706,10.772448428929591,12.524788010674312,0.0,83.92330780493333,0.0,0.0,0.0,0.0,5.106527394840706,6.4208216229260096,0.0,17.230869371142294,72.79640482153933,10.772448428929591,20.23,6.103966387748303,5.106527394840706,0.0,6.4208216229260096,11.126902983393991,10.772448428929591,0.0,48.53093654769288,24.26546827384644,0.0,0.0,0.0,0.0,12.713298689846312,2.1302885907449403,0.0,24.456294380406483,0.20011833900226683,0.0,0.0,0.1111111111111111,19,1,1,0,0,3,0,3,1,1,1,3,3,4.1159000000000034,79.05380000000005,1,1,0,0,0,3,1,0,0,0,0,2
PC8,O=C1C2=C(C=CC=C2)NC3=CC=CC=C31,12.067962962962962,0.09717592592592639,12.067962962962962,0.09717592592592639,0.5494642545068136,195.22099999999998,186.14899999999997,195.068413908,72,0.19670204968849045,-0.3543178962422378,0.3543178962422378,0.19670204968849045,0.7333333333333333,1.2,1.7333333333333334,16.132093255674572,10.114703213193962,2.0204157206195985,-2.0057461082793546,2.127926142383754,-2.0276648693692767,5.916339366882252,1.4797192117623024,2.6627666913495847,640.2898406010062,10.25071237662706,8.02705044398087,8.02705044398087,7.360173345306137,4.858824683611184,4.858824683611184,3.545291709197352,3.545291709197352,2.6127192070186562,2.6127192070186562,1.8704122758241672,1.8704122758241672,-2.0899999999999994,4959.094331954027,8.237481994583195,2.953088807142451,1.1486969344700964,86.17590226395765,4.9839785209472085,0.0,5.428790391900541,0.0,0.0,4.794537184071822,0.0,0.0,24.26546827384644,24.26546827384644,21.805849864162113,0.0,0.0,21.805849864162113,4.9839785209472085,0.0,0.0,58.75426412366524,0.0,5.428790391900541,0.0,0.0,0.0,4.9839785209472085,0.0,0.0,53.3254737317647,0.0,21.805849864162113,32.86,0.0,4.794537184071822,5.428790391900541,0.0,21.805849864162113,0.0,0.0,48.53093654769288,4.9839785209472085,0.0,0.0,0.0,15.31800925925926,1.4929629629629635,1.8771759259259269,0.0,15.145185185185186,0.0,0.0,0.0,0.0,15,1,2,0,0,0,2,1,3,1,1,2,0,3,2.6813000000000002,62.074700000000036,1,1,0,0,0,1,1,0,0,0,2,2,0,0,0,0,2,1,Alc12,OC(CC1=CC=CC=C1)C2=C3C(C=CC=C3)=CC=C2,10.471969009826154,-0.4643518518518521,10.471969009826154,0.4643518518518521,0.7390124361646712,248.325,232.19699999999995,248.120115132,94,0.08358696226666694,-0.38804892064838004,0.38804892064838004,0.08358696226666694,0.7368421052631579,1.4210526315789473,2.263157894736842,16.266124497202814,9.961087361988065,2.108514386470234,-2.1353412666234526,2.259726004252622,-2.01936407132354,5.854953122949918,0.17978572251943617,1.955927549052766,668.0997852752665,13.079139501373252,10.659873876151643,10.659873876151643,9.34333659290053,6.540726512967988,6.540726512967988,4.773896153800053,4.773896153800053,3.454236172267494,3.454236172267494,2.4883469055147316,2.4883469055147316,-2.119999999999999,37234.02225887323,11.941790792875613,5.2496193822875306,2.5146438115478507,112.69427983828544,5.106527394840706,0.0,0.0,0.0,0.0,0.0,0.0,72.79640482153933,21.899351412323583,6.4208216229260096,6.103966387748303,5.106527394840706,10.772448428929591,12.524788010674312,0.0,83.92330780493333,0.0,0.0,0.0,0.0,5.106527394840706,6.4208216229260096,0.0,17.230869371142294,72.79640482153933,10.772448428929591,20.23,6.103966387748303,5.106527394840706,0.0,6.4208216229260096,16.513127197858786,5.386224214464796,0.0,54.59730361615449,18.19910120538483,0.0,0.0,0.0,0.0,12.778027158394224,2.157303004535148,0.0,24.381355400184763,0.18331443688586524,0.0,0.0,0.1111111111111111,19,1,1,0,0,3,0,3,1,1,1,3,3,4.1159000000000034,79.05380000000005,1,1,0,0,0,3,1,0,0,0,0,5
PC8,O=C1C2=C(C=CC=C2)NC3=CC=CC=C31,12.067962962962962,0.09717592592592639,12.067962962962962,0.09717592592592639,0.5494642545068136,195.22099999999998,186.14899999999997,195.068413908,72,0.19670204968849045,-0.3543178962422378,0.3543178962422378,0.19670204968849045,0.7333333333333333,1.2,1.7333333333333334,16.132093255674572,10.114703213193962,2.0204157206195985,-2.0057461082793546,2.127926142383754,-2.0276648693692767,5.916339366882252,1.4797192117623024,2.6627666913495847,640.2898406010062,10.25071237662706,8.02705044398087,8.02705044398087,7.360173345306137,4.858824683611184,4.858824683611184,3.545291709197352,3.545291709197352,2.6127192070186562,2.6127192070186562,1.8704122758241672,1.8704122758241672,-2.0899999999999994,4959.094331954027,8.237481994583195,2.953088807142451,1.1486969344700964,86.17590226395765,4.9839785209472085,0.0,5.428790391900541,0.0,0.0,4.794537184071822,0.0,0.0,24.26546827384644,24.26546827384644,21.805849864162113,0.0,0.0,21.805849864162113,4.9839785209472085,0.0,0.0,58.75426412366524,0.0,5.428790391900541,0.0,0.0,0.0,4.9839785209472085,0.0,0.0,53.3254737317647,0.0,21.805849864162113,32.86,0.0,4.794537184071822,5.428790391900541,0.0,21.805849864162113,0.0,0.0,48.53093654769288,4.9839785209472085,0.0,0.0,0.0,15.31800925925926,1.4929629629629635,1.8771759259259269,0.0,15.145185185185186,0.0,0.0,0.0,0.0,15,1,2,0,0,0,2,1,3,1,1,2,0,3,2.6813000000000002,62.074700000000036,1,1,0,0,0,1,1,0,0,0,2,2,0,0,0,0,2,1,Alc13,OC(CC1=CC=CC=C1)C2=CC(OCO3)=C3C=C2,10.20884164777022,-0.5260185185185189,10.20884164777022,0.25750711414807714,0.8989449432481046,242.27399999999994,228.16199999999995,242.094294308,92,0.23080037765931263,-0.45359546622627495,0.45359546622627495,0.23080037765931263,1.0,1.7777777777777777,2.611111111111111,16.69672242832603,10.010456757448827,2.1618380133670794,-2.1120797030123173,2.3423428663928165,-2.0110859698250523,5.447982471537591,0.171222170739647,1.7820126966370167,536.6899070467601,12.372032720186704,9.874076161507412,9.874076161507412,8.826499840494922,5.9429917392881455,5.9429917392881455,4.31821918647156,4.31821918647156,3.053275194816359,3.053275194816359,2.0756028645147335,2.0756028645147335,-1.9999999999999996,27276.075850448757,11.11111111111111,4.704,2.172635445362718,105.59881672643137,14.580253302440804,0.0,11.49902366656781,6.792942306099827,0.0,0.0,0.0,36.39820241076966,23.259637120317212,6.4208216229260096,6.103966387748303,14.580253302440804,0.0,12.524788010674312,6.792942306099827,59.65783953108687,11.49902366656781,9.473725907600098,11.49902366656781,0.0,11.899469700940532,6.4208216229260096,0.0,17.230869371142294,48.53093654769288,0.0,38.69,6.103966387748303,5.106527394840706,6.792942306099827,12.170333456209914,16.876414816677897,0.0,0.0,48.53093654769288,0.0,9.473725907600098,10.55373952301306,0.0,0.0,10.20884164777022,1.9636758314436888,1.4493266565885616,15.495225553567005,0.0716836734693872,0.25750711414807714,0.0,0.2,18,1,3,1,1,2,0,2,3,1,3,3,3,2.6914000000000007,67.67080000000004,1,1,0,0,0,2,1,0,2,0,0,1
PC8,O=C1C2=C(C=CC=C2)NC3=CC=CC=C31,12.067962962962962,0.09717592592592639,12.067962962962962,0.09717592592592639,0.5494642545068136,195.22099999999998,186.14899999999997,195.068413908,72,0.19670204968849045,-0.3543178962422378,0.3543178962422378,0.19670204968849045,0.7333333333333333,1.2,1.7333333333333334,16.132093255674572,10.114703213193962,2.0204157206195985,-2.0057461082793546,2.127926142383754,-2.0276648693692767,5.916339366882252,1.4797192117623024,2.6627666913495847,640.2898406010062,10.25071237662706,8.02705044398087,8.02705044398087,7.360173345306137,4.858824683611184,4.858824683611184,3.545291709197352,3.545291709197352,2.6127192070186562,2.6127192070186562,1.8704122758241672,1.8704122758241672,-2.0899999999999994,4959.094331954027,8.237481994583195,2.953088807142451,1.1486969344700964,86.17590226395765,4.9839785209472085,0.0,5.428790391900541,0.0,0.0,4.794537184071822,0.0,0.0,24.26546827384644,24.26546827384644,21.805849864162113,0.0,0.0,21.805849864162113,4.9839785209472085,0.0,0.0,58.75426412366524,0.0,5.428790391900541,0.0,0.0,0.0,4.9839785209472085,0.0,0.0,53.3254737317647,0.0,21.805849864162113,32.86,0.0,4.794537184071822,5.428790391900541,0.0,21.805849864162113,0.0,0.0,48.53093654769288,4.9839785209472085,0.0,0.0,0.0,15.31800925925926,1.4929629629629635,1.8771759259259269,0.0,15.145185185185186,0.0,0.0,0.0,0.0,15,1,2,0,0,0,2,1,3,1,1,2,0,3,2.6813000000000002,62.074700000000036,1,1,0,0,0,1,1,0,0,0,2,2,0,0,0,0,2,1,Alc14,OC(CC1=CC=CC=C1)C2=CC=C3C(OCCO3)=C2,10.279154147770221,-0.5294198790627365,10.279154147770221,0.5294198790627365,0.917331086007642,256.30099999999993,240.17299999999994,256.10994437200003,98,0.16122961165638874,-0.4861472727903348,0.4861472727903348,0.16122961165638874,0.9473684210526315,1.6842105263157894,2.473684210526316,16.562628442435113,10.008696216764893,2.1511380646401257,-2.1988672450591435,2.3280711304727224,-2.1537912220555357,5.441928645560842,0.1642102965101603,1.779518636946347,551.1754332522945,13.079139501373252,10.58118294269396,10.58118294269396,9.326499840494922,6.442991739288146,6.442991739288146,4.608616346737665,4.608616346737665,3.2228815431838655,3.2228815431838655,2.222419671269494,2.222419671269494,-1.9999999999999996,36765.486524452244,12.055401662049862,5.325443786982248,2.71280276816609,111.96375884082798,14.580253302440804,13.213763929025836,11.49902366656781,0.0,0.0,0.0,0.0,36.39820241076966,23.259637120317212,6.4208216229260096,6.103966387748303,14.580253302440804,0.0,12.524788010674312,13.213763929025836,59.65783953108687,11.49902366656781,9.473725907600098,11.49902366656781,0.0,18.32029132386654,6.4208216229260096,0.0,17.230869371142294,48.53093654769288,0.0,38.69,6.103966387748303,5.106527394840706,0.0,19.634585551951847,22.6259266499618,0.0,0.0,48.53093654769288,0.0,9.473725907600098,10.998183967457507,0.0,0.0,10.279154147770221,1.970363074242043,1.4701599899218951,15.570851127488034,0.06828231292516962,1.1430053801951348,0.0,0.25,19,1,3,1,1,2,0,2,3,1,3,3,3,2.733900000000001,72.53780000000005,1,1,0,0,0,2,1,0,2,0,0,7
PC9,O=C1C2=C(C=CC=C2)OC3=CC=CC=C31,12.027962962962963,0.03467592592592639,12.027962962962963,0.03467592592592639,0.5172771266067366,196.20499999999998,188.14099999999996,196.052429496,72,0.20002219176079833,-0.4558178049675176,0.4558178049675176,0.20002219176079833,0.7333333333333333,1.2,1.7333333333333334,16.334728177716617,10.137158383445042,2.043988918428645,-1.9898532896394734,2.167496210895058,-2.0058225514331203,5.888395652968902,0.6597417243683383,2.6627666913495847,638.2898406010062,10.25071237662706,7.935298734444734,7.935298734444734,7.360173345306137,4.767072974075047,4.767072974075047,3.4235050528459525,3.4235050528459525,2.483286574872578,2.483286574872578,1.7500015561466706,1.7500015561466706,-2.0899999999999994,4959.094331954027,8.237481994583195,2.953088807142451,1.1486969344700964,85.7610711070202,4.417150937053347,11.166040283284485,0.0,5.428790391900541,0.0,4.794537184071822,0.0,0.0,24.26546827384644,24.26546827384644,0.0,10.772448428929591,4.417150937053347,21.938488712214074,0.0,0.0,0.0,58.75426412366524,0.0,5.428790391900541,0.0,0.0,0.0,0.0,0.0,0.0,57.742624668818046,0.0,21.938488712214074,30.21,0.0,4.794537184071822,5.428790391900541,21.938488712214074,0.0,0.0,12.13273413692322,36.39820241076966,0.0,4.417150937053347,5.626990740740741,0.0,12.027962962962963,1.2707407407407412,1.3146759259259266,0.0,14.592962962962963,0.0,0.0,0.0,0.0,15,0,2,0,0,0,2,1,3,2,0,2,0,3,2.946200000000001,59.99000000000004,0,0,0,0,0,0,0,0,0,0,2,2,0,0,0,0,2,0,Alc1,OC(CC1=CC=CC=C1)C2=CC=C(C(OC)=O)C=C2,11.300882193186936,-0.5749102418745282,11.300882193186936,0.3712044724021635,0.8555190559485526,256.30099999999993,240.17299999999994,256.10994437200003,98,0.33734179298009886,-0.4654175212523233,0.4654175212523233,0.33734179298009886,1.105263157894737,1.736842105263158,2.3157894736842106,16.523293378425766,10.003236877957912,2.100617014517665,-2.111125286046951,2.185198707818772,-2.040609496672206,5.887593188002341,0.06002383438700396,2.073681425115431,531.6803207544581,13.664925939000156,10.74431964951049,10.74431964951049,9.202708600407233,6.107223093895716,6.107223093895716,4.31911057255133,4.31911057255133,2.9884308157697754,2.9884308157697754,1.9144073831934183,1.9144073831934183,-2.1299999999999994,25130.041075738343,13.30515171594639,6.15877056967385,3.421837675345536,112.01756686489409,9.843390348640755,0.0,0.0,0.0,5.969305287951849,4.794537184071822,0.0,42.46456947923127,23.259637120317212,6.4208216229260096,18.777215420722833,14.637927532712578,5.969305287951849,12.524788010674312,7.109797541277533,71.28765809124549,0.0,0.0,0.0,0.0,18.18563022407009,11.157684576726059,0.0,27.58885804691111,54.59730361615449,0.0,46.53,6.103966387748303,9.901064578912528,5.969305287951849,11.984273114623004,11.126902983393991,7.109797541277533,24.26546827384644,30.33183534230805,4.736862953800049,0.0,4.63082306110129,0.0,11.300882193186936,10.144462317334341,2.3488071092634595,-0.3712044724021635,16.619447777784718,-0.020931201184178128,0.0,1.347713214915596,0.1875,19,1,3,0,0,2,0,2,3,1,3,4,2,2.7493000000000007,72.88730000000004,1,1,1,1,0,2,0,1,1,1,0,0
PC9,O=C1C2=C(C=CC=C2)OC3=CC=CC=C31,12.027962962962963,0.03467592592592639,12.027962962962963,0.03467592592592639,0.5172771266067366,196.20499999999998,188.14099999999996,196.052429496,72,0.20002219176079833,-0.4558178049675176,0.4558178049675176,0.20002219176079833,0.7333333333333333,1.2,1.7333333333333334,16.334728177716617,10.137158383445042,2.043988918428645,-1.9898532896394734,2.167496210895058,-2.0058225514331203,5.888395652968902,0.6597417243683383,2.6627666913495847,638.2898406010062,10.25071237662706,7.935298734444734,7.935298734444734,7.360173345306137,4.767072974075047,4.767072974075047,3.4235050528459525,3.4235050528459525,2.483286574872578,2.483286574872578,1.7500015561466706,1.7500015561466706,-2.0899999999999994,4959.094331954027,8.237481994583195,2.953088807142451,1.1486969344700964,85.7610711070202,4.417150937053347,11.166040283284485,0.0,5.428790391900541,0.0,4.794537184071822,0.0,0.0,24.26546827384644,24.26546827384644,0.0,10.772448428929591,4.417150937053347,21.938488712214074,0.0,0.0,0.0,58.75426412366524,0.0,5.428790391900541,0.0,0.0,0.0,0.0,0.0,0.0,57.742624668818046,0.0,21.938488712214074,30.21,0.0,4.794537184071822,5.428790391900541,21.938488712214074,0.0,0.0,12.13273413692322,36.39820241076966,0.0,4.417150937053347,5.626990740740741,0.0,12.027962962962963,1.2707407407407412,1.3146759259259266,0.0,14.592962962962963,0.0,0.0,0.0,0.0,15,0,2,0,0,0,2,1,3,2,0,2,0,3,2.946200000000001,59.99000000000004,0,0,0,0,0,0,0,0,0,0,2,2,0,0,0,0,2,0,Alc2,OC(CC1=CC=CC=C1)C2=CC=CC=C2,9.973947467876041,-0.40870370370370424,9.973947467876041,0.40870370370370424,0.8035051734358308,198.265,184.15299999999996,198.104465068,76,0.08298804952950145,-0.3880720436533714,0.3880720436533714,0.08298804952950145,0.8,1.3333333333333333,1.9333333333333333,16.266076170609406,10.017292443134783,2.0630459693402803,-2.099774890735418,2.1679020868127488,-2.0051469961497723,5.216146633482743,0.17822792250631558,2.0784516078094564,394.1985815306015,10.510225400620904,8.50517333777239,8.50517333777239,7.360173345306137,5.13004291044503,5.13004291044503,3.6162040833489484,3.6162040833489484,2.4562220383138484,2.4562220383138484,1.6303928292672958,1.6303928292672958,-1.5999999999999996,4035.3008467528234,9.936265432098764,4.759877126654065,2.6729591836734703,90.01261530655025,5.106527394840706,0.0,0.0,0.0,0.0,0.0,0.0,60.6636706846161,11.126902983393991,6.4208216229260096,6.103966387748303,5.106527394840706,0.0,12.524788010674312,0.0,71.7905736680101,0.0,0.0,0.0,0.0,5.106527394840706,6.4208216229260096,0.0,17.230869371142294,60.6636706846161,0.0,20.23,6.103966387748303,5.106527394840706,0.0,6.4208216229260096,11.126902983393991,0.0,0.0,60.6636706846161,0.0,0.0,0.0,0.0,0.0,9.973947467876041,2.1344501133786853,0.0,19.795491307634165,0.2627777777777772,0.0,0.0,0.14285714285714285,15,1,1,0,0,2,0,2,1,1,1,3,2,2.9627000000000008,61.54780000000004,1,1,0,0,0,2,0,0,0,0,0,0
PC9,O=C1C2=C(C=CC=C2)OC3=CC=CC=C31,12.027962962962963,0.03467592592592639,12.027962962962963,0.03467592592592639,0.5172771266067366,196.20499999999998,188.14099999999996,196.052429496,72,0.20002219176079833,-0.4558178049675176,0.4558178049675176,0.20002219176079833,0.7333333333333333,1.2,1.7333333333333334,16.334728177716617,10.137158383445042,2.043988918428645,-1.9898532896394734,2.167496210895058,-2.0058225514331203,5.888395652968902,0.6597417243683383,2.6627666913495847,638.2898406010062,10.25071237662706,7.935298734444734,7.935298734444734,7.360173345306137,4.767072974075047,4.767072974075047,3.4235050528459525,3.4235050528459525,2.483286574872578,2.483286574872578,1.7500015561466706,1.7500015561466706,-2.0899999999999994,4959.094331954027,8.237481994583195,2.953088807142451,1.1486969344700964,85.7610711070202,4.417150937053347,11.166040283284485,0.0,5.428790391900541,0.0,4.794537184071822,0.0,0.0,24.26546827384644,24.26546827384644,0.0,10.772448428929591,4.417150937053347,21.938488712214074,0.0,0.0,0.0,58.75426412366524,0.0,5.428790391900541,0.0,0.0,0.0,0.0,0.0,0.0,57.742624668818046,0.0,21.938488712214074,30.21,0.0,4.794537184071822,5.428790391900541,21.938488712214074,0.0,0.0,12.13273413692322,36.39820241076966,0.0,4.417150937053347,5.626990740740741,0.0,12.027962962962963,1.2707407407407412,1.3146759259259266,0.0,14.592962962962963,0.0,0.0,0.0,0.0,15,0,2,0,0,0,2,1,3,2,0,2,0,3,2.946200000000001,59.99000000000004,0,0,0,0,0,0,0,0,0,0,2,2,0,0,0,0,2,0,Alc3,OC(CC1=CC=CC=C1)C2=CC=C(C3=CC=CC=C3)C=C2,10.335407533383725,-0.46090429999160243,10.335407533383725,0.46090429999160243,0.7351163069128532,274.363,256.21899999999994,274.135765196,104,0.08298875307923671,-0.388072037808165,0.388072037808165,0.08298875307923671,0.6190476190476191,1.1428571428571428,1.7619047619047619,16.266083292964606,9.982653573837602,2.0818451903734125,-2.1170537852257123,2.231560758845956,-2.009876154068321,5.629945446690994,0.17824227821530972,1.7483318000385286,672.0487817325015,14.493353063746348,11.814574414530895,11.814574414530895,10.326499840494922,7.2014101154909484,7.2014101154909484,5.193554352538573,5.193554352538573,3.674455551106933,3.674455551106933,2.483526521520132,2.483526521520132,-2.379999999999999,104293.42426850586,13.596094137037953,6.379998762558589,3.3882865583782404,125.06970951261428,5.106527394840706,0.0,0.0,0.0,0.0,0.0,0.0,84.92913895846256,22.253805966787983,6.4208216229260096,6.103966387748303,5.106527394840706,0.0,12.524788010674312,0.0,96.05604194185656,11.126902983393991,0.0,0.0,0.0,5.106527394840706,6.4208216229260096,0.0,17.230869371142294,84.92913895846256,11.126902983393991,20.23,6.103966387748303,5.106527394840706,0.0,6.4208216229260096,11.126902983393991,11.126902983393991,0.0,60.6636706846161,24.26546827384644,0.0,0.0,0.0,0.0,10.335407533383725,4.475491082490542,0.0,28.505636982933158,0.1834644011925748,0.0,0.0,0.1,21,1,1,0,0,3,0,3,1,1,1,4,3,4.629700000000004,86.98380000000003,1,1,0,0,0,3,0,0,0,0,0,0
PC9,O=C1C2=C(C=CC=C2)OC3=CC=CC=C31,12.027962962962963,0.03467592592592639,12.027962962962963,0.03467592592592639,0.5172771266067366,196.20499999999998,188.14099999999996,196.052429496,72,0.20002219176079833,-0.4558178049675176,0.4558178049675176,0.20002219176079833,0.7333333333333333,1.2,1.7333333333333334,16.334728177716617,10.137158383445042,2.043988918428645,-1.9898532896394734,2.167496210895058,-2.0058225514331203,5.888395652968902,0.6597417243683383,2.6627666913495847,638.2898406010062,10.25071237662706,7.935298734444734,7.935298734444734,7.360173345306137,4.767072974075047,4.767072974075047,3.4235050528459525,3.4235050528459525,2.483286574872578,2.483286574872578,1.7500015561466706,1.7500015561466706,-2.0899999999999994,4959.094331954027,8.237481994583195,2.953088807142451,1.1486969344700964,85.7610711070202,4.417150937053347,11.166040283284485,0.0,5.428790391900541,0.0,4.794537184071822,0.0,0.0,24.26546827384644,24.26546827384644,0.0,10.772448428929591,4.417150937053347,21.938488712214074,0.0,0.0,0.0,58.75426412366524,0.0,5.428790391900541,0.0,0.0,0.0,0.0,0.0,0.0,57.742624668818046,0.0,21.938488712214074,30.21,0.0,4.794537184071822,5.428790391900541,21.938488712214074,0.0,0.0,12.13273413692322,36.39820241076966,0.0,4.417150937053347,5.626990740740741,0.0,12.027962962962963,1.2707407407407412,1.3146759259259266,0.0,14.592962962962963,0.0,0.0,0.0,0.0,15,0,2,0,0,0,2,1,3,2,0,2,0,3,2.946200000000001,59.99000000000004,0,0,0,0,0,0,0,0,0,0,2,2,0,0,0,0,2,0,Alc4,OC(CC1=CC=CC=C1)C2=CC=C(C)C=C2,10.064839380196524,-0.41388888888888964,10.064839380196524,0.41388888888888964,0.827496933605173,212.29199999999997,196.16399999999996,212.120115132,82,0.0829883747658443,-0.38807204092055403,0.38807204092055403,0.0829883747658443,0.9375,1.5625,2.1875,16.266078389325447,10.006289195538882,2.069742142147314,-2.1072106640509842,2.1789660783789326,-2.009250363373895,5.250301887094522,0.17821400361845985,2.085070944860585,430.75194762320365,11.380468888623982,9.427823068582764,9.427823068582764,7.7540201954234895,5.54072651296799,5.54072651296799,4.116204083348947,4.116204083348947,2.7339998160916257,2.7339998160916257,1.7438068228410388,1.7438068228410388,-1.5999999999999996,5689.016293492532,10.902614268848035,4.950941945405614,2.7067723730180067,96.37755742094683,5.106527394840706,0.0,0.0,0.0,0.0,0.0,0.0,60.160755107851486,18.050640183084617,6.4208216229260096,6.103966387748303,5.106527394840706,0.0,19.448525210364934,0.0,71.28765809124549,0.0,0.0,0.0,0.0,5.106527394840706,6.4208216229260096,6.923737199690624,22.79432086283929,54.59730361615449,0.0,20.23,6.103966387748303,5.106527394840706,0.0,6.4208216229260096,11.126902983393991,5.563451491696996,0.0,61.52104081584511,0.0,0.0,0.0,0.0,0.0,10.064839380196524,3.3617492336440753,0.0,18.10113200218359,0.25664777021919793,2.048964947089947,0.0,0.2,16,1,1,0,0,2,0,2,1,1,1,3,2,3.2711200000000016,66.28480000000003,1,1,0,0,1,2,0,0,0,0,0,0
PC9,O=C1C2=C(C=CC=C2)OC3=CC=CC=C31,12.027962962962963,0.03467592592592639,12.027962962962963,0.03467592592592639,0.5172771266067366,196.20499999999998,188.14099999999996,196.052429496,72,0.20002219176079833,-0.4558178049675176,0.4558178049675176,0.20002219176079833,0.7333333333333333,1.2,1.7333333333333334,16.334728177716617,10.137158383445042,2.043988918428645,-1.9898532896394734,2.167496210895058,-2.0058225514331203,5.888395652968902,0.6597417243683383,2.6627666913495847,638.2898406010062,10.25071237662706,7.935298734444734,7.935298734444734,7.360173345306137,4.767072974075047,4.767072974075047,3.4235050528459525,3.4235050528459525,2.483286574872578,2.483286574872578,1.7500015561466706,1.7500015561466706,-2.0899999999999994,4959.094331954027,8.237481994583195,2.953088807142451,1.1486969344700964,85.7610711070202,4.417150937053347,11.166040283284485,0.0,5.428790391900541,0.0,4.794537184071822,0.0,0.0,24.26546827384644,24.26546827384644,0.0,10.772448428929591,4.417150937053347,21.938488712214074,0.0,0.0,0.0,58.75426412366524,0.0,5.428790391900541,0.0,0.0,0.0,0.0,0.0,0.0,57.742624668818046,0.0,21.938488712214074,30.21,0.0,4.794537184071822,5.428790391900541,21.938488712214074,0.0,0.0,12.13273413692322,36.39820241076966,0.0,4.417150937053347,5.626990740740741,0.0,12.027962962962963,1.2707407407407412,1.3146759259259266,0.0,14.592962962962963,0.0,0.0,0.0,0.0,15,0,2,0,0,0,2,1,3,2,0,2,0,3,2.946200000000001,59.99000000000004,0,0,0,0,0,0,0,0,0,0,2,2,0,0,0,0,2,0,Alc5,OC(CC1=CC=CC=C1)C2=CC=C(OC)C=C2,10.096727135298565,-0.4691609977324269,10.096727135298565,0.4691609977324269,0.8713621378125769,228.29099999999997,212.16299999999995,228.115029752,88,0.1183810048644517,-0.4967681917897237,0.4967681917897237,0.1183810048644517,1.0,1.6470588235294117,2.235294117647059,16.465293963471616,10.014481763052645,2.0766339002525425,-2.1114630586776655,2.2033628169898027,-2.0103111679180383,5.291757736922201,0.17813111737507337,2.062926536206509,448.10785282653126,12.08757566981053,9.836071359046628,9.836071359046628,8.292024997884274,5.653098948663784,5.653098948663784,3.9786802197867686,3.9786802197867686,2.772451506641763,2.772451506641763,1.7812643014063039,1.7812643014063039,-1.7999999999999998,10090.555572179177,11.678585581466239,5.50509077963688,3.0789697570071675,101.49110265045373,9.843390348640755,5.749511833283905,0.0,0.0,0.0,0.0,0.0,42.46456947923127,23.259637120317212,6.4208216229260096,13.213763929025836,9.843390348640755,0.0,12.524788010674312,7.109797541277533,65.72420659954848,5.749511833283905,4.736862953800049,5.749511833283905,0.0,12.216324936118239,6.4208216229260096,0.0,17.230869371142294,54.59730361615449,0.0,29.46,6.103966387748303,5.106527394840706,0.0,6.4208216229260096,16.876414816677897,0.0,7.109797541277533,54.59730361615449,0.0,4.736862953800049,5.085560668137779,0.0,0.0,10.096727135298565,2.0467325155370792,0.8061676954732513,17.500864937598344,0.16295091647770144,0.0,1.6343294648106155,0.2,17,1,2,0,0,2,0,2,2,1,2,4,2,2.971300000000001,68.09980000000004,1,1,0,0,0,2,0,0,1,1,0,0
PC9,O=C1C2=C(C=CC=C2)OC3=CC=CC=C31,12.027962962962963,0.03467592592592639,12.027962962962963,0.03467592592592639,0.5172771266067366,196.20499999999998,188.14099999999996,196.052429496,72,0.20002219176079833,-0.4558178049675176,0.4558178049675176,0.20002219176079833,0.7333333333333333,1.2,1.7333333333333334,16.334728177716617,10.137158383445042,2.043988918428645,-1.9898532896394734,2.167496210895058,-2.0058225514331203,5.888395652968902,0.6597417243683383,2.6627666913495847,638.2898406010062,10.25071237662706,7.935298734444734,7.935298734444734,7.360173345306137,4.767072974075047,4.767072974075047,3.4235050528459525,3.4235050528459525,2.483286574872578,2.483286574872578,1.7500015561466706,1.7500015561466706,-2.0899999999999994,4959.094331954027,8.237481994583195,2.953088807142451,1.1486969344700964,85.7610711070202,4.417150937053347,11.166040283284485,0.0,5.428790391900541,0.0,4.794537184071822,0.0,0.0,24.26546827384644,24.26546827384644,0.0,10.772448428929591,4.417150937053347,21.938488712214074,0.0,0.0,0.0,58.75426412366524,0.0,5.428790391900541,0.0,0.0,0.0,0.0,0.0,0.0,57.742624668818046,0.0,21.938488712214074,30.21,0.0,4.794537184071822,5.428790391900541,21.938488712214074,0.0,0.0,12.13273413692322,36.39820241076966,0.0,4.417150937053347,5.626990740740741,0.0,12.027962962962963,1.2707407407407412,1.3146759259259266,0.0,14.592962962962963,0.0,0.0,0.0,0.0,15,0,2,0,0,0,2,1,3,2,0,2,0,3,2.946200000000001,59.99000000000004,0,0,0,0,0,0,0,0,0,0,2,2,0,0,0,0,2,0,Alc6,OC(CC1=CC=CC=C1)C2=CC=C(OC)C(OC)=C2,10.261137566137567,-0.5535128495842787,10.261137566137567,0.5535128495842787,0.8956990875329504,258.31699999999995,240.17299999999994,258.12559443600003,100,0.16058453750747206,-0.4928699503057866,0.4928699503057866,0.16058453750747206,0.9473684210526315,1.631578947368421,2.263157894736842,16.507840676524992,10.009678695325208,2.1172434065020065,-2.139118621146542,2.3039729637253057,-2.023299718872896,5.433081291348095,0.17759935416267483,2.170628055604028,522.7721843403044,13.664925939000156,11.166969380320865,11.166969380320865,9.240713402868018,6.182138051026246,6.182138051026246,4.319941212142852,4.319941212142852,3.0642462362819742,3.0642462362819742,2.0152864579650367,2.0152864579650367,-2.0,25290.518080230475,13.432098765432098,6.25,3.263267429760666,112.96958999435721,14.580253302440804,0.0,11.49902366656781,0.0,0.0,0.0,0.0,36.39820241076966,23.259637120317212,6.4208216229260096,20.323561470303368,14.580253302440804,0.0,12.524788010674312,14.219595082555067,59.65783953108687,11.49902366656781,9.473725907600098,11.49902366656781,0.0,19.32612247739577,6.4208216229260096,0.0,17.230869371142294,48.53093654769288,0.0,38.69,6.103966387748303,5.106527394840706,0.0,17.919845289493818,11.126902983393991,0.0,14.219595082555067,48.53093654769288,0.0,9.473725907600098,10.423739523013062,0.0,0.0,10.261137566137567,1.922488845846981,1.296548878810784,15.3862476431497,0.0261727607709743,0.0,3.1836647822709327,0.25,19,1,3,0,0,2,0,2,3,1,3,5,2,2.9799000000000015,74.65180000000005,1,1,0,0,0,2,0,0,2,2,0,10
PC9,O=C1C2=C(C=CC=C2)OC3=CC=CC=C31,12.027962962962963,0.03467592592592639,12.027962962962963,0.03467592592592639,0.5172771266067366,196.20499999999998,188.14099999999996,196.052429496,72,0.20002219176079833,-0.4558178049675176,0.4558178049675176,0.20002219176079833,0.7333333333333333,1.2,1.7333333333333334,16.334728177716617,10.137158383445042,2.043988918428645,-1.9898532896394734,2.167496210895058,-2.0058225514331203,5.888395652968902,0.6597417243683383,2.6627666913495847,638.2898406010062,10.25071237662706,7.935298734444734,7.935298734444734,7.360173345306137,4.767072974075047,4.767072974075047,3.4235050528459525,3.4235050528459525,2.483286574872578,2.483286574872578,1.7500015561466706,1.7500015561466706,-2.0899999999999994,4959.094331954027,8.237481994583195,2.953088807142451,1.1486969344700964,85.7610711070202,4.417150937053347,11.166040283284485,0.0,5.428790391900541,0.0,4.794537184071822,0.0,0.0,24.26546827384644,24.26546827384644,0.0,10.772448428929591,4.417150937053347,21.938488712214074,0.0,0.0,0.0,58.75426412366524,0.0,5.428790391900541,0.0,0.0,0.0,0.0,0.0,0.0,57.742624668818046,0.0,21.938488712214074,30.21,0.0,4.794537184071822,5.428790391900541,21.938488712214074,0.0,0.0,12.13273413692322,36.39820241076966,0.0,4.417150937053347,5.626990740740741,0.0,12.027962962962963,1.2707407407407412,1.3146759259259266,0.0,14.592962962962963,0.0,0.0,0.0,0.0,15,0,2,0,0,0,2,1,3,2,0,2,0,3,2.946200000000001,59.99000000000004,0,0,0,0,0,0,0,0,0,0,2,2,0,0,0,0,2,0,Alc7,OC(CC1=CC=CC=C1)C2=C(OC)C=CC=C2OC,10.43783635676493,-0.6587962962962965,10.43783635676493,0.5253703703703706,0.8956990875329504,258.31699999999995,240.17299999999994,258.12559443600003,100,0.12790209537997485,-0.49622875863680643,0.49622875863680643,0.12790209537997485,0.8947368421052632,1.4736842105263157,2.0,16.477976847424276,9.995068210762046,2.1838950809298114,-2.1766985532877468,2.348905965119941,-2.0598899020398505,5.4636733049682915,0.16908465638196046,2.2969656304417856,500.52218434030453,13.664925939000156,11.166969380320865,11.166969380320865,9.257550155273625,6.1881211151699524,6.1881211151699524,4.281728869170134,4.281728869170134,3.0710430404017512,3.0710430404017512,2.147725380294945,2.147725380294945,-1.9999999999999998,25369.482589932766,13.432098765432098,6.25,3.0625,112.9695899943572,14.580253302440804,11.49902366656781,0.0,0.0,0.0,0.0,0.0,36.39820241076966,17.696185628620217,6.4208216229260096,25.887012962000366,14.580253302440804,0.0,12.524788010674312,14.219595082555067,59.65783953108687,11.49902366656781,9.473725907600098,11.49902366656781,0.0,19.32612247739577,6.4208216229260096,0.0,17.230869371142294,48.53093654769288,0.0,38.69,6.103966387748303,5.106527394840706,0.0,23.483296781190813,5.563451491696996,0.0,14.219595082555067,48.53093654769288,0.0,9.473725907600098,10.613328609221465,0.0,0.0,10.43783635676493,1.7632520786092218,1.2829280045351479,15.354512471655326,-0.13342592592592595,0.0,3.1815684051398336,0.25,19,1,3,0,0,2,0,2,3,1,3,5,2,2.9799000000000015,74.65180000000005,1,1,0,0,0,2,0,0,2,2,0,3
PC9,O=C1C2=C(C=CC=C2)OC3=CC=CC=C31,12.027962962962963,0.03467592592592639,12.027962962962963,0.03467592592592639,0.5172771266067366,196.20499999999998,188.14099999999996,196.052429496,72,0.20002219176079833,-0.4558178049675176,0.4558178049675176,0.20002219176079833,0.7333333333333333,1.2,1.7333333333333334,16.334728177716617,10.137158383445042,2.043988918428645,-1.9898532896394734,2.167496210895058,-2.0058225514331203,5.888395652968902,0.6597417243683383,2.6627666913495847,638.2898406010062,10.25071237662706,7.935298734444734,7.935298734444734,7.360173345306137,4.767072974075047,4.767072974075047,3.4235050528459525,3.4235050528459525,2.483286574872578,2.483286574872578,1.7500015561466706,1.7500015561466706,-2.0899999999999994,4959.094331954027,8.237481994583195,2.953088807142451,1.1486969344700964,85.7610711070202,4.417150937053347,11.166040283284485,0.0,5.428790391900541,0.0,4.794537184071822,0.0,0.0,24.26546827384644,24.26546827384644,0.0,10.772448428929591,4.417150937053347,21.938488712214074,0.0,0.0,0.0,58.75426412366524,0.0,5.428790391900541,0.0,0.0,0.0,0.0,0.0,0.0,57.742624668818046,0.0,21.938488712214074,30.21,0.0,4.794537184071822,5.428790391900541,21.938488712214074,0.0,0.0,12.13273413692322,36.39820241076966,0.0,4.417150937053347,5.626990740740741,0.0,12.027962962962963,1.2707407407407412,1.3146759259259266,0.0,14.592962962962963,0.0,0.0,0.0,0.0,15,0,2,0,0,0,2,1,3,2,0,2,0,3,2.946200000000001,59.99000000000004,0,0,0,0,0,0,0,0,0,0,2,2,0,0,0,0,2,0,Alc8,OC(CC1=CC=CC=C1)(C)C2=CC=C(OC)C=C2,10.562004913076343,-0.8674357520786091,10.562004913076343,0.5973896919879061,0.8921056666605938,242.31799999999996,224.17399999999995,242.130679816,94,0.11838137186134988,-0.4967681887289843,0.4967681887289843,0.11838137186134988,1.0,1.6111111111111112,2.1666666666666665,16.465304335878308,9.889503760970026,2.22797150875665,-2.2385349345184125,2.2631394577439528,-2.2362172676827443,5.316379902260567,0.057569130157961716,2.1884279567800498,486.2652269194349,13.010225400620904,10.758721089857001,10.758721089857001,8.615321630085539,6.025136822201199,6.025136822201199,4.664730960695685,4.664730960695685,3.103088053135465,3.103088053135465,2.045469160275508,2.045469160275508,-1.7999999999999998,13287.836301449152,12.651595457003785,5.233467659312888,2.90182022893601,107.85604476485034,9.843390348640755,5.749511833283905,0.0,0.0,0.0,0.0,0.0,42.46456947923127,30.183374320007832,6.4208216229260096,12.710848352261221,9.843390348640755,0.0,18.94560963360032,7.109797541277533,65.72420659954848,5.749511833283905,4.736862953800049,5.749511833283905,0.0,12.216324936118239,12.021872433909698,0.0,18.050640183084614,54.59730361615449,0.0,29.46,5.601050810983688,5.106527394840706,0.0,6.4208216229260096,16.876414816677897,0.0,7.109797541277533,61.52104081584511,0.0,4.736862953800049,5.118487727850552,0.0,0.0,10.562004913076343,1.1515189856806924,0.8002417695473254,17.549198270931676,0.5973896919879061,1.8351284958427816,1.6360301450827244,0.25,18,1,2,0,0,2,0,2,2,1,2,4,2,3.1454000000000013,72.71080000000005,1,0,0,0,0,2,0,0,1,1,0,0
PC9,O=C1C2=C(C=CC=C2)OC3=CC=CC=C31,12.027962962962963,0.03467592592592639,12.027962962962963,0.03467592592592639,0.5172771266067366,196.20499999999998,188.14099999999996,196.052429496,72,0.20002219176079833,-0.4558178049675176,0.4558178049675176,0.20002219176079833,0.7333333333333333,1.2,1.7333333333333334,16.334728177716617,10.137158383445042,2.043988918428645,-1.9898532896394734,2.167496210895058,-2.0058225514331203,5.888395652968902,0.6597417243683383,2.6627666913495847,638.2898406010062,10.25071237662706,7.935298734444734,7.935298734444734,7.360173345306137,4.767072974075047,4.767072974075047,3.4235050528459525,3.4235050528459525,2.483286574872578,2.483286574872578,1.7500015561466706,1.7500015561466706,-2.0899999999999994,4959.094331954027,8.237481994583195,2.953088807142451,1.1486969344700964,85.7610711070202,4.417150937053347,11.166040283284485,0.0,5.428790391900541,0.0,4.794537184071822,0.0,0.0,24.26546827384644,24.26546827384644,0.0,10.772448428929591,4.417150937053347,21.938488712214074,0.0,0.0,0.0,58.75426412366524,0.0,5.428790391900541,0.0,0.0,0.0,0.0,0.0,0.0,57.742624668818046,0.0,21.938488712214074,30.21,0.0,4.794537184071822,5.428790391900541,21.938488712214074,0.0,0.0,12.13273413692322,36.39820241076966,0.0,4.417150937053347,5.626990740740741,0.0,12.027962962962963,1.2707407407407412,1.3146759259259266,0.0,14.592962962962963,0.0,0.0,0.0,0.0,15,0,2,0,0,0,2,1,3,2,0,2,0,3,2.946200000000001,59.99000000000004,0,0,0,0,0,0,0,0,0,0,2,2,0,0,0,0,2,0,Alc9,OC(CC1=CC=CC=C1)(C)C2=CC(OC)=C(OC)C=C2,10.726415343915345,-0.9574357520786094,10.726415343915345,0.5449633881330308,0.9083721892957952,272.34399999999994,252.18399999999994,272.1412445,106,0.16059535666137958,-0.4928699470920177,0.4928699470920177,0.16059535666137958,0.95,1.6,2.2,16.507863905067826,9.886714685339358,2.2446519921947496,-2.246767402855474,2.332200446601139,-2.238535516915506,5.443974299613938,0.05730381851548327,2.2900575453340792,561.7027291484295,14.58757566981053,12.089619111131238,12.089619111131238,9.564010035069282,6.554175924563661,6.554175924563661,5.005991953051767,5.005991953051767,3.3966099446226505,3.3966099446226505,2.2666261378643466,2.2666261378643466,-2.0,33330.10718164373,14.409972299168976,5.969821673525377,3.114186851211073,119.3345321087538,14.580253302440804,0.0,11.49902366656781,0.0,0.0,0.0,0.0,36.39820241076966,30.183374320007832,6.4208216229260096,19.820645893538753,14.580253302440804,0.0,18.94560963360032,14.219595082555067,59.65783953108687,11.49902366656781,9.473725907600098,11.49902366656781,0.0,19.32612247739577,12.021872433909698,0.0,18.050640183084614,48.53093654769288,0.0,38.69,5.601050810983688,5.106527394840706,0.0,17.919845289493818,11.126902983393991,0.0,21.14333228224569,48.53093654769288,0.0,9.473725907600098,10.501666582725836,0.0,0.0,10.726415343915345,0.937275315990594,1.2824979528848581,15.429372643149698,0.5449633881330308,1.8067951625094483,3.187680277357857,0.29411764705882354,20,1,3,0,0,2,0,2,3,1,3,5,2,3.1540000000000017,79.26280000000006,1,0,0,0,0,2,0,0,2,2,0,0
PC9,O=C1C2=C(C=CC=C2)OC3=CC=CC=C31,12.027962962962963,0.03467592592592639,12.027962962962963,0.03467592592592639,0.5172771266067366,196.20499999999998,188.14099999999996,196.052429496,72,0.20002219176079833,-0.4558178049675176,0.4558178049675176,0.20002219176079833,0.7333333333333333,1.2,1.7333333333333334,16.334728177716617,10.137158383445042,2.043988918428645,-1.9898532896394734,2.167496210895058,-2.0058225514331203,5.888395652968902,0.6597417243683383,2.6627666913495847,638.2898406010062,10.25071237662706,7.935298734444734,7.935298734444734,7.360173345306137,4.767072974075047,4.767072974075047,3.4235050528459525,3.4235050528459525,2.483286574872578,2.483286574872578,1.7500015561466706,1.7500015561466706,-2.0899999999999994,4959.094331954027,8.237481994583195,2.953088807142451,1.1486969344700964,85.7610711070202,4.417150937053347,11.166040283284485,0.0,5.428790391900541,0.0,4.794537184071822,0.0,0.0,24.26546827384644,24.26546827384644,0.0,10.772448428929591,4.417150937053347,21.938488712214074,0.0,0.0,0.0,58.75426412366524,0.0,5.428790391900541,0.0,0.0,0.0,0.0,0.0,0.0,57.742624668818046,0.0,21.938488712214074,30.21,0.0,4.794537184071822,5.428790391900541,21.938488712214074,0.0,0.0,12.13273413692322,36.39820241076966,0.0,4.417150937053347,5.626990740740741,0.0,12.027962962962963,1.2707407407407412,1.3146759259259266,0.0,14.592962962962963,0.0,0.0,0.0,0.0,15,0,2,0,0,0,2,1,3,2,0,2,0,3,2.946200000000001,59.99000000000004,0,0,0,0,0,0,0,0,0,0,2,2,0,0,0,0,2,0,Alc10,OC(CC1=CC=CC=C1)C2=CC=CS2,9.873253023431594,-0.363518518518519,9.873253023431594,0.363518518518519,0.8144390837938148,204.29399999999998,192.19799999999998,204.060886004,72,0.09216528017574561,-0.3872321395951382,0.3872321395951382,0.09216528017574561,1.0714285714285714,1.8571428571428572,2.5,32.13347351704487,10.076452642388125,2.0789213690058697,-2.072307396572147,2.2167942612728524,-1.9832437646643386,7.095204082273813,0.18207119399780475,2.0553179911767563,366.484957172308,9.803118619434356,7.758721089857002,8.575217670784728,6.860173345306137,4.614527514810998,5.4941803260658935,3.2209400579704255,4.200212366132882,2.1434838152946787,3.117025631515786,1.418819851357115,2.130640812291436,-1.1199999999999999,3066.3242502334906,9.435606308498535,4.39885050222963,2.218442359688379,87.65297857696171,5.106527394840706,0.0,0.0,0.0,0.0,0.0,11.336785877934737,36.39820241076966,17.00988133062452,11.297968816627309,6.103966387748303,5.106527394840706,11.336785877934737,12.524788010674312,0.0,58.28523093509548,0.0,0.0,0.0,11.336785877934737,5.106527394840706,6.4208216229260096,0.0,16.5445650731466,47.844632249697185,0.0,20.23,0.0,5.106527394840706,6.103966387748303,6.4208216229260096,4.877147193701299,5.563451491696996,11.336785877934737,47.844632249697185,0.0,0.0,0.0,1.6002690381708238,1.0359750566893426,11.862882653061224,1.1744444444444446,0.0,13.994160289115648,0.3322685185185179,0.0,0.0,0.16666666666666666,14,1,1,0,0,1,1,2,2,1,2,3,2,3.0242000000000013,59.42480000000003,1,1,0,0,0,1,0,0,0,0,1,0
PC9,O=C1C2=C(C=CC=C2)OC3=CC=CC=C31,12.027962962962963,0.03467592592592639,12.027962962962963,0.03467592592592639,0.5172771266067366,196.20499999999998,188.14099999999996,196.052429496,72,0.20002219176079833,-0.4558178049675176,0.4558178049675176,0.20002219176079833,0.7333333333333333,1.2,1.7333333333333334,16.334728177716617,10.137158383445042,2.043988918428645,-1.9898532896394734,2.167496210895058,-2.0058225514331203,5.888395652968902,0.6597417243683383,2.6627666913495847,638.2898406010062,10.25071237662706,7.935298734444734,7.935298734444734,7.360173345306137,4.767072974075047,4.767072974075047,3.4235050528459525,3.4235050528459525,2.483286574872578,2.483286574872578,1.7500015561466706,1.7500015561466706,-2.0899999999999994,4959.094331954027,8.237481994583195,2.953088807142451,1.1486969344700964,85.7610711070202,4.417150937053347,11.166040283284485,0.0,5.428790391900541,0.0,4.794537184071822,0.0,0.0,24.26546827384644,24.26546827384644,0.0,10.772448428929591,4.417150937053347,21.938488712214074,0.0,0.0,0.0,58.75426412366524,0.0,5.428790391900541,0.0,0.0,0.0,0.0,0.0,0.0,57.742624668818046,0.0,21.938488712214074,30.21,0.0,4.794537184071822,5.428790391900541,21.938488712214074,0.0,0.0,12.13273413692322,36.39820241076966,0.0,4.417150937053347,5.626990740740741,0.0,12.027962962962963,1.2707407407407412,1.3146759259259266,0.0,14.592962962962963,0.0,0.0,0.0,0.0,15,0,2,0,0,0,2,1,3,2,0,2,0,3,2.946200000000001,59.99000000000004,0,0,0,0,0,0,0,0,0,0,2,2,0,0,0,0,2,0,Alc11,OC(CC1=CC=CC=C1)C2=CC=C3C(C=CC=C3)=C2,10.333416477702194,-0.45184618291761214,10.333416477702194,0.45184618291761214,0.7390124361646712,248.325,232.19699999999995,248.120115132,94,0.08300986627191954,-0.3880716629573365,0.3880716629573365,0.08300986627191954,0.7368421052631579,1.4210526315789473,2.210526315789474,16.266084676889072,9.986417291736672,2.0837478242584777,-2.1170473119725113,2.22495003462181,-2.010327051240819,5.8258821301024994,0.17837975584231427,1.8694641546477884,673.3497852752665,13.079139501373252,10.659873876151643,10.659873876151643,9.326499840494922,6.534743448824282,6.534743448824282,4.812108496772772,4.812108496772772,3.4301714223830455,3.4301714223830455,2.370271692755298,2.370271692755298,-2.119999999999999,36765.486524452244,11.941790792875613,5.2496193822875306,2.665278690398365,112.69427983828544,5.106527394840706,0.0,0.0,0.0,0.0,0.0,0.0,66.73003775307771,27.965718480785192,6.4208216229260096,6.103966387748303,5.106527394840706,10.772448428929591,12.524788010674312,0.0,83.92330780493333,0.0,0.0,0.0,0.0,5.106527394840706,6.4208216229260096,0.0,17.230869371142294,72.79640482153933,10.772448428929591,20.23,6.103966387748303,5.106527394840706,0.0,6.4208216229260096,11.126902983393991,10.772448428929591,0.0,48.53093654769288,24.26546827384644,0.0,0.0,0.0,0.0,12.713298689846312,2.1302885907449403,0.0,24.456294380406483,0.20011833900226683,0.0,0.0,0.1111111111111111,19,1,1,0,0,3,0,3,1,1,1,3,3,4.1159000000000034,79.05380000000005,1,1,0,0,0,3,1,0,0,0,0,0
PC9,O=C1C2=C(C=CC=C2)OC3=CC=CC=C31,12.027962962962963,0.03467592592592639,12.027962962962963,0.03467592592592639,0.5172771266067366,196.20499999999998,188.14099999999996,196.052429496,72,0.20002219176079833,-0.4558178049675176,0.4558178049675176,0.20002219176079833,0.7333333333333333,1.2,1.7333333333333334,16.334728177716617,10.137158383445042,2.043988918428645,-1.9898532896394734,2.167496210895058,-2.0058225514331203,5.888395652968902,0.6597417243683383,2.6627666913495847,638.2898406010062,10.25071237662706,7.935298734444734,7.935298734444734,7.360173345306137,4.767072974075047,4.767072974075047,3.4235050528459525,3.4235050528459525,2.483286574872578,2.483286574872578,1.7500015561466706,1.7500015561466706,-2.0899999999999994,4959.094331954027,8.237481994583195,2.953088807142451,1.1486969344700964,85.7610711070202,4.417150937053347,11.166040283284485,0.0,5.428790391900541,0.0,4.794537184071822,0.0,0.0,24.26546827384644,24.26546827384644,0.0,10.772448428929591,4.417150937053347,21.938488712214074,0.0,0.0,0.0,58.75426412366524,0.0,5.428790391900541,0.0,0.0,0.0,0.0,0.0,0.0,57.742624668818046,0.0,21.938488712214074,30.21,0.0,4.794537184071822,5.428790391900541,21.938488712214074,0.0,0.0,12.13273413692322,36.39820241076966,0.0,4.417150937053347,5.626990740740741,0.0,12.027962962962963,1.2707407407407412,1.3146759259259266,0.0,14.592962962962963,0.0,0.0,0.0,0.0,15,0,2,0,0,0,2,1,3,2,0,2,0,3,2.946200000000001,59.99000000000004,0,0,0,0,0,0,0,0,0,0,2,2,0,0,0,0,2,0,Alc12,OC(CC1=CC=CC=C1)C2=C3C(C=CC=C3)=CC=C2,10.471969009826154,-0.4643518518518521,10.471969009826154,0.4643518518518521,0.7390124361646712,248.325,232.19699999999995,248.120115132,94,0.08358696226666694,-0.38804892064838004,0.38804892064838004,0.08358696226666694,0.7368421052631579,1.4210526315789473,2.263157894736842,16.266124497202814,9.961087361988065,2.108514386470234,-2.1353412666234526,2.259726004252622,-2.01936407132354,5.854953122949918,0.17978572251943617,1.955927549052766,668.0997852752665,13.079139501373252,10.659873876151643,10.659873876151643,9.34333659290053,6.540726512967988,6.540726512967988,4.773896153800053,4.773896153800053,3.454236172267494,3.454236172267494,2.4883469055147316,2.4883469055147316,-2.119999999999999,37234.02225887323,11.941790792875613,5.2496193822875306,2.5146438115478507,112.69427983828544,5.106527394840706,0.0,0.0,0.0,0.0,0.0,0.0,72.79640482153933,21.899351412323583,6.4208216229260096,6.103966387748303,5.106527394840706,10.772448428929591,12.524788010674312,0.0,83.92330780493333,0.0,0.0,0.0,0.0,5.106527394840706,6.4208216229260096,0.0,17.230869371142294,72.79640482153933,10.772448428929591,20.23,6.103966387748303,5.106527394840706,0.0,6.4208216229260096,16.513127197858786,5.386224214464796,0.0,54.59730361615449,18.19910120538483,0.0,0.0,0.0,0.0,12.778027158394224,2.157303004535148,0.0,24.381355400184763,0.18331443688586524,0.0,0.0,0.1111111111111111,19,1,1,0,0,3,0,3,1,1,1,3,3,4.1159000000000034,79.05380000000005,1,1,0,0,0,3,1,0,0,0,0,0
PC9,O=C1C2=C(C=CC=C2)OC3=CC=CC=C31,12.027962962962963,0.03467592592592639,12.027962962962963,0.03467592592592639,0.5172771266067366,196.20499999999998,188.14099999999996,196.052429496,72,0.20002219176079833,-0.4558178049675176,0.4558178049675176,0.20002219176079833,0.7333333333333333,1.2,1.7333333333333334,16.334728177716617,10.137158383445042,2.043988918428645,-1.9898532896394734,2.167496210895058,-2.0058225514331203,5.888395652968902,0.6597417243683383,2.6627666913495847,638.2898406010062,10.25071237662706,7.935298734444734,7.935298734444734,7.360173345306137,4.767072974075047,4.767072974075047,3.4235050528459525,3.4235050528459525,2.483286574872578,2.483286574872578,1.7500015561466706,1.7500015561466706,-2.0899999999999994,4959.094331954027,8.237481994583195,2.953088807142451,1.1486969344700964,85.7610711070202,4.417150937053347,11.166040283284485,0.0,5.428790391900541,0.0,4.794537184071822,0.0,0.0,24.26546827384644,24.26546827384644,0.0,10.772448428929591,4.417150937053347,21.938488712214074,0.0,0.0,0.0,58.75426412366524,0.0,5.428790391900541,0.0,0.0,0.0,0.0,0.0,0.0,57.742624668818046,0.0,21.938488712214074,30.21,0.0,4.794537184071822,5.428790391900541,21.938488712214074,0.0,0.0,12.13273413692322,36.39820241076966,0.0,4.417150937053347,5.626990740740741,0.0,12.027962962962963,1.2707407407407412,1.3146759259259266,0.0,14.592962962962963,0.0,0.0,0.0,0.0,15,0,2,0,0,0,2,1,3,2,0,2,0,3,2.946200000000001,59.99000000000004,0,0,0,0,0,0,0,0,0,0,2,2,0,0,0,0,2,0,Alc13,OC(CC1=CC=CC=C1)C2=CC(OCO3)=C3C=C2,10.20884164777022,-0.5260185185185189,10.20884164777022,0.25750711414807714,0.8989449432481046,242.27399999999994,228.16199999999995,242.094294308,92,0.23080037765931263,-0.45359546622627495,0.45359546622627495,0.23080037765931263,1.0,1.7777777777777777,2.611111111111111,16.69672242832603,10.010456757448827,2.1618380133670794,-2.1120797030123173,2.3423428663928165,-2.0110859698250523,5.447982471537591,0.171222170739647,1.7820126966370167,536.6899070467601,12.372032720186704,9.874076161507412,9.874076161507412,8.826499840494922,5.9429917392881455,5.9429917392881455,4.31821918647156,4.31821918647156,3.053275194816359,3.053275194816359,2.0756028645147335,2.0756028645147335,-1.9999999999999996,27276.075850448757,11.11111111111111,4.704,2.172635445362718,105.59881672643137,14.580253302440804,0.0,11.49902366656781,6.792942306099827,0.0,0.0,0.0,36.39820241076966,23.259637120317212,6.4208216229260096,6.103966387748303,14.580253302440804,0.0,12.524788010674312,6.792942306099827,59.65783953108687,11.49902366656781,9.473725907600098,11.49902366656781,0.0,11.899469700940532,6.4208216229260096,0.0,17.230869371142294,48.53093654769288,0.0,38.69,6.103966387748303,5.106527394840706,6.792942306099827,12.170333456209914,16.876414816677897,0.0,0.0,48.53093654769288,0.0,9.473725907600098,10.55373952301306,0.0,0.0,10.20884164777022,1.9636758314436888,1.4493266565885616,15.495225553567005,0.0716836734693872,0.25750711414807714,0.0,0.2,18,1,3,1,1,2,0,2,3,1,3,3,3,2.6914000000000007,67.67080000000004,1,1,0,0,0,2,1,0,2,0,0,1
PC9,O=C1C2=C(C=CC=C2)OC3=CC=CC=C31,12.027962962962963,0.03467592592592639,12.027962962962963,0.03467592592592639,0.5172771266067366,196.20499999999998,188.14099999999996,196.052429496,72,0.20002219176079833,-0.4558178049675176,0.4558178049675176,0.20002219176079833,0.7333333333333333,1.2,1.7333333333333334,16.334728177716617,10.137158383445042,2.043988918428645,-1.9898532896394734,2.167496210895058,-2.0058225514331203,5.888395652968902,0.6597417243683383,2.6627666913495847,638.2898406010062,10.25071237662706,7.935298734444734,7.935298734444734,7.360173345306137,4.767072974075047,4.767072974075047,3.4235050528459525,3.4235050528459525,2.483286574872578,2.483286574872578,1.7500015561466706,1.7500015561466706,-2.0899999999999994,4959.094331954027,8.237481994583195,2.953088807142451,1.1486969344700964,85.7610711070202,4.417150937053347,11.166040283284485,0.0,5.428790391900541,0.0,4.794537184071822,0.0,0.0,24.26546827384644,24.26546827384644,0.0,10.772448428929591,4.417150937053347,21.938488712214074,0.0,0.0,0.0,58.75426412366524,0.0,5.428790391900541,0.0,0.0,0.0,0.0,0.0,0.0,57.742624668818046,0.0,21.938488712214074,30.21,0.0,4.794537184071822,5.428790391900541,21.938488712214074,0.0,0.0,12.13273413692322,36.39820241076966,0.0,4.417150937053347,5.626990740740741,0.0,12.027962962962963,1.2707407407407412,1.3146759259259266,0.0,14.592962962962963,0.0,0.0,0.0,0.0,15,0,2,0,0,0,2,1,3,2,0,2,0,3,2.946200000000001,59.99000000000004,0,0,0,0,0,0,0,0,0,0,2,2,0,0,0,0,2,0,Alc14,OC(CC1=CC=CC=C1)C2=CC=C3C(OCCO3)=C2,10.279154147770221,-0.5294198790627365,10.279154147770221,0.5294198790627365,0.917331086007642,256.30099999999993,240.17299999999994,256.10994437200003,98,0.16122961165638874,-0.4861472727903348,0.4861472727903348,0.16122961165638874,0.9473684210526315,1.6842105263157894,2.473684210526316,16.562628442435113,10.008696216764893,2.1511380646401257,-2.1988672450591435,2.3280711304727224,-2.1537912220555357,5.441928645560842,0.1642102965101603,1.779518636946347,551.1754332522945,13.079139501373252,10.58118294269396,10.58118294269396,9.326499840494922,6.442991739288146,6.442991739288146,4.608616346737665,4.608616346737665,3.2228815431838655,3.2228815431838655,2.222419671269494,2.222419671269494,-1.9999999999999996,36765.486524452244,12.055401662049862,5.325443786982248,2.71280276816609,111.96375884082798,14.580253302440804,13.213763929025836,11.49902366656781,0.0,0.0,0.0,0.0,36.39820241076966,23.259637120317212,6.4208216229260096,6.103966387748303,14.580253302440804,0.0,12.524788010674312,13.213763929025836,59.65783953108687,11.49902366656781,9.473725907600098,11.49902366656781,0.0,18.32029132386654,6.4208216229260096,0.0,17.230869371142294,48.53093654769288,0.0,38.69,6.103966387748303,5.106527394840706,0.0,19.634585551951847,22.6259266499618,0.0,0.0,48.53093654769288,0.0,9.473725907600098,10.998183967457507,0.0,0.0,10.279154147770221,1.970363074242043,1.4701599899218951,15.570851127488034,0.06828231292516962,1.1430053801951348,0.0,0.25,19,1,3,1,1,2,0,2,3,1,3,3,3,2.733900000000001,72.53780000000005,1,1,0,0,0,2,1,0,2,0,0,0
PC10,O=C1C2=C(C=CC=C2)C3=C1C=CC=C3,11.887962962962964,0.14925925925925965,11.887962962962964,0.14925925925925965,0.5195293693386194,180.206,172.14199999999997,180.057514876,66,0.19377175157373672,-0.2885671167076874,0.2885671167076874,0.19377175157373672,0.5714285714285714,0.9285714285714286,1.3571428571428572,16.13859365153254,10.068819284791354,2.242827985675946,-1.960629754258623,2.3507487906457203,-1.9309460942972745,6.210775977728273,0.1038646218696486,2.416126768880536,478.7637016600122,9.543605595440512,7.527050443980871,7.527050443980871,6.877010097711745,4.608824683611184,4.608824683611184,3.420291709197352,3.420291709197352,2.6335525403519897,2.6335525403519897,1.9770539873557715,1.9770539873557715,-1.8899999999999997,3568.9905440084667,7.507895747746895,2.548237505781114,0.8137805364054832,82.00913038647215,0.0,0.0,5.783244946364939,0.0,0.0,4.794537184071822,0.0,0.0,48.53093654769288,11.126902983393991,11.126902983393991,0.0,4.794537184071822,5.783244946364939,0.0,0.0,0.0,59.65783953108687,11.126902983393991,0.0,0.0,0.0,0.0,5.783244946364939,0.0,15.921440167465814,48.53093654769288,0.0,11.126902983393991,17.07,0.0,4.794537184071822,5.783244946364939,0.0,22.253805966787983,0.0,0.0,48.53093654769288,0.0,0.0,0.0,0.0,11.887962962962964,0.0,3.781111111111112,0.14925925925925965,15.515,0.0,0.0,0.0,0.0,14,0,1,1,0,1,2,0,2,1,0,1,0,3,2.8980000000000015,55.310500000000026,0,0,1,1,0,0,0,0,0,0,2,3,0,0,1,0,0,0,Alc1,OC(CC1=CC=CC=C1)C2=CC=C(C(OC)=O)C=C2,11.300882193186936,-0.5749102418745282,11.300882193186936,0.3712044724021635,0.8555190559485526,256.30099999999993,240.17299999999994,256.10994437200003,98,0.33734179298009886,-0.4654175212523233,0.4654175212523233,0.33734179298009886,1.105263157894737,1.736842105263158,2.3157894736842106,16.523293378425766,10.003236877957912,2.100617014517665,-2.111125286046951,2.185198707818772,-2.040609496672206,5.887593188002341,0.06002383438700396,2.073681425115431,531.6803207544581,13.664925939000156,10.74431964951049,10.74431964951049,9.202708600407233,6.107223093895716,6.107223093895716,4.31911057255133,4.31911057255133,2.9884308157697754,2.9884308157697754,1.9144073831934183,1.9144073831934183,-2.1299999999999994,25130.041075738343,13.30515171594639,6.15877056967385,3.421837675345536,112.01756686489409,9.843390348640755,0.0,0.0,0.0,5.969305287951849,4.794537184071822,0.0,42.46456947923127,23.259637120317212,6.4208216229260096,18.777215420722833,14.637927532712578,5.969305287951849,12.524788010674312,7.109797541277533,71.28765809124549,0.0,0.0,0.0,0.0,18.18563022407009,11.157684576726059,0.0,27.58885804691111,54.59730361615449,0.0,46.53,6.103966387748303,9.901064578912528,5.969305287951849,11.984273114623004,11.126902983393991,7.109797541277533,24.26546827384644,30.33183534230805,4.736862953800049,0.0,4.63082306110129,0.0,11.300882193186936,10.144462317334341,2.3488071092634595,-0.3712044724021635,16.619447777784718,-0.020931201184178128,0.0,1.347713214915596,0.1875,19,1,3,0,0,2,0,2,3,1,3,4,2,2.7493000000000007,72.88730000000004,1,1,1,1,0,2,0,1,1,1,0,1
PC10,O=C1C2=C(C=CC=C2)C3=C1C=CC=C3,11.887962962962964,0.14925925925925965,11.887962962962964,0.14925925925925965,0.5195293693386194,180.206,172.14199999999997,180.057514876,66,0.19377175157373672,-0.2885671167076874,0.2885671167076874,0.19377175157373672,0.5714285714285714,0.9285714285714286,1.3571428571428572,16.13859365153254,10.068819284791354,2.242827985675946,-1.960629754258623,2.3507487906457203,-1.9309460942972745,6.210775977728273,0.1038646218696486,2.416126768880536,478.7637016600122,9.543605595440512,7.527050443980871,7.527050443980871,6.877010097711745,4.608824683611184,4.608824683611184,3.420291709197352,3.420291709197352,2.6335525403519897,2.6335525403519897,1.9770539873557715,1.9770539873557715,-1.8899999999999997,3568.9905440084667,7.507895747746895,2.548237505781114,0.8137805364054832,82.00913038647215,0.0,0.0,5.783244946364939,0.0,0.0,4.794537184071822,0.0,0.0,48.53093654769288,11.126902983393991,11.126902983393991,0.0,4.794537184071822,5.783244946364939,0.0,0.0,0.0,59.65783953108687,11.126902983393991,0.0,0.0,0.0,0.0,5.783244946364939,0.0,15.921440167465814,48.53093654769288,0.0,11.126902983393991,17.07,0.0,4.794537184071822,5.783244946364939,0.0,22.253805966787983,0.0,0.0,48.53093654769288,0.0,0.0,0.0,0.0,11.887962962962964,0.0,3.781111111111112,0.14925925925925965,15.515,0.0,0.0,0.0,0.0,14,0,1,1,0,1,2,0,2,1,0,1,0,3,2.8980000000000015,55.310500000000026,0,0,1,1,0,0,0,0,0,0,2,3,0,0,1,0,0,0,Alc2,OC(CC1=CC=CC=C1)C2=CC=CC=C2,9.973947467876041,-0.40870370370370424,9.973947467876041,0.40870370370370424,0.8035051734358308,198.265,184.15299999999996,198.104465068,76,0.08298804952950145,-0.3880720436533714,0.3880720436533714,0.08298804952950145,0.8,1.3333333333333333,1.9333333333333333,16.266076170609406,10.017292443134783,2.0630459693402803,-2.099774890735418,2.1679020868127488,-2.0051469961497723,5.216146633482743,0.17822792250631558,2.0784516078094564,394.1985815306015,10.510225400620904,8.50517333777239,8.50517333777239,7.360173345306137,5.13004291044503,5.13004291044503,3.6162040833489484,3.6162040833489484,2.4562220383138484,2.4562220383138484,1.6303928292672958,1.6303928292672958,-1.5999999999999996,4035.3008467528234,9.936265432098764,4.759877126654065,2.6729591836734703,90.01261530655025,5.106527394840706,0.0,0.0,0.0,0.0,0.0,0.0,60.6636706846161,11.126902983393991,6.4208216229260096,6.103966387748303,5.106527394840706,0.0,12.524788010674312,0.0,71.7905736680101,0.0,0.0,0.0,0.0,5.106527394840706,6.4208216229260096,0.0,17.230869371142294,60.6636706846161,0.0,20.23,6.103966387748303,5.106527394840706,0.0,6.4208216229260096,11.126902983393991,0.0,0.0,60.6636706846161,0.0,0.0,0.0,0.0,0.0,9.973947467876041,2.1344501133786853,0.0,19.795491307634165,0.2627777777777772,0.0,0.0,0.14285714285714285,15,1,1,0,0,2,0,2,1,1,1,3,2,2.9627000000000008,61.54780000000004,1,1,0,0,0,2,0,0,0,0,0,0
PC10,O=C1C2=C(C=CC=C2)C3=C1C=CC=C3,11.887962962962964,0.14925925925925965,11.887962962962964,0.14925925925925965,0.5195293693386194,180.206,172.14199999999997,180.057514876,66,0.19377175157373672,-0.2885671167076874,0.2885671167076874,0.19377175157373672,0.5714285714285714,0.9285714285714286,1.3571428571428572,16.13859365153254,10.068819284791354,2.242827985675946,-1.960629754258623,2.3507487906457203,-1.9309460942972745,6.210775977728273,0.1038646218696486,2.416126768880536,478.7637016600122,9.543605595440512,7.527050443980871,7.527050443980871,6.877010097711745,4.608824683611184,4.608824683611184,3.420291709197352,3.420291709197352,2.6335525403519897,2.6335525403519897,1.9770539873557715,1.9770539873557715,-1.8899999999999997,3568.9905440084667,7.507895747746895,2.548237505781114,0.8137805364054832,82.00913038647215,0.0,0.0,5.783244946364939,0.0,0.0,4.794537184071822,0.0,0.0,48.53093654769288,11.126902983393991,11.126902983393991,0.0,4.794537184071822,5.783244946364939,0.0,0.0,0.0,59.65783953108687,11.126902983393991,0.0,0.0,0.0,0.0,5.783244946364939,0.0,15.921440167465814,48.53093654769288,0.0,11.126902983393991,17.07,0.0,4.794537184071822,5.783244946364939,0.0,22.253805966787983,0.0,0.0,48.53093654769288,0.0,0.0,0.0,0.0,11.887962962962964,0.0,3.781111111111112,0.14925925925925965,15.515,0.0,0.0,0.0,0.0,14,0,1,1,0,1,2,0,2,1,0,1,0,3,2.8980000000000015,55.310500000000026,0,0,1,1,0,0,0,0,0,0,2,3,0,0,1,0,0,0,Alc3,OC(CC1=CC=CC=C1)C2=CC=C(C3=CC=CC=C3)C=C2,10.335407533383725,-0.46090429999160243,10.335407533383725,0.46090429999160243,0.7351163069128532,274.363,256.21899999999994,274.135765196,104,0.08298875307923671,-0.388072037808165,0.388072037808165,0.08298875307923671,0.6190476190476191,1.1428571428571428,1.7619047619047619,16.266083292964606,9.982653573837602,2.0818451903734125,-2.1170537852257123,2.231560758845956,-2.009876154068321,5.629945446690994,0.17824227821530972,1.7483318000385286,672.0487817325015,14.493353063746348,11.814574414530895,11.814574414530895,10.326499840494922,7.2014101154909484,7.2014101154909484,5.193554352538573,5.193554352538573,3.674455551106933,3.674455551106933,2.483526521520132,2.483526521520132,-2.379999999999999,104293.42426850586,13.596094137037953,6.379998762558589,3.3882865583782404,125.06970951261428,5.106527394840706,0.0,0.0,0.0,0.0,0.0,0.0,84.92913895846256,22.253805966787983,6.4208216229260096,6.103966387748303,5.106527394840706,0.0,12.524788010674312,0.0,96.05604194185656,11.126902983393991,0.0,0.0,0.0,5.106527394840706,6.4208216229260096,0.0,17.230869371142294,84.92913895846256,11.126902983393991,20.23,6.103966387748303,5.106527394840706,0.0,6.4208216229260096,11.126902983393991,11.126902983393991,0.0,60.6636706846161,24.26546827384644,0.0,0.0,0.0,0.0,10.335407533383725,4.475491082490542,0.0,28.505636982933158,0.1834644011925748,0.0,0.0,0.1,21,1,1,0,0,3,0,3,1,1,1,4,3,4.629700000000004,86.98380000000003,1,1,0,0,0,3,0,0,0,0,0,0
PC10,O=C1C2=C(C=CC=C2)C3=C1C=CC=C3,11.887962962962964,0.14925925925925965,11.887962962962964,0.14925925925925965,0.5195293693386194,180.206,172.14199999999997,180.057514876,66,0.19377175157373672,-0.2885671167076874,0.2885671167076874,0.19377175157373672,0.5714285714285714,0.9285714285714286,1.3571428571428572,16.13859365153254,10.068819284791354,2.242827985675946,-1.960629754258623,2.3507487906457203,-1.9309460942972745,6.210775977728273,0.1038646218696486,2.416126768880536,478.7637016600122,9.543605595440512,7.527050443980871,7.527050443980871,6.877010097711745,4.608824683611184,4.608824683611184,3.420291709197352,3.420291709197352,2.6335525403519897,2.6335525403519897,1.9770539873557715,1.9770539873557715,-1.8899999999999997,3568.9905440084667,7.507895747746895,2.548237505781114,0.8137805364054832,82.00913038647215,0.0,0.0,5.783244946364939,0.0,0.0,4.794537184071822,0.0,0.0,48.53093654769288,11.126902983393991,11.126902983393991,0.0,4.794537184071822,5.783244946364939,0.0,0.0,0.0,59.65783953108687,11.126902983393991,0.0,0.0,0.0,0.0,5.783244946364939,0.0,15.921440167465814,48.53093654769288,0.0,11.126902983393991,17.07,0.0,4.794537184071822,5.783244946364939,0.0,22.253805966787983,0.0,0.0,48.53093654769288,0.0,0.0,0.0,0.0,11.887962962962964,0.0,3.781111111111112,0.14925925925925965,15.515,0.0,0.0,0.0,0.0,14,0,1,1,0,1,2,0,2,1,0,1,0,3,2.8980000000000015,55.310500000000026,0,0,1,1,0,0,0,0,0,0,2,3,0,0,1,0,0,0,Alc4,OC(CC1=CC=CC=C1)C2=CC=C(C)C=C2,10.064839380196524,-0.41388888888888964,10.064839380196524,0.41388888888888964,0.827496933605173,212.29199999999997,196.16399999999996,212.120115132,82,0.0829883747658443,-0.38807204092055403,0.38807204092055403,0.0829883747658443,0.9375,1.5625,2.1875,16.266078389325447,10.006289195538882,2.069742142147314,-2.1072106640509842,2.1789660783789326,-2.009250363373895,5.250301887094522,0.17821400361845985,2.085070944860585,430.75194762320365,11.380468888623982,9.427823068582764,9.427823068582764,7.7540201954234895,5.54072651296799,5.54072651296799,4.116204083348947,4.116204083348947,2.7339998160916257,2.7339998160916257,1.7438068228410388,1.7438068228410388,-1.5999999999999996,5689.016293492532,10.902614268848035,4.950941945405614,2.7067723730180067,96.37755742094683,5.106527394840706,0.0,0.0,0.0,0.0,0.0,0.0,60.160755107851486,18.050640183084617,6.4208216229260096,6.103966387748303,5.106527394840706,0.0,19.448525210364934,0.0,71.28765809124549,0.0,0.0,0.0,0.0,5.106527394840706,6.4208216229260096,6.923737199690624,22.79432086283929,54.59730361615449,0.0,20.23,6.103966387748303,5.106527394840706,0.0,6.4208216229260096,11.126902983393991,5.563451491696996,0.0,61.52104081584511,0.0,0.0,0.0,0.0,0.0,10.064839380196524,3.3617492336440753,0.0,18.10113200218359,0.25664777021919793,2.048964947089947,0.0,0.2,16,1,1,0,0,2,0,2,1,1,1,3,2,3.2711200000000016,66.28480000000003,1,1,0,0,1,2,0,0,0,0,0,0
PC10,O=C1C2=C(C=CC=C2)C3=C1C=CC=C3,11.887962962962964,0.14925925925925965,11.887962962962964,0.14925925925925965,0.5195293693386194,180.206,172.14199999999997,180.057514876,66,0.19377175157373672,-0.2885671167076874,0.2885671167076874,0.19377175157373672,0.5714285714285714,0.9285714285714286,1.3571428571428572,16.13859365153254,10.068819284791354,2.242827985675946,-1.960629754258623,2.3507487906457203,-1.9309460942972745,6.210775977728273,0.1038646218696486,2.416126768880536,478.7637016600122,9.543605595440512,7.527050443980871,7.527050443980871,6.877010097711745,4.608824683611184,4.608824683611184,3.420291709197352,3.420291709197352,2.6335525403519897,2.6335525403519897,1.9770539873557715,1.9770539873557715,-1.8899999999999997,3568.9905440084667,7.507895747746895,2.548237505781114,0.8137805364054832,82.00913038647215,0.0,0.0,5.783244946364939,0.0,0.0,4.794537184071822,0.0,0.0,48.53093654769288,11.126902983393991,11.126902983393991,0.0,4.794537184071822,5.783244946364939,0.0,0.0,0.0,59.65783953108687,11.126902983393991,0.0,0.0,0.0,0.0,5.783244946364939,0.0,15.921440167465814,48.53093654769288,0.0,11.126902983393991,17.07,0.0,4.794537184071822,5.783244946364939,0.0,22.253805966787983,0.0,0.0,48.53093654769288,0.0,0.0,0.0,0.0,11.887962962962964,0.0,3.781111111111112,0.14925925925925965,15.515,0.0,0.0,0.0,0.0,14,0,1,1,0,1,2,0,2,1,0,1,0,3,2.8980000000000015,55.310500000000026,0,0,1,1,0,0,0,0,0,0,2,3,0,0,1,0,0,0,Alc5,OC(CC1=CC=CC=C1)C2=CC=C(OC)C=C2,10.096727135298565,-0.4691609977324269,10.096727135298565,0.4691609977324269,0.8713621378125769,228.29099999999997,212.16299999999995,228.115029752,88,0.1183810048644517,-0.4967681917897237,0.4967681917897237,0.1183810048644517,1.0,1.6470588235294117,2.235294117647059,16.465293963471616,10.014481763052645,2.0766339002525425,-2.1114630586776655,2.2033628169898027,-2.0103111679180383,5.291757736922201,0.17813111737507337,2.062926536206509,448.10785282653126,12.08757566981053,9.836071359046628,9.836071359046628,8.292024997884274,5.653098948663784,5.653098948663784,3.9786802197867686,3.9786802197867686,2.772451506641763,2.772451506641763,1.7812643014063039,1.7812643014063039,-1.7999999999999998,10090.555572179177,11.678585581466239,5.50509077963688,3.0789697570071675,101.49110265045373,9.843390348640755,5.749511833283905,0.0,0.0,0.0,0.0,0.0,42.46456947923127,23.259637120317212,6.4208216229260096,13.213763929025836,9.843390348640755,0.0,12.524788010674312,7.109797541277533,65.72420659954848,5.749511833283905,4.736862953800049,5.749511833283905,0.0,12.216324936118239,6.4208216229260096,0.0,17.230869371142294,54.59730361615449,0.0,29.46,6.103966387748303,5.106527394840706,0.0,6.4208216229260096,16.876414816677897,0.0,7.109797541277533,54.59730361615449,0.0,4.736862953800049,5.085560668137779,0.0,0.0,10.096727135298565,2.0467325155370792,0.8061676954732513,17.500864937598344,0.16295091647770144,0.0,1.6343294648106155,0.2,17,1,2,0,0,2,0,2,2,1,2,4,2,2.971300000000001,68.09980000000004,1,1,0,0,0,2,0,0,1,1,0,6
PC10,O=C1C2=C(C=CC=C2)C3=C1C=CC=C3,11.887962962962964,0.14925925925925965,11.887962962962964,0.14925925925925965,0.5195293693386194,180.206,172.14199999999997,180.057514876,66,0.19377175157373672,-0.2885671167076874,0.2885671167076874,0.19377175157373672,0.5714285714285714,0.9285714285714286,1.3571428571428572,16.13859365153254,10.068819284791354,2.242827985675946,-1.960629754258623,2.3507487906457203,-1.9309460942972745,6.210775977728273,0.1038646218696486,2.416126768880536,478.7637016600122,9.543605595440512,7.527050443980871,7.527050443980871,6.877010097711745,4.608824683611184,4.608824683611184,3.420291709197352,3.420291709197352,2.6335525403519897,2.6335525403519897,1.9770539873557715,1.9770539873557715,-1.8899999999999997,3568.9905440084667,7.507895747746895,2.548237505781114,0.8137805364054832,82.00913038647215,0.0,0.0,5.783244946364939,0.0,0.0,4.794537184071822,0.0,0.0,48.53093654769288,11.126902983393991,11.126902983393991,0.0,4.794537184071822,5.783244946364939,0.0,0.0,0.0,59.65783953108687,11.126902983393991,0.0,0.0,0.0,0.0,5.783244946364939,0.0,15.921440167465814,48.53093654769288,0.0,11.126902983393991,17.07,0.0,4.794537184071822,5.783244946364939,0.0,22.253805966787983,0.0,0.0,48.53093654769288,0.0,0.0,0.0,0.0,11.887962962962964,0.0,3.781111111111112,0.14925925925925965,15.515,0.0,0.0,0.0,0.0,14,0,1,1,0,1,2,0,2,1,0,1,0,3,2.8980000000000015,55.310500000000026,0,0,1,1,0,0,0,0,0,0,2,3,0,0,1,0,0,0,Alc6,OC(CC1=CC=CC=C1)C2=CC=C(OC)C(OC)=C2,10.261137566137567,-0.5535128495842787,10.261137566137567,0.5535128495842787,0.8956990875329504,258.31699999999995,240.17299999999994,258.12559443600003,100,0.16058453750747206,-0.4928699503057866,0.4928699503057866,0.16058453750747206,0.9473684210526315,1.631578947368421,2.263157894736842,16.507840676524992,10.009678695325208,2.1172434065020065,-2.139118621146542,2.3039729637253057,-2.023299718872896,5.433081291348095,0.17759935416267483,2.170628055604028,522.7721843403044,13.664925939000156,11.166969380320865,11.166969380320865,9.240713402868018,6.182138051026246,6.182138051026246,4.319941212142852,4.319941212142852,3.0642462362819742,3.0642462362819742,2.0152864579650367,2.0152864579650367,-2.0,25290.518080230475,13.432098765432098,6.25,3.263267429760666,112.96958999435721,14.580253302440804,0.0,11.49902366656781,0.0,0.0,0.0,0.0,36.39820241076966,23.259637120317212,6.4208216229260096,20.323561470303368,14.580253302440804,0.0,12.524788010674312,14.219595082555067,59.65783953108687,11.49902366656781,9.473725907600098,11.49902366656781,0.0,19.32612247739577,6.4208216229260096,0.0,17.230869371142294,48.53093654769288,0.0,38.69,6.103966387748303,5.106527394840706,0.0,17.919845289493818,11.126902983393991,0.0,14.219595082555067,48.53093654769288,0.0,9.473725907600098,10.423739523013062,0.0,0.0,10.261137566137567,1.922488845846981,1.296548878810784,15.3862476431497,0.0261727607709743,0.0,3.1836647822709327,0.25,19,1,3,0,0,2,0,2,3,1,3,5,2,2.9799000000000015,74.65180000000005,1,1,0,0,0,2,0,0,2,2,0,3
PC10,O=C1C2=C(C=CC=C2)C3=C1C=CC=C3,11.887962962962964,0.14925925925925965,11.887962962962964,0.14925925925925965,0.5195293693386194,180.206,172.14199999999997,180.057514876,66,0.19377175157373672,-0.2885671167076874,0.2885671167076874,0.19377175157373672,0.5714285714285714,0.9285714285714286,1.3571428571428572,16.13859365153254,10.068819284791354,2.242827985675946,-1.960629754258623,2.3507487906457203,-1.9309460942972745,6.210775977728273,0.1038646218696486,2.416126768880536,478.7637016600122,9.543605595440512,7.527050443980871,7.527050443980871,6.877010097711745,4.608824683611184,4.608824683611184,3.420291709197352,3.420291709197352,2.6335525403519897,2.6335525403519897,1.9770539873557715,1.9770539873557715,-1.8899999999999997,3568.9905440084667,7.507895747746895,2.548237505781114,0.8137805364054832,82.00913038647215,0.0,0.0,5.783244946364939,0.0,0.0,4.794537184071822,0.0,0.0,48.53093654769288,11.126902983393991,11.126902983393991,0.0,4.794537184071822,5.783244946364939,0.0,0.0,0.0,59.65783953108687,11.126902983393991,0.0,0.0,0.0,0.0,5.783244946364939,0.0,15.921440167465814,48.53093654769288,0.0,11.126902983393991,17.07,0.0,4.794537184071822,5.783244946364939,0.0,22.253805966787983,0.0,0.0,48.53093654769288,0.0,0.0,0.0,0.0,11.887962962962964,0.0,3.781111111111112,0.14925925925925965,15.515,0.0,0.0,0.0,0.0,14,0,1,1,0,1,2,0,2,1,0,1,0,3,2.8980000000000015,55.310500000000026,0,0,1,1,0,0,0,0,0,0,2,3,0,0,1,0,0,0,Alc7,OC(CC1=CC=CC=C1)C2=C(OC)C=CC=C2OC,10.43783635676493,-0.6587962962962965,10.43783635676493,0.5253703703703706,0.8956990875329504,258.31699999999995,240.17299999999994,258.12559443600003,100,0.12790209537997485,-0.49622875863680643,0.49622875863680643,0.12790209537997485,0.8947368421052632,1.4736842105263157,2.0,16.477976847424276,9.995068210762046,2.1838950809298114,-2.1766985532877468,2.348905965119941,-2.0598899020398505,5.4636733049682915,0.16908465638196046,2.2969656304417856,500.52218434030453,13.664925939000156,11.166969380320865,11.166969380320865,9.257550155273625,6.1881211151699524,6.1881211151699524,4.281728869170134,4.281728869170134,3.0710430404017512,3.0710430404017512,2.147725380294945,2.147725380294945,-1.9999999999999998,25369.482589932766,13.432098765432098,6.25,3.0625,112.9695899943572,14.580253302440804,11.49902366656781,0.0,0.0,0.0,0.0,0.0,36.39820241076966,17.696185628620217,6.4208216229260096,25.887012962000366,14.580253302440804,0.0,12.524788010674312,14.219595082555067,59.65783953108687,11.49902366656781,9.473725907600098,11.49902366656781,0.0,19.32612247739577,6.4208216229260096,0.0,17.230869371142294,48.53093654769288,0.0,38.69,6.103966387748303,5.106527394840706,0.0,23.483296781190813,5.563451491696996,0.0,14.219595082555067,48.53093654769288,0.0,9.473725907600098,10.613328609221465,0.0,0.0,10.43783635676493,1.7632520786092218,1.2829280045351479,15.354512471655326,-0.13342592592592595,0.0,3.1815684051398336,0.25,19,1,3,0,0,2,0,2,3,1,3,5,2,2.9799000000000015,74.65180000000005,1,1,0,0,0,2,0,0,2,2,0,2
PC10,O=C1C2=C(C=CC=C2)C3=C1C=CC=C3,11.887962962962964,0.14925925925925965,11.887962962962964,0.14925925925925965,0.5195293693386194,180.206,172.14199999999997,180.057514876,66,0.19377175157373672,-0.2885671167076874,0.2885671167076874,0.19377175157373672,0.5714285714285714,0.9285714285714286,1.3571428571428572,16.13859365153254,10.068819284791354,2.242827985675946,-1.960629754258623,2.3507487906457203,-1.9309460942972745,6.210775977728273,0.1038646218696486,2.416126768880536,478.7637016600122,9.543605595440512,7.527050443980871,7.527050443980871,6.877010097711745,4.608824683611184,4.608824683611184,3.420291709197352,3.420291709197352,2.6335525403519897,2.6335525403519897,1.9770539873557715,1.9770539873557715,-1.8899999999999997,3568.9905440084667,7.507895747746895,2.548237505781114,0.8137805364054832,82.00913038647215,0.0,0.0,5.783244946364939,0.0,0.0,4.794537184071822,0.0,0.0,48.53093654769288,11.126902983393991,11.126902983393991,0.0,4.794537184071822,5.783244946364939,0.0,0.0,0.0,59.65783953108687,11.126902983393991,0.0,0.0,0.0,0.0,5.783244946364939,0.0,15.921440167465814,48.53093654769288,0.0,11.126902983393991,17.07,0.0,4.794537184071822,5.783244946364939,0.0,22.253805966787983,0.0,0.0,48.53093654769288,0.0,0.0,0.0,0.0,11.887962962962964,0.0,3.781111111111112,0.14925925925925965,15.515,0.0,0.0,0.0,0.0,14,0,1,1,0,1,2,0,2,1,0,1,0,3,2.8980000000000015,55.310500000000026,0,0,1,1,0,0,0,0,0,0,2,3,0,0,1,0,0,0,Alc8,OC(CC1=CC=CC=C1)(C)C2=CC=C(OC)C=C2,10.562004913076343,-0.8674357520786091,10.562004913076343,0.5973896919879061,0.8921056666605938,242.31799999999996,224.17399999999995,242.130679816,94,0.11838137186134988,-0.4967681887289843,0.4967681887289843,0.11838137186134988,1.0,1.6111111111111112,2.1666666666666665,16.465304335878308,9.889503760970026,2.22797150875665,-2.2385349345184125,2.2631394577439528,-2.2362172676827443,5.316379902260567,0.057569130157961716,2.1884279567800498,486.2652269194349,13.010225400620904,10.758721089857001,10.758721089857001,8.615321630085539,6.025136822201199,6.025136822201199,4.664730960695685,4.664730960695685,3.103088053135465,3.103088053135465,2.045469160275508,2.045469160275508,-1.7999999999999998,13287.836301449152,12.651595457003785,5.233467659312888,2.90182022893601,107.85604476485034,9.843390348640755,5.749511833283905,0.0,0.0,0.0,0.0,0.0,42.46456947923127,30.183374320007832,6.4208216229260096,12.710848352261221,9.843390348640755,0.0,18.94560963360032,7.109797541277533,65.72420659954848,5.749511833283905,4.736862953800049,5.749511833283905,0.0,12.216324936118239,12.021872433909698,0.0,18.050640183084614,54.59730361615449,0.0,29.46,5.601050810983688,5.106527394840706,0.0,6.4208216229260096,16.876414816677897,0.0,7.109797541277533,61.52104081584511,0.0,4.736862953800049,5.118487727850552,0.0,0.0,10.562004913076343,1.1515189856806924,0.8002417695473254,17.549198270931676,0.5973896919879061,1.8351284958427816,1.6360301450827244,0.25,18,1,2,0,0,2,0,2,2,1,2,4,2,3.1454000000000013,72.71080000000005,1,0,0,0,0,2,0,0,1,1,0,1
PC10,O=C1C2=C(C=CC=C2)C3=C1C=CC=C3,11.887962962962964,0.14925925925925965,11.887962962962964,0.14925925925925965,0.5195293693386194,180.206,172.14199999999997,180.057514876,66,0.19377175157373672,-0.2885671167076874,0.2885671167076874,0.19377175157373672,0.5714285714285714,0.9285714285714286,1.3571428571428572,16.13859365153254,10.068819284791354,2.242827985675946,-1.960629754258623,2.3507487906457203,-1.9309460942972745,6.210775977728273,0.1038646218696486,2.416126768880536,478.7637016600122,9.543605595440512,7.527050443980871,7.527050443980871,6.877010097711745,4.608824683611184,4.608824683611184,3.420291709197352,3.420291709197352,2.6335525403519897,2.6335525403519897,1.9770539873557715,1.9770539873557715,-1.8899999999999997,3568.9905440084667,7.507895747746895,2.548237505781114,0.8137805364054832,82.00913038647215,0.0,0.0,5.783244946364939,0.0,0.0,4.794537184071822,0.0,0.0,48.53093654769288,11.126902983393991,11.126902983393991,0.0,4.794537184071822,5.783244946364939,0.0,0.0,0.0,59.65783953108687,11.126902983393991,0.0,0.0,0.0,0.0,5.783244946364939,0.0,15.921440167465814,48.53093654769288,0.0,11.126902983393991,17.07,0.0,4.794537184071822,5.783244946364939,0.0,22.253805966787983,0.0,0.0,48.53093654769288,0.0,0.0,0.0,0.0,11.887962962962964,0.0,3.781111111111112,0.14925925925925965,15.515,0.0,0.0,0.0,0.0,14,0,1,1,0,1,2,0,2,1,0,1,0,3,2.8980000000000015,55.310500000000026,0,0,1,1,0,0,0,0,0,0,2,3,0,0,1,0,0,0,Alc9,OC(CC1=CC=CC=C1)(C)C2=CC(OC)=C(OC)C=C2,10.726415343915345,-0.9574357520786094,10.726415343915345,0.5449633881330308,0.9083721892957952,272.34399999999994,252.18399999999994,272.1412445,106,0.16059535666137958,-0.4928699470920177,0.4928699470920177,0.16059535666137958,0.95,1.6,2.2,16.507863905067826,9.886714685339358,2.2446519921947496,-2.246767402855474,2.332200446601139,-2.238535516915506,5.443974299613938,0.05730381851548327,2.2900575453340792,561.7027291484295,14.58757566981053,12.089619111131238,12.089619111131238,9.564010035069282,6.554175924563661,6.554175924563661,5.005991953051767,5.005991953051767,3.3966099446226505,3.3966099446226505,2.2666261378643466,2.2666261378643466,-2.0,33330.10718164373,14.409972299168976,5.969821673525377,3.114186851211073,119.3345321087538,14.580253302440804,0.0,11.49902366656781,0.0,0.0,0.0,0.0,36.39820241076966,30.183374320007832,6.4208216229260096,19.820645893538753,14.580253302440804,0.0,18.94560963360032,14.219595082555067,59.65783953108687,11.49902366656781,9.473725907600098,11.49902366656781,0.0,19.32612247739577,12.021872433909698,0.0,18.050640183084614,48.53093654769288,0.0,38.69,5.601050810983688,5.106527394840706,0.0,17.919845289493818,11.126902983393991,0.0,21.14333228224569,48.53093654769288,0.0,9.473725907600098,10.501666582725836,0.0,0.0,10.726415343915345,0.937275315990594,1.2824979528848581,15.429372643149698,0.5449633881330308,1.8067951625094483,3.187680277357857,0.29411764705882354,20,1,3,0,0,2,0,2,3,1,3,5,2,3.1540000000000017,79.26280000000006,1,0,0,0,0,2,0,0,2,2,0,2
PC10,O=C1C2=C(C=CC=C2)C3=C1C=CC=C3,11.887962962962964,0.14925925925925965,11.887962962962964,0.14925925925925965,0.5195293693386194,180.206,172.14199999999997,180.057514876,66,0.19377175157373672,-0.2885671167076874,0.2885671167076874,0.19377175157373672,0.5714285714285714,0.9285714285714286,1.3571428571428572,16.13859365153254,10.068819284791354,2.242827985675946,-1.960629754258623,2.3507487906457203,-1.9309460942972745,6.210775977728273,0.1038646218696486,2.416126768880536,478.7637016600122,9.543605595440512,7.527050443980871,7.527050443980871,6.877010097711745,4.608824683611184,4.608824683611184,3.420291709197352,3.420291709197352,2.6335525403519897,2.6335525403519897,1.9770539873557715,1.9770539873557715,-1.8899999999999997,3568.9905440084667,7.507895747746895,2.548237505781114,0.8137805364054832,82.00913038647215,0.0,0.0,5.783244946364939,0.0,0.0,4.794537184071822,0.0,0.0,48.53093654769288,11.126902983393991,11.126902983393991,0.0,4.794537184071822,5.783244946364939,0.0,0.0,0.0,59.65783953108687,11.126902983393991,0.0,0.0,0.0,0.0,5.783244946364939,0.0,15.921440167465814,48.53093654769288,0.0,11.126902983393991,17.07,0.0,4.794537184071822,5.783244946364939,0.0,22.253805966787983,0.0,0.0,48.53093654769288,0.0,0.0,0.0,0.0,11.887962962962964,0.0,3.781111111111112,0.14925925925925965,15.515,0.0,0.0,0.0,0.0,14,0,1,1,0,1,2,0,2,1,0,1,0,3,2.8980000000000015,55.310500000000026,0,0,1,1,0,0,0,0,0,0,2,3,0,0,1,0,0,0,Alc10,OC(CC1=CC=CC=C1)C2=CC=CS2,9.873253023431594,-0.363518518518519,9.873253023431594,0.363518518518519,0.8144390837938148,204.29399999999998,192.19799999999998,204.060886004,72,0.09216528017574561,-0.3872321395951382,0.3872321395951382,0.09216528017574561,1.0714285714285714,1.8571428571428572,2.5,32.13347351704487,10.076452642388125,2.0789213690058697,-2.072307396572147,2.2167942612728524,-1.9832437646643386,7.095204082273813,0.18207119399780475,2.0553179911767563,366.484957172308,9.803118619434356,7.758721089857002,8.575217670784728,6.860173345306137,4.614527514810998,5.4941803260658935,3.2209400579704255,4.200212366132882,2.1434838152946787,3.117025631515786,1.418819851357115,2.130640812291436,-1.1199999999999999,3066.3242502334906,9.435606308498535,4.39885050222963,2.218442359688379,87.65297857696171,5.106527394840706,0.0,0.0,0.0,0.0,0.0,11.336785877934737,36.39820241076966,17.00988133062452,11.297968816627309,6.103966387748303,5.106527394840706,11.336785877934737,12.524788010674312,0.0,58.28523093509548,0.0,0.0,0.0,11.336785877934737,5.106527394840706,6.4208216229260096,0.0,16.5445650731466,47.844632249697185,0.0,20.23,0.0,5.106527394840706,6.103966387748303,6.4208216229260096,4.877147193701299,5.563451491696996,11.336785877934737,47.844632249697185,0.0,0.0,0.0,1.6002690381708238,1.0359750566893426,11.862882653061224,1.1744444444444446,0.0,13.994160289115648,0.3322685185185179,0.0,0.0,0.16666666666666666,14,1,1,0,0,1,1,2,2,1,2,3,2,3.0242000000000013,59.42480000000003,1,1,0,0,0,1,0,0,0,0,1,0
PC10,O=C1C2=C(C=CC=C2)C3=C1C=CC=C3,11.887962962962964,0.14925925925925965,11.887962962962964,0.14925925925925965,0.5195293693386194,180.206,172.14199999999997,180.057514876,66,0.19377175157373672,-0.2885671167076874,0.2885671167076874,0.19377175157373672,0.5714285714285714,0.9285714285714286,1.3571428571428572,16.13859365153254,10.068819284791354,2.242827985675946,-1.960629754258623,2.3507487906457203,-1.9309460942972745,6.210775977728273,0.1038646218696486,2.416126768880536,478.7637016600122,9.543605595440512,7.527050443980871,7.527050443980871,6.877010097711745,4.608824683611184,4.608824683611184,3.420291709197352,3.420291709197352,2.6335525403519897,2.6335525403519897,1.9770539873557715,1.9770539873557715,-1.8899999999999997,3568.9905440084667,7.507895747746895,2.548237505781114,0.8137805364054832,82.00913038647215,0.0,0.0,5.783244946364939,0.0,0.0,4.794537184071822,0.0,0.0,48.53093654769288,11.126902983393991,11.126902983393991,0.0,4.794537184071822,5.783244946364939,0.0,0.0,0.0,59.65783953108687,11.126902983393991,0.0,0.0,0.0,0.0,5.783244946364939,0.0,15.921440167465814,48.53093654769288,0.0,11.126902983393991,17.07,0.0,4.794537184071822,5.783244946364939,0.0,22.253805966787983,0.0,0.0,48.53093654769288,0.0,0.0,0.0,0.0,11.887962962962964,0.0,3.781111111111112,0.14925925925925965,15.515,0.0,0.0,0.0,0.0,14,0,1,1,0,1,2,0,2,1,0,1,0,3,2.8980000000000015,55.310500000000026,0,0,1,1,0,0,0,0,0,0,2,3,0,0,1,0,0,0,Alc11,OC(CC1=CC=CC=C1)C2=CC=C3C(C=CC=C3)=C2,10.333416477702194,-0.45184618291761214,10.333416477702194,0.45184618291761214,0.7390124361646712,248.325,232.19699999999995,248.120115132,94,0.08300986627191954,-0.3880716629573365,0.3880716629573365,0.08300986627191954,0.7368421052631579,1.4210526315789473,2.210526315789474,16.266084676889072,9.986417291736672,2.0837478242584777,-2.1170473119725113,2.22495003462181,-2.010327051240819,5.8258821301024994,0.17837975584231427,1.8694641546477884,673.3497852752665,13.079139501373252,10.659873876151643,10.659873876151643,9.326499840494922,6.534743448824282,6.534743448824282,4.812108496772772,4.812108496772772,3.4301714223830455,3.4301714223830455,2.370271692755298,2.370271692755298,-2.119999999999999,36765.486524452244,11.941790792875613,5.2496193822875306,2.665278690398365,112.69427983828544,5.106527394840706,0.0,0.0,0.0,0.0,0.0,0.0,66.73003775307771,27.965718480785192,6.4208216229260096,6.103966387748303,5.106527394840706,10.772448428929591,12.524788010674312,0.0,83.92330780493333,0.0,0.0,0.0,0.0,5.106527394840706,6.4208216229260096,0.0,17.230869371142294,72.79640482153933,10.772448428929591,20.23,6.103966387748303,5.106527394840706,0.0,6.4208216229260096,11.126902983393991,10.772448428929591,0.0,48.53093654769288,24.26546827384644,0.0,0.0,0.0,0.0,12.713298689846312,2.1302885907449403,0.0,24.456294380406483,0.20011833900226683,0.0,0.0,0.1111111111111111,19,1,1,0,0,3,0,3,1,1,1,3,3,4.1159000000000034,79.05380000000005,1,1,0,0,0,3,1,0,0,0,0,0
PC10,O=C1C2=C(C=CC=C2)C3=C1C=CC=C3,11.887962962962964,0.14925925925925965,11.887962962962964,0.14925925925925965,0.5195293693386194,180.206,172.14199999999997,180.057514876,66,0.19377175157373672,-0.2885671167076874,0.2885671167076874,0.19377175157373672,0.5714285714285714,0.9285714285714286,1.3571428571428572,16.13859365153254,10.068819284791354,2.242827985675946,-1.960629754258623,2.3507487906457203,-1.9309460942972745,6.210775977728273,0.1038646218696486,2.416126768880536,478.7637016600122,9.543605595440512,7.527050443980871,7.527050443980871,6.877010097711745,4.608824683611184,4.608824683611184,3.420291709197352,3.420291709197352,2.6335525403519897,2.6335525403519897,1.9770539873557715,1.9770539873557715,-1.8899999999999997,3568.9905440084667,7.507895747746895,2.548237505781114,0.8137805364054832,82.00913038647215,0.0,0.0,5.783244946364939,0.0,0.0,4.794537184071822,0.0,0.0,48.53093654769288,11.126902983393991,11.126902983393991,0.0,4.794537184071822,5.783244946364939,0.0,0.0,0.0,59.65783953108687,11.126902983393991,0.0,0.0,0.0,0.0,5.783244946364939,0.0,15.921440167465814,48.53093654769288,0.0,11.126902983393991,17.07,0.0,4.794537184071822,5.783244946364939,0.0,22.253805966787983,0.0,0.0,48.53093654769288,0.0,0.0,0.0,0.0,11.887962962962964,0.0,3.781111111111112,0.14925925925925965,15.515,0.0,0.0,0.0,0.0,14,0,1,1,0,1,2,0,2,1,0,1,0,3,2.8980000000000015,55.310500000000026,0,0,1,1,0,0,0,0,0,0,2,3,0,0,1,0,0,0,Alc12,OC(CC1=CC=CC=C1)C2=C3C(C=CC=C3)=CC=C2,10.471969009826154,-0.4643518518518521,10.471969009826154,0.4643518518518521,0.7390124361646712,248.325,232.19699999999995,248.120115132,94,0.08358696226666694,-0.38804892064838004,0.38804892064838004,0.08358696226666694,0.7368421052631579,1.4210526315789473,2.263157894736842,16.266124497202814,9.961087361988065,2.108514386470234,-2.1353412666234526,2.259726004252622,-2.01936407132354,5.854953122949918,0.17978572251943617,1.955927549052766,668.0997852752665,13.079139501373252,10.659873876151643,10.659873876151643,9.34333659290053,6.540726512967988,6.540726512967988,4.773896153800053,4.773896153800053,3.454236172267494,3.454236172267494,2.4883469055147316,2.4883469055147316,-2.119999999999999,37234.02225887323,11.941790792875613,5.2496193822875306,2.5146438115478507,112.69427983828544,5.106527394840706,0.0,0.0,0.0,0.0,0.0,0.0,72.79640482153933,21.899351412323583,6.4208216229260096,6.103966387748303,5.106527394840706,10.772448428929591,12.524788010674312,0.0,83.92330780493333,0.0,0.0,0.0,0.0,5.106527394840706,6.4208216229260096,0.0,17.230869371142294,72.79640482153933,10.772448428929591,20.23,6.103966387748303,5.106527394840706,0.0,6.4208216229260096,16.513127197858786,5.386224214464796,0.0,54.59730361615449,18.19910120538483,0.0,0.0,0.0,0.0,12.778027158394224,2.157303004535148,0.0,24.381355400184763,0.18331443688586524,0.0,0.0,0.1111111111111111,19,1,1,0,0,3,0,3,1,1,1,3,3,4.1159000000000034,79.05380000000005,1,1,0,0,0,3,1,0,0,0,0,1
PC10,O=C1C2=C(C=CC=C2)C3=C1C=CC=C3,11.887962962962964,0.14925925925925965,11.887962962962964,0.14925925925925965,0.5195293693386194,180.206,172.14199999999997,180.057514876,66,0.19377175157373672,-0.2885671167076874,0.2885671167076874,0.19377175157373672,0.5714285714285714,0.9285714285714286,1.3571428571428572,16.13859365153254,10.068819284791354,2.242827985675946,-1.960629754258623,2.3507487906457203,-1.9309460942972745,6.210775977728273,0.1038646218696486,2.416126768880536,478.7637016600122,9.543605595440512,7.527050443980871,7.527050443980871,6.877010097711745,4.608824683611184,4.608824683611184,3.420291709197352,3.420291709197352,2.6335525403519897,2.6335525403519897,1.9770539873557715,1.9770539873557715,-1.8899999999999997,3568.9905440084667,7.507895747746895,2.548237505781114,0.8137805364054832,82.00913038647215,0.0,0.0,5.783244946364939,0.0,0.0,4.794537184071822,0.0,0.0,48.53093654769288,11.126902983393991,11.126902983393991,0.0,4.794537184071822,5.783244946364939,0.0,0.0,0.0,59.65783953108687,11.126902983393991,0.0,0.0,0.0,0.0,5.783244946364939,0.0,15.921440167465814,48.53093654769288,0.0,11.126902983393991,17.07,0.0,4.794537184071822,5.783244946364939,0.0,22.253805966787983,0.0,0.0,48.53093654769288,0.0,0.0,0.0,0.0,11.887962962962964,0.0,3.781111111111112,0.14925925925925965,15.515,0.0,0.0,0.0,0.0,14,0,1,1,0,1,2,0,2,1,0,1,0,3,2.8980000000000015,55.310500000000026,0,0,1,1,0,0,0,0,0,0,2,3,0,0,1,0,0,0,Alc13,OC(CC1=CC=CC=C1)C2=CC(OCO3)=C3C=C2,10.20884164777022,-0.5260185185185189,10.20884164777022,0.25750711414807714,0.8989449432481046,242.27399999999994,228.16199999999995,242.094294308,92,0.23080037765931263,-0.45359546622627495,0.45359546622627495,0.23080037765931263,1.0,1.7777777777777777,2.611111111111111,16.69672242832603,10.010456757448827,2.1618380133670794,-2.1120797030123173,2.3423428663928165,-2.0110859698250523,5.447982471537591,0.171222170739647,1.7820126966370167,536.6899070467601,12.372032720186704,9.874076161507412,9.874076161507412,8.826499840494922,5.9429917392881455,5.9429917392881455,4.31821918647156,4.31821918647156,3.053275194816359,3.053275194816359,2.0756028645147335,2.0756028645147335,-1.9999999999999996,27276.075850448757,11.11111111111111,4.704,2.172635445362718,105.59881672643137,14.580253302440804,0.0,11.49902366656781,6.792942306099827,0.0,0.0,0.0,36.39820241076966,23.259637120317212,6.4208216229260096,6.103966387748303,14.580253302440804,0.0,12.524788010674312,6.792942306099827,59.65783953108687,11.49902366656781,9.473725907600098,11.49902366656781,0.0,11.899469700940532,6.4208216229260096,0.0,17.230869371142294,48.53093654769288,0.0,38.69,6.103966387748303,5.106527394840706,6.792942306099827,12.170333456209914,16.876414816677897,0.0,0.0,48.53093654769288,0.0,9.473725907600098,10.55373952301306,0.0,0.0,10.20884164777022,1.9636758314436888,1.4493266565885616,15.495225553567005,0.0716836734693872,0.25750711414807714,0.0,0.2,18,1,3,1,1,2,0,2,3,1,3,3,3,2.6914000000000007,67.67080000000004,1,1,0,0,0,2,1,0,2,0,0,1
PC10,O=C1C2=C(C=CC=C2)C3=C1C=CC=C3,11.887962962962964,0.14925925925925965,11.887962962962964,0.14925925925925965,0.5195293693386194,180.206,172.14199999999997,180.057514876,66,0.19377175157373672,-0.2885671167076874,0.2885671167076874,0.19377175157373672,0.5714285714285714,0.9285714285714286,1.3571428571428572,16.13859365153254,10.068819284791354,2.242827985675946,-1.960629754258623,2.3507487906457203,-1.9309460942972745,6.210775977728273,0.1038646218696486,2.416126768880536,478.7637016600122,9.543605595440512,7.527050443980871,7.527050443980871,6.877010097711745,4.608824683611184,4.608824683611184,3.420291709197352,3.420291709197352,2.6335525403519897,2.6335525403519897,1.9770539873557715,1.9770539873557715,-1.8899999999999997,3568.9905440084667,7.507895747746895,2.548237505781114,0.8137805364054832,82.00913038647215,0.0,0.0,5.783244946364939,0.0,0.0,4.794537184071822,0.0,0.0,48.53093654769288,11.126902983393991,11.126902983393991,0.0,4.794537184071822,5.783244946364939,0.0,0.0,0.0,59.65783953108687,11.126902983393991,0.0,0.0,0.0,0.0,5.783244946364939,0.0,15.921440167465814,48.53093654769288,0.0,11.126902983393991,17.07,0.0,4.794537184071822,5.783244946364939,0.0,22.253805966787983,0.0,0.0,48.53093654769288,0.0,0.0,0.0,0.0,11.887962962962964,0.0,3.781111111111112,0.14925925925925965,15.515,0.0,0.0,0.0,0.0,14,0,1,1,0,1,2,0,2,1,0,1,0,3,2.8980000000000015,55.310500000000026,0,0,1,1,0,0,0,0,0,0,2,3,0,0,1,0,0,0,Alc14,OC(CC1=CC=CC=C1)C2=CC=C3C(OCCO3)=C2,10.279154147770221,-0.5294198790627365,10.279154147770221,0.5294198790627365,0.917331086007642,256.30099999999993,240.17299999999994,256.10994437200003,98,0.16122961165638874,-0.4861472727903348,0.4861472727903348,0.16122961165638874,0.9473684210526315,1.6842105263157894,2.473684210526316,16.562628442435113,10.008696216764893,2.1511380646401257,-2.1988672450591435,2.3280711304727224,-2.1537912220555357,5.441928645560842,0.1642102965101603,1.779518636946347,551.1754332522945,13.079139501373252,10.58118294269396,10.58118294269396,9.326499840494922,6.442991739288146,6.442991739288146,4.608616346737665,4.608616346737665,3.2228815431838655,3.2228815431838655,2.222419671269494,2.222419671269494,-1.9999999999999996,36765.486524452244,12.055401662049862,5.325443786982248,2.71280276816609,111.96375884082798,14.580253302440804,13.213763929025836,11.49902366656781,0.0,0.0,0.0,0.0,36.39820241076966,23.259637120317212,6.4208216229260096,6.103966387748303,14.580253302440804,0.0,12.524788010674312,13.213763929025836,59.65783953108687,11.49902366656781,9.473725907600098,11.49902366656781,0.0,18.32029132386654,6.4208216229260096,0.0,17.230869371142294,48.53093654769288,0.0,38.69,6.103966387748303,5.106527394840706,0.0,19.634585551951847,22.6259266499618,0.0,0.0,48.53093654769288,0.0,9.473725907600098,10.998183967457507,0.0,0.0,10.279154147770221,1.970363074242043,1.4701599899218951,15.570851127488034,0.06828231292516962,1.1430053801951348,0.0,0.25,19,1,3,1,1,2,0,2,3,1,3,3,3,2.733900000000001,72.53780000000005,1,1,0,0,0,2,1,0,2,0,0,0
PC11,O=C1C2=C(C=CC=C2)CCC3=C1C=CC=C3,12.327962962962964,0.17009259259259313,12.327962962962964,0.17009259259259313,0.6500625527750791,208.25999999999996,196.16399999999996,208.088815004,78,0.19307540265088113,-0.28859352409133876,0.28859352409133876,0.19307540265088113,0.6875,1.125,1.625,16.138371157478307,9.991162270580073,2.190623862017622,-2.033143975928656,2.2334409245975695,-2.0292507477962025,6.107802568798569,0.10335496684076713,2.2203252478079682,505.3663390649022,10.957819157813608,8.941264006353967,8.941264006353967,7.860173345306137,5.565931464797731,5.565931464797731,4.143418255659676,4.143418255659676,3.187655641276074,3.187655641276074,2.334068120264721,2.334068120264721,-1.8899999999999997,8684.377624040088,9.344182592442321,3.5999053891787263,1.3634960982770608,94.73901461526536,0.0,0.0,5.783244946364939,0.0,0.0,4.794537184071822,0.0,0.0,48.53093654769288,23.96854622924601,11.126902983393991,0.0,4.794537184071822,5.783244946364939,0.0,12.841643245852019,0.0,70.78474251448087,0.0,0.0,0.0,0.0,0.0,5.783244946364939,12.841643245852019,27.048343150859804,48.53093654769288,0.0,0.0,17.07,0.0,4.794537184071822,5.783244946364939,0.0,23.96854622924601,11.126902983393991,0.0,36.39820241076966,12.13273413692322,0.0,0.0,0.0,12.327962962962964,0.0,4.076203703703705,0.17009259259259313,15.844537037037036,1.9145370370370367,0.0,0.0,0.13333333333333333,16,0,1,1,0,1,2,0,2,1,0,1,0,3,3.0162000000000013,63.724500000000035,0,0,1,1,0,0,0,0,0,2,2,2,0,0,1,0,0,0,Alc1,OC(CC1=CC=CC=C1)C2=CC=C(C(OC)=O)C=C2,11.300882193186936,-0.5749102418745282,11.300882193186936,0.3712044724021635,0.8555190559485526,256.30099999999993,240.17299999999994,256.10994437200003,98,0.33734179298009886,-0.4654175212523233,0.4654175212523233,0.33734179298009886,1.105263157894737,1.736842105263158,2.3157894736842106,16.523293378425766,10.003236877957912,2.100617014517665,-2.111125286046951,2.185198707818772,-2.040609496672206,5.887593188002341,0.06002383438700396,2.073681425115431,531.6803207544581,13.664925939000156,10.74431964951049,10.74431964951049,9.202708600407233,6.107223093895716,6.107223093895716,4.31911057255133,4.31911057255133,2.9884308157697754,2.9884308157697754,1.9144073831934183,1.9144073831934183,-2.1299999999999994,25130.041075738343,13.30515171594639,6.15877056967385,3.421837675345536,112.01756686489409,9.843390348640755,0.0,0.0,0.0,5.969305287951849,4.794537184071822,0.0,42.46456947923127,23.259637120317212,6.4208216229260096,18.777215420722833,14.637927532712578,5.969305287951849,12.524788010674312,7.109797541277533,71.28765809124549,0.0,0.0,0.0,0.0,18.18563022407009,11.157684576726059,0.0,27.58885804691111,54.59730361615449,0.0,46.53,6.103966387748303,9.901064578912528,5.969305287951849,11.984273114623004,11.126902983393991,7.109797541277533,24.26546827384644,30.33183534230805,4.736862953800049,0.0,4.63082306110129,0.0,11.300882193186936,10.144462317334341,2.3488071092634595,-0.3712044724021635,16.619447777784718,-0.020931201184178128,0.0,1.347713214915596,0.1875,19,1,3,0,0,2,0,2,3,1,3,4,2,2.7493000000000007,72.88730000000004,1,1,1,1,0,2,0,1,1,1,0,0
PC11,O=C1C2=C(C=CC=C2)CCC3=C1C=CC=C3,12.327962962962964,0.17009259259259313,12.327962962962964,0.17009259259259313,0.6500625527750791,208.25999999999996,196.16399999999996,208.088815004,78,0.19307540265088113,-0.28859352409133876,0.28859352409133876,0.19307540265088113,0.6875,1.125,1.625,16.138371157478307,9.991162270580073,2.190623862017622,-2.033143975928656,2.2334409245975695,-2.0292507477962025,6.107802568798569,0.10335496684076713,2.2203252478079682,505.3663390649022,10.957819157813608,8.941264006353967,8.941264006353967,7.860173345306137,5.565931464797731,5.565931464797731,4.143418255659676,4.143418255659676,3.187655641276074,3.187655641276074,2.334068120264721,2.334068120264721,-1.8899999999999997,8684.377624040088,9.344182592442321,3.5999053891787263,1.3634960982770608,94.73901461526536,0.0,0.0,5.783244946364939,0.0,0.0,4.794537184071822,0.0,0.0,48.53093654769288,23.96854622924601,11.126902983393991,0.0,4.794537184071822,5.783244946364939,0.0,12.841643245852019,0.0,70.78474251448087,0.0,0.0,0.0,0.0,0.0,5.783244946364939,12.841643245852019,27.048343150859804,48.53093654769288,0.0,0.0,17.07,0.0,4.794537184071822,5.783244946364939,0.0,23.96854622924601,11.126902983393991,0.0,36.39820241076966,12.13273413692322,0.0,0.0,0.0,12.327962962962964,0.0,4.076203703703705,0.17009259259259313,15.844537037037036,1.9145370370370367,0.0,0.0,0.13333333333333333,16,0,1,1,0,1,2,0,2,1,0,1,0,3,3.0162000000000013,63.724500000000035,0,0,1,1,0,0,0,0,0,2,2,2,0,0,1,0,0,0,Alc2,OC(CC1=CC=CC=C1)C2=CC=CC=C2,9.973947467876041,-0.40870370370370424,9.973947467876041,0.40870370370370424,0.8035051734358308,198.265,184.15299999999996,198.104465068,76,0.08298804952950145,-0.3880720436533714,0.3880720436533714,0.08298804952950145,0.8,1.3333333333333333,1.9333333333333333,16.266076170609406,10.017292443134783,2.0630459693402803,-2.099774890735418,2.1679020868127488,-2.0051469961497723,5.216146633482743,0.17822792250631558,2.0784516078094564,394.1985815306015,10.510225400620904,8.50517333777239,8.50517333777239,7.360173345306137,5.13004291044503,5.13004291044503,3.6162040833489484,3.6162040833489484,2.4562220383138484,2.4562220383138484,1.6303928292672958,1.6303928292672958,-1.5999999999999996,4035.3008467528234,9.936265432098764,4.759877126654065,2.6729591836734703,90.01261530655025,5.106527394840706,0.0,0.0,0.0,0.0,0.0,0.0,60.6636706846161,11.126902983393991,6.4208216229260096,6.103966387748303,5.106527394840706,0.0,12.524788010674312,0.0,71.7905736680101,0.0,0.0,0.0,0.0,5.106527394840706,6.4208216229260096,0.0,17.230869371142294,60.6636706846161,0.0,20.23,6.103966387748303,5.106527394840706,0.0,6.4208216229260096,11.126902983393991,0.0,0.0,60.6636706846161,0.0,0.0,0.0,0.0,0.0,9.973947467876041,2.1344501133786853,0.0,19.795491307634165,0.2627777777777772,0.0,0.0,0.14285714285714285,15,1,1,0,0,2,0,2,1,1,1,3,2,2.9627000000000008,61.54780000000004,1,1,0,0,0,2,0,0,0,0,0,3
PC11,O=C1C2=C(C=CC=C2)CCC3=C1C=CC=C3,12.327962962962964,0.17009259259259313,12.327962962962964,0.17009259259259313,0.6500625527750791,208.25999999999996,196.16399999999996,208.088815004,78,0.19307540265088113,-0.28859352409133876,0.28859352409133876,0.19307540265088113,0.6875,1.125,1.625,16.138371157478307,9.991162270580073,2.190623862017622,-2.033143975928656,2.2334409245975695,-2.0292507477962025,6.107802568798569,0.10335496684076713,2.2203252478079682,505.3663390649022,10.957819157813608,8.941264006353967,8.941264006353967,7.860173345306137,5.565931464797731,5.565931464797731,4.143418255659676,4.143418255659676,3.187655641276074,3.187655641276074,2.334068120264721,2.334068120264721,-1.8899999999999997,8684.377624040088,9.344182592442321,3.5999053891787263,1.3634960982770608,94.73901461526536,0.0,0.0,5.783244946364939,0.0,0.0,4.794537184071822,0.0,0.0,48.53093654769288,23.96854622924601,11.126902983393991,0.0,4.794537184071822,5.783244946364939,0.0,12.841643245852019,0.0,70.78474251448087,0.0,0.0,0.0,0.0,0.0,5.783244946364939,12.841643245852019,27.048343150859804,48.53093654769288,0.0,0.0,17.07,0.0,4.794537184071822,5.783244946364939,0.0,23.96854622924601,11.126902983393991,0.0,36.39820241076966,12.13273413692322,0.0,0.0,0.0,12.327962962962964,0.0,4.076203703703705,0.17009259259259313,15.844537037037036,1.9145370370370367,0.0,0.0,0.13333333333333333,16,0,1,1,0,1,2,0,2,1,0,1,0,3,3.0162000000000013,63.724500000000035,0,0,1,1,0,0,0,0,0,2,2,2,0,0,1,0,0,0,Alc3,OC(CC1=CC=CC=C1)C2=CC=C(C3=CC=CC=C3)C=C2,10.335407533383725,-0.46090429999160243,10.335407533383725,0.46090429999160243,0.7351163069128532,274.363,256.21899999999994,274.135765196,104,0.08298875307923671,-0.388072037808165,0.388072037808165,0.08298875307923671,0.6190476190476191,1.1428571428571428,1.7619047619047619,16.266083292964606,9.982653573837602,2.0818451903734125,-2.1170537852257123,2.231560758845956,-2.009876154068321,5.629945446690994,0.17824227821530972,1.7483318000385286,672.0487817325015,14.493353063746348,11.814574414530895,11.814574414530895,10.326499840494922,7.2014101154909484,7.2014101154909484,5.193554352538573,5.193554352538573,3.674455551106933,3.674455551106933,2.483526521520132,2.483526521520132,-2.379999999999999,104293.42426850586,13.596094137037953,6.379998762558589,3.3882865583782404,125.06970951261428,5.106527394840706,0.0,0.0,0.0,0.0,0.0,0.0,84.92913895846256,22.253805966787983,6.4208216229260096,6.103966387748303,5.106527394840706,0.0,12.524788010674312,0.0,96.05604194185656,11.126902983393991,0.0,0.0,0.0,5.106527394840706,6.4208216229260096,0.0,17.230869371142294,84.92913895846256,11.126902983393991,20.23,6.103966387748303,5.106527394840706,0.0,6.4208216229260096,11.126902983393991,11.126902983393991,0.0,60.6636706846161,24.26546827384644,0.0,0.0,0.0,0.0,10.335407533383725,4.475491082490542,0.0,28.505636982933158,0.1834644011925748,0.0,0.0,0.1,21,1,1,0,0,3,0,3,1,1,1,4,3,4.629700000000004,86.98380000000003,1,1,0,0,0,3,0,0,0,0,0,1
PC11,O=C1C2=C(C=CC=C2)CCC3=C1C=CC=C3,12.327962962962964,0.17009259259259313,12.327962962962964,0.17009259259259313,0.6500625527750791,208.25999999999996,196.16399999999996,208.088815004,78,0.19307540265088113,-0.28859352409133876,0.28859352409133876,0.19307540265088113,0.6875,1.125,1.625,16.138371157478307,9.991162270580073,2.190623862017622,-2.033143975928656,2.2334409245975695,-2.0292507477962025,6.107802568798569,0.10335496684076713,2.2203252478079682,505.3663390649022,10.957819157813608,8.941264006353967,8.941264006353967,7.860173345306137,5.565931464797731,5.565931464797731,4.143418255659676,4.143418255659676,3.187655641276074,3.187655641276074,2.334068120264721,2.334068120264721,-1.8899999999999997,8684.377624040088,9.344182592442321,3.5999053891787263,1.3634960982770608,94.73901461526536,0.0,0.0,5.783244946364939,0.0,0.0,4.794537184071822,0.0,0.0,48.53093654769288,23.96854622924601,11.126902983393991,0.0,4.794537184071822,5.783244946364939,0.0,12.841643245852019,0.0,70.78474251448087,0.0,0.0,0.0,0.0,0.0,5.783244946364939,12.841643245852019,27.048343150859804,48.53093654769288,0.0,0.0,17.07,0.0,4.794537184071822,5.783244946364939,0.0,23.96854622924601,11.126902983393991,0.0,36.39820241076966,12.13273413692322,0.0,0.0,0.0,12.327962962962964,0.0,4.076203703703705,0.17009259259259313,15.844537037037036,1.9145370370370367,0.0,0.0,0.13333333333333333,16,0,1,1,0,1,2,0,2,1,0,1,0,3,3.0162000000000013,63.724500000000035,0,0,1,1,0,0,0,0,0,2,2,2,0,0,1,0,0,0,Alc4,OC(CC1=CC=CC=C1)C2=CC=C(C)C=C2,10.064839380196524,-0.41388888888888964,10.064839380196524,0.41388888888888964,0.827496933605173,212.29199999999997,196.16399999999996,212.120115132,82,0.0829883747658443,-0.38807204092055403,0.38807204092055403,0.0829883747658443,0.9375,1.5625,2.1875,16.266078389325447,10.006289195538882,2.069742142147314,-2.1072106640509842,2.1789660783789326,-2.009250363373895,5.250301887094522,0.17821400361845985,2.085070944860585,430.75194762320365,11.380468888623982,9.427823068582764,9.427823068582764,7.7540201954234895,5.54072651296799,5.54072651296799,4.116204083348947,4.116204083348947,2.7339998160916257,2.7339998160916257,1.7438068228410388,1.7438068228410388,-1.5999999999999996,5689.016293492532,10.902614268848035,4.950941945405614,2.7067723730180067,96.37755742094683,5.106527394840706,0.0,0.0,0.0,0.0,0.0,0.0,60.160755107851486,18.050640183084617,6.4208216229260096,6.103966387748303,5.106527394840706,0.0,19.448525210364934,0.0,71.28765809124549,0.0,0.0,0.0,0.0,5.106527394840706,6.4208216229260096,6.923737199690624,22.79432086283929,54.59730361615449,0.0,20.23,6.103966387748303,5.106527394840706,0.0,6.4208216229260096,11.126902983393991,5.563451491696996,0.0,61.52104081584511,0.0,0.0,0.0,0.0,0.0,10.064839380196524,3.3617492336440753,0.0,18.10113200218359,0.25664777021919793,2.048964947089947,0.0,0.2,16,1,1,0,0,2,0,2,1,1,1,3,2,3.2711200000000016,66.28480000000003,1,1,0,0,1,2,0,0,0,0,0,7
PC11,O=C1C2=C(C=CC=C2)CCC3=C1C=CC=C3,12.327962962962964,0.17009259259259313,12.327962962962964,0.17009259259259313,0.6500625527750791,208.25999999999996,196.16399999999996,208.088815004,78,0.19307540265088113,-0.28859352409133876,0.28859352409133876,0.19307540265088113,0.6875,1.125,1.625,16.138371157478307,9.991162270580073,2.190623862017622,-2.033143975928656,2.2334409245975695,-2.0292507477962025,6.107802568798569,0.10335496684076713,2.2203252478079682,505.3663390649022,10.957819157813608,8.941264006353967,8.941264006353967,7.860173345306137,5.565931464797731,5.565931464797731,4.143418255659676,4.143418255659676,3.187655641276074,3.187655641276074,2.334068120264721,2.334068120264721,-1.8899999999999997,8684.377624040088,9.344182592442321,3.5999053891787263,1.3634960982770608,94.73901461526536,0.0,0.0,5.783244946364939,0.0,0.0,4.794537184071822,0.0,0.0,48.53093654769288,23.96854622924601,11.126902983393991,0.0,4.794537184071822,5.783244946364939,0.0,12.841643245852019,0.0,70.78474251448087,0.0,0.0,0.0,0.0,0.0,5.783244946364939,12.841643245852019,27.048343150859804,48.53093654769288,0.0,0.0,17.07,0.0,4.794537184071822,5.783244946364939,0.0,23.96854622924601,11.126902983393991,0.0,36.39820241076966,12.13273413692322,0.0,0.0,0.0,12.327962962962964,0.0,4.076203703703705,0.17009259259259313,15.844537037037036,1.9145370370370367,0.0,0.0,0.13333333333333333,16,0,1,1,0,1,2,0,2,1,0,1,0,3,3.0162000000000013,63.724500000000035,0,0,1,1,0,0,0,0,0,2,2,2,0,0,1,0,0,0,Alc5,OC(CC1=CC=CC=C1)C2=CC=C(OC)C=C2,10.096727135298565,-0.4691609977324269,10.096727135298565,0.4691609977324269,0.8713621378125769,228.29099999999997,212.16299999999995,228.115029752,88,0.1183810048644517,-0.4967681917897237,0.4967681917897237,0.1183810048644517,1.0,1.6470588235294117,2.235294117647059,16.465293963471616,10.014481763052645,2.0766339002525425,-2.1114630586776655,2.2033628169898027,-2.0103111679180383,5.291757736922201,0.17813111737507337,2.062926536206509,448.10785282653126,12.08757566981053,9.836071359046628,9.836071359046628,8.292024997884274,5.653098948663784,5.653098948663784,3.9786802197867686,3.9786802197867686,2.772451506641763,2.772451506641763,1.7812643014063039,1.7812643014063039,-1.7999999999999998,10090.555572179177,11.678585581466239,5.50509077963688,3.0789697570071675,101.49110265045373,9.843390348640755,5.749511833283905,0.0,0.0,0.0,0.0,0.0,42.46456947923127,23.259637120317212,6.4208216229260096,13.213763929025836,9.843390348640755,0.0,12.524788010674312,7.109797541277533,65.72420659954848,5.749511833283905,4.736862953800049,5.749511833283905,0.0,12.216324936118239,6.4208216229260096,0.0,17.230869371142294,54.59730361615449,0.0,29.46,6.103966387748303,5.106527394840706,0.0,6.4208216229260096,16.876414816677897,0.0,7.109797541277533,54.59730361615449,0.0,4.736862953800049,5.085560668137779,0.0,0.0,10.096727135298565,2.0467325155370792,0.8061676954732513,17.500864937598344,0.16295091647770144,0.0,1.6343294648106155,0.2,17,1,2,0,0,2,0,2,2,1,2,4,2,2.971300000000001,68.09980000000004,1,1,0,0,0,2,0,0,1,1,0,36
PC11,O=C1C2=C(C=CC=C2)CCC3=C1C=CC=C3,12.327962962962964,0.17009259259259313,12.327962962962964,0.17009259259259313,0.6500625527750791,208.25999999999996,196.16399999999996,208.088815004,78,0.19307540265088113,-0.28859352409133876,0.28859352409133876,0.19307540265088113,0.6875,1.125,1.625,16.138371157478307,9.991162270580073,2.190623862017622,-2.033143975928656,2.2334409245975695,-2.0292507477962025,6.107802568798569,0.10335496684076713,2.2203252478079682,505.3663390649022,10.957819157813608,8.941264006353967,8.941264006353967,7.860173345306137,5.565931464797731,5.565931464797731,4.143418255659676,4.143418255659676,3.187655641276074,3.187655641276074,2.334068120264721,2.334068120264721,-1.8899999999999997,8684.377624040088,9.344182592442321,3.5999053891787263,1.3634960982770608,94.73901461526536,0.0,0.0,5.783244946364939,0.0,0.0,4.794537184071822,0.0,0.0,48.53093654769288,23.96854622924601,11.126902983393991,0.0,4.794537184071822,5.783244946364939,0.0,12.841643245852019,0.0,70.78474251448087,0.0,0.0,0.0,0.0,0.0,5.783244946364939,12.841643245852019,27.048343150859804,48.53093654769288,0.0,0.0,17.07,0.0,4.794537184071822,5.783244946364939,0.0,23.96854622924601,11.126902983393991,0.0,36.39820241076966,12.13273413692322,0.0,0.0,0.0,12.327962962962964,0.0,4.076203703703705,0.17009259259259313,15.844537037037036,1.9145370370370367,0.0,0.0,0.13333333333333333,16,0,1,1,0,1,2,0,2,1,0,1,0,3,3.0162000000000013,63.724500000000035,0,0,1,1,0,0,0,0,0,2,2,2,0,0,1,0,0,0,Alc6,OC(CC1=CC=CC=C1)C2=CC=C(OC)C(OC)=C2,10.261137566137567,-0.5535128495842787,10.261137566137567,0.5535128495842787,0.8956990875329504,258.31699999999995,240.17299999999994,258.12559443600003,100,0.16058453750747206,-0.4928699503057866,0.4928699503057866,0.16058453750747206,0.9473684210526315,1.631578947368421,2.263157894736842,16.507840676524992,10.009678695325208,2.1172434065020065,-2.139118621146542,2.3039729637253057,-2.023299718872896,5.433081291348095,0.17759935416267483,2.170628055604028,522.7721843403044,13.664925939000156,11.166969380320865,11.166969380320865,9.240713402868018,6.182138051026246,6.182138051026246,4.319941212142852,4.319941212142852,3.0642462362819742,3.0642462362819742,2.0152864579650367,2.0152864579650367,-2.0,25290.518080230475,13.432098765432098,6.25,3.263267429760666,112.96958999435721,14.580253302440804,0.0,11.49902366656781,0.0,0.0,0.0,0.0,36.39820241076966,23.259637120317212,6.4208216229260096,20.323561470303368,14.580253302440804,0.0,12.524788010674312,14.219595082555067,59.65783953108687,11.49902366656781,9.473725907600098,11.49902366656781,0.0,19.32612247739577,6.4208216229260096,0.0,17.230869371142294,48.53093654769288,0.0,38.69,6.103966387748303,5.106527394840706,0.0,17.919845289493818,11.126902983393991,0.0,14.219595082555067,48.53093654769288,0.0,9.473725907600098,10.423739523013062,0.0,0.0,10.261137566137567,1.922488845846981,1.296548878810784,15.3862476431497,0.0261727607709743,0.0,3.1836647822709327,0.25,19,1,3,0,0,2,0,2,3,1,3,5,2,2.9799000000000015,74.65180000000005,1,1,0,0,0,2,0,0,2,2,0,82
PC11,O=C1C2=C(C=CC=C2)CCC3=C1C=CC=C3,12.327962962962964,0.17009259259259313,12.327962962962964,0.17009259259259313,0.6500625527750791,208.25999999999996,196.16399999999996,208.088815004,78,0.19307540265088113,-0.28859352409133876,0.28859352409133876,0.19307540265088113,0.6875,1.125,1.625,16.138371157478307,9.991162270580073,2.190623862017622,-2.033143975928656,2.2334409245975695,-2.0292507477962025,6.107802568798569,0.10335496684076713,2.2203252478079682,505.3663390649022,10.957819157813608,8.941264006353967,8.941264006353967,7.860173345306137,5.565931464797731,5.565931464797731,4.143418255659676,4.143418255659676,3.187655641276074,3.187655641276074,2.334068120264721,2.334068120264721,-1.8899999999999997,8684.377624040088,9.344182592442321,3.5999053891787263,1.3634960982770608,94.73901461526536,0.0,0.0,5.783244946364939,0.0,0.0,4.794537184071822,0.0,0.0,48.53093654769288,23.96854622924601,11.126902983393991,0.0,4.794537184071822,5.783244946364939,0.0,12.841643245852019,0.0,70.78474251448087,0.0,0.0,0.0,0.0,0.0,5.783244946364939,12.841643245852019,27.048343150859804,48.53093654769288,0.0,0.0,17.07,0.0,4.794537184071822,5.783244946364939,0.0,23.96854622924601,11.126902983393991,0.0,36.39820241076966,12.13273413692322,0.0,0.0,0.0,12.327962962962964,0.0,4.076203703703705,0.17009259259259313,15.844537037037036,1.9145370370370367,0.0,0.0,0.13333333333333333,16,0,1,1,0,1,2,0,2,1,0,1,0,3,3.0162000000000013,63.724500000000035,0,0,1,1,0,0,0,0,0,2,2,2,0,0,1,0,0,0,Alc7,OC(CC1=CC=CC=C1)C2=C(OC)C=CC=C2OC,10.43783635676493,-0.6587962962962965,10.43783635676493,0.5253703703703706,0.8956990875329504,258.31699999999995,240.17299999999994,258.12559443600003,100,0.12790209537997485,-0.49622875863680643,0.49622875863680643,0.12790209537997485,0.8947368421052632,1.4736842105263157,2.0,16.477976847424276,9.995068210762046,2.1838950809298114,-2.1766985532877468,2.348905965119941,-2.0598899020398505,5.4636733049682915,0.16908465638196046,2.2969656304417856,500.52218434030453,13.664925939000156,11.166969380320865,11.166969380320865,9.257550155273625,6.1881211151699524,6.1881211151699524,4.281728869170134,4.281728869170134,3.0710430404017512,3.0710430404017512,2.147725380294945,2.147725380294945,-1.9999999999999998,25369.482589932766,13.432098765432098,6.25,3.0625,112.9695899943572,14.580253302440804,11.49902366656781,0.0,0.0,0.0,0.0,0.0,36.39820241076966,17.696185628620217,6.4208216229260096,25.887012962000366,14.580253302440804,0.0,12.524788010674312,14.219595082555067,59.65783953108687,11.49902366656781,9.473725907600098,11.49902366656781,0.0,19.32612247739577,6.4208216229260096,0.0,17.230869371142294,48.53093654769288,0.0,38.69,6.103966387748303,5.106527394840706,0.0,23.483296781190813,5.563451491696996,0.0,14.219595082555067,48.53093654769288,0.0,9.473725907600098,10.613328609221465,0.0,0.0,10.43783635676493,1.7632520786092218,1.2829280045351479,15.354512471655326,-0.13342592592592595,0.0,3.1815684051398336,0.25,19,1,3,0,0,2,0,2,3,1,3,5,2,2.9799000000000015,74.65180000000005,1,1,0,0,0,2,0,0,2,2,0,3
PC11,O=C1C2=C(C=CC=C2)CCC3=C1C=CC=C3,12.327962962962964,0.17009259259259313,12.327962962962964,0.17009259259259313,0.6500625527750791,208.25999999999996,196.16399999999996,208.088815004,78,0.19307540265088113,-0.28859352409133876,0.28859352409133876,0.19307540265088113,0.6875,1.125,1.625,16.138371157478307,9.991162270580073,2.190623862017622,-2.033143975928656,2.2334409245975695,-2.0292507477962025,6.107802568798569,0.10335496684076713,2.2203252478079682,505.3663390649022,10.957819157813608,8.941264006353967,8.941264006353967,7.860173345306137,5.565931464797731,5.565931464797731,4.143418255659676,4.143418255659676,3.187655641276074,3.187655641276074,2.334068120264721,2.334068120264721,-1.8899999999999997,8684.377624040088,9.344182592442321,3.5999053891787263,1.3634960982770608,94.73901461526536,0.0,0.0,5.783244946364939,0.0,0.0,4.794537184071822,0.0,0.0,48.53093654769288,23.96854622924601,11.126902983393991,0.0,4.794537184071822,5.783244946364939,0.0,12.841643245852019,0.0,70.78474251448087,0.0,0.0,0.0,0.0,0.0,5.783244946364939,12.841643245852019,27.048343150859804,48.53093654769288,0.0,0.0,17.07,0.0,4.794537184071822,5.783244946364939,0.0,23.96854622924601,11.126902983393991,0.0,36.39820241076966,12.13273413692322,0.0,0.0,0.0,12.327962962962964,0.0,4.076203703703705,0.17009259259259313,15.844537037037036,1.9145370370370367,0.0,0.0,0.13333333333333333,16,0,1,1,0,1,2,0,2,1,0,1,0,3,3.0162000000000013,63.724500000000035,0,0,1,1,0,0,0,0,0,2,2,2,0,0,1,0,0,0,Alc8,OC(CC1=CC=CC=C1)(C)C2=CC=C(OC)C=C2,10.562004913076343,-0.8674357520786091,10.562004913076343,0.5973896919879061,0.8921056666605938,242.31799999999996,224.17399999999995,242.130679816,94,0.11838137186134988,-0.4967681887289843,0.4967681887289843,0.11838137186134988,1.0,1.6111111111111112,2.1666666666666665,16.465304335878308,9.889503760970026,2.22797150875665,-2.2385349345184125,2.2631394577439528,-2.2362172676827443,5.316379902260567,0.057569130157961716,2.1884279567800498,486.2652269194349,13.010225400620904,10.758721089857001,10.758721089857001,8.615321630085539,6.025136822201199,6.025136822201199,4.664730960695685,4.664730960695685,3.103088053135465,3.103088053135465,2.045469160275508,2.045469160275508,-1.7999999999999998,13287.836301449152,12.651595457003785,5.233467659312888,2.90182022893601,107.85604476485034,9.843390348640755,5.749511833283905,0.0,0.0,0.0,0.0,0.0,42.46456947923127,30.183374320007832,6.4208216229260096,12.710848352261221,9.843390348640755,0.0,18.94560963360032,7.109797541277533,65.72420659954848,5.749511833283905,4.736862953800049,5.749511833283905,0.0,12.216324936118239,12.021872433909698,0.0,18.050640183084614,54.59730361615449,0.0,29.46,5.601050810983688,5.106527394840706,0.0,6.4208216229260096,16.876414816677897,0.0,7.109797541277533,61.52104081584511,0.0,4.736862953800049,5.118487727850552,0.0,0.0,10.562004913076343,1.1515189856806924,0.8002417695473254,17.549198270931676,0.5973896919879061,1.8351284958427816,1.6360301450827244,0.25,18,1,2,0,0,2,0,2,2,1,2,4,2,3.1454000000000013,72.71080000000005,1,0,0,0,0,2,0,0,1,1,0,19
PC11,O=C1C2=C(C=CC=C2)CCC3=C1C=CC=C3,12.327962962962964,0.17009259259259313,12.327962962962964,0.17009259259259313,0.6500625527750791,208.25999999999996,196.16399999999996,208.088815004,78,0.19307540265088113,-0.28859352409133876,0.28859352409133876,0.19307540265088113,0.6875,1.125,1.625,16.138371157478307,9.991162270580073,2.190623862017622,-2.033143975928656,2.2334409245975695,-2.0292507477962025,6.107802568798569,0.10335496684076713,2.2203252478079682,505.3663390649022,10.957819157813608,8.941264006353967,8.941264006353967,7.860173345306137,5.565931464797731,5.565931464797731,4.143418255659676,4.143418255659676,3.187655641276074,3.187655641276074,2.334068120264721,2.334068120264721,-1.8899999999999997,8684.377624040088,9.344182592442321,3.5999053891787263,1.3634960982770608,94.73901461526536,0.0,0.0,5.783244946364939,0.0,0.0,4.794537184071822,0.0,0.0,48.53093654769288,23.96854622924601,11.126902983393991,0.0,4.794537184071822,5.783244946364939,0.0,12.841643245852019,0.0,70.78474251448087,0.0,0.0,0.0,0.0,0.0,5.783244946364939,12.841643245852019,27.048343150859804,48.53093654769288,0.0,0.0,17.07,0.0,4.794537184071822,5.783244946364939,0.0,23.96854622924601,11.126902983393991,0.0,36.39820241076966,12.13273413692322,0.0,0.0,0.0,12.327962962962964,0.0,4.076203703703705,0.17009259259259313,15.844537037037036,1.9145370370370367,0.0,0.0,0.13333333333333333,16,0,1,1,0,1,2,0,2,1,0,1,0,3,3.0162000000000013,63.724500000000035,0,0,1,1,0,0,0,0,0,2,2,2,0,0,1,0,0,0,Alc9,OC(CC1=CC=CC=C1)(C)C2=CC(OC)=C(OC)C=C2,10.726415343915345,-0.9574357520786094,10.726415343915345,0.5449633881330308,0.9083721892957952,272.34399999999994,252.18399999999994,272.1412445,106,0.16059535666137958,-0.4928699470920177,0.4928699470920177,0.16059535666137958,0.95,1.6,2.2,16.507863905067826,9.886714685339358,2.2446519921947496,-2.246767402855474,2.332200446601139,-2.238535516915506,5.443974299613938,0.05730381851548327,2.2900575453340792,561.7027291484295,14.58757566981053,12.089619111131238,12.089619111131238,9.564010035069282,6.554175924563661,6.554175924563661,5.005991953051767,5.005991953051767,3.3966099446226505,3.3966099446226505,2.2666261378643466,2.2666261378643466,-2.0,33330.10718164373,14.409972299168976,5.969821673525377,3.114186851211073,119.3345321087538,14.580253302440804,0.0,11.49902366656781,0.0,0.0,0.0,0.0,36.39820241076966,30.183374320007832,6.4208216229260096,19.820645893538753,14.580253302440804,0.0,18.94560963360032,14.219595082555067,59.65783953108687,11.49902366656781,9.473725907600098,11.49902366656781,0.0,19.32612247739577,12.021872433909698,0.0,18.050640183084614,48.53093654769288,0.0,38.69,5.601050810983688,5.106527394840706,0.0,17.919845289493818,11.126902983393991,0.0,21.14333228224569,48.53093654769288,0.0,9.473725907600098,10.501666582725836,0.0,0.0,10.726415343915345,0.937275315990594,1.2824979528848581,15.429372643149698,0.5449633881330308,1.8067951625094483,3.187680277357857,0.29411764705882354,20,1,3,0,0,2,0,2,3,1,3,5,2,3.1540000000000017,79.26280000000006,1,0,0,0,0,2,0,0,2,2,0,61
PC11,O=C1C2=C(C=CC=C2)CCC3=C1C=CC=C3,12.327962962962964,0.17009259259259313,12.327962962962964,0.17009259259259313,0.6500625527750791,208.25999999999996,196.16399999999996,208.088815004,78,0.19307540265088113,-0.28859352409133876,0.28859352409133876,0.19307540265088113,0.6875,1.125,1.625,16.138371157478307,9.991162270580073,2.190623862017622,-2.033143975928656,2.2334409245975695,-2.0292507477962025,6.107802568798569,0.10335496684076713,2.2203252478079682,505.3663390649022,10.957819157813608,8.941264006353967,8.941264006353967,7.860173345306137,5.565931464797731,5.565931464797731,4.143418255659676,4.143418255659676,3.187655641276074,3.187655641276074,2.334068120264721,2.334068120264721,-1.8899999999999997,8684.377624040088,9.344182592442321,3.5999053891787263,1.3634960982770608,94.73901461526536,0.0,0.0,5.783244946364939,0.0,0.0,4.794537184071822,0.0,0.0,48.53093654769288,23.96854622924601,11.126902983393991,0.0,4.794537184071822,5.783244946364939,0.0,12.841643245852019,0.0,70.78474251448087,0.0,0.0,0.0,0.0,0.0,5.783244946364939,12.841643245852019,27.048343150859804,48.53093654769288,0.0,0.0,17.07,0.0,4.794537184071822,5.783244946364939,0.0,23.96854622924601,11.126902983393991,0.0,36.39820241076966,12.13273413692322,0.0,0.0,0.0,12.327962962962964,0.0,4.076203703703705,0.17009259259259313,15.844537037037036,1.9145370370370367,0.0,0.0,0.13333333333333333,16,0,1,1,0,1,2,0,2,1,0,1,0,3,3.0162000000000013,63.724500000000035,0,0,1,1,0,0,0,0,0,2,2,2,0,0,1,0,0,0,Alc10,OC(CC1=CC=CC=C1)C2=CC=CS2,9.873253023431594,-0.363518518518519,9.873253023431594,0.363518518518519,0.8144390837938148,204.29399999999998,192.19799999999998,204.060886004,72,0.09216528017574561,-0.3872321395951382,0.3872321395951382,0.09216528017574561,1.0714285714285714,1.8571428571428572,2.5,32.13347351704487,10.076452642388125,2.0789213690058697,-2.072307396572147,2.2167942612728524,-1.9832437646643386,7.095204082273813,0.18207119399780475,2.0553179911767563,366.484957172308,9.803118619434356,7.758721089857002,8.575217670784728,6.860173345306137,4.614527514810998,5.4941803260658935,3.2209400579704255,4.200212366132882,2.1434838152946787,3.117025631515786,1.418819851357115,2.130640812291436,-1.1199999999999999,3066.3242502334906,9.435606308498535,4.39885050222963,2.218442359688379,87.65297857696171,5.106527394840706,0.0,0.0,0.0,0.0,0.0,11.336785877934737,36.39820241076966,17.00988133062452,11.297968816627309,6.103966387748303,5.106527394840706,11.336785877934737,12.524788010674312,0.0,58.28523093509548,0.0,0.0,0.0,11.336785877934737,5.106527394840706,6.4208216229260096,0.0,16.5445650731466,47.844632249697185,0.0,20.23,0.0,5.106527394840706,6.103966387748303,6.4208216229260096,4.877147193701299,5.563451491696996,11.336785877934737,47.844632249697185,0.0,0.0,0.0,1.6002690381708238,1.0359750566893426,11.862882653061224,1.1744444444444446,0.0,13.994160289115648,0.3322685185185179,0.0,0.0,0.16666666666666666,14,1,1,0,0,1,1,2,2,1,2,3,2,3.0242000000000013,59.42480000000003,1,1,0,0,0,1,0,0,0,0,1,2
PC11,O=C1C2=C(C=CC=C2)CCC3=C1C=CC=C3,12.327962962962964,0.17009259259259313,12.327962962962964,0.17009259259259313,0.6500625527750791,208.25999999999996,196.16399999999996,208.088815004,78,0.19307540265088113,-0.28859352409133876,0.28859352409133876,0.19307540265088113,0.6875,1.125,1.625,16.138371157478307,9.991162270580073,2.190623862017622,-2.033143975928656,2.2334409245975695,-2.0292507477962025,6.107802568798569,0.10335496684076713,2.2203252478079682,505.3663390649022,10.957819157813608,8.941264006353967,8.941264006353967,7.860173345306137,5.565931464797731,5.565931464797731,4.143418255659676,4.143418255659676,3.187655641276074,3.187655641276074,2.334068120264721,2.334068120264721,-1.8899999999999997,8684.377624040088,9.344182592442321,3.5999053891787263,1.3634960982770608,94.73901461526536,0.0,0.0,5.783244946364939,0.0,0.0,4.794537184071822,0.0,0.0,48.53093654769288,23.96854622924601,11.126902983393991,0.0,4.794537184071822,5.783244946364939,0.0,12.841643245852019,0.0,70.78474251448087,0.0,0.0,0.0,0.0,0.0,5.783244946364939,12.841643245852019,27.048343150859804,48.53093654769288,0.0,0.0,17.07,0.0,4.794537184071822,5.783244946364939,0.0,23.96854622924601,11.126902983393991,0.0,36.39820241076966,12.13273413692322,0.0,0.0,0.0,12.327962962962964,0.0,4.076203703703705,0.17009259259259313,15.844537037037036,1.9145370370370367,0.0,0.0,0.13333333333333333,16,0,1,1,0,1,2,0,2,1,0,1,0,3,3.0162000000000013,63.724500000000035,0,0,1,1,0,0,0,0,0,2,2,2,0,0,1,0,0,0,Alc11,OC(CC1=CC=CC=C1)C2=CC=C3C(C=CC=C3)=C2,10.333416477702194,-0.45184618291761214,10.333416477702194,0.45184618291761214,0.7390124361646712,248.325,232.19699999999995,248.120115132,94,0.08300986627191954,-0.3880716629573365,0.3880716629573365,0.08300986627191954,0.7368421052631579,1.4210526315789473,2.210526315789474,16.266084676889072,9.986417291736672,2.0837478242584777,-2.1170473119725113,2.22495003462181,-2.010327051240819,5.8258821301024994,0.17837975584231427,1.8694641546477884,673.3497852752665,13.079139501373252,10.659873876151643,10.659873876151643,9.326499840494922,6.534743448824282,6.534743448824282,4.812108496772772,4.812108496772772,3.4301714223830455,3.4301714223830455,2.370271692755298,2.370271692755298,-2.119999999999999,36765.486524452244,11.941790792875613,5.2496193822875306,2.665278690398365,112.69427983828544,5.106527394840706,0.0,0.0,0.0,0.0,0.0,0.0,66.73003775307771,27.965718480785192,6.4208216229260096,6.103966387748303,5.106527394840706,10.772448428929591,12.524788010674312,0.0,83.92330780493333,0.0,0.0,0.0,0.0,5.106527394840706,6.4208216229260096,0.0,17.230869371142294,72.79640482153933,10.772448428929591,20.23,6.103966387748303,5.106527394840706,0.0,6.4208216229260096,11.126902983393991,10.772448428929591,0.0,48.53093654769288,24.26546827384644,0.0,0.0,0.0,0.0,12.713298689846312,2.1302885907449403,0.0,24.456294380406483,0.20011833900226683,0.0,0.0,0.1111111111111111,19,1,1,0,0,3,0,3,1,1,1,3,3,4.1159000000000034,79.05380000000005,1,1,0,0,0,3,1,0,0,0,0,0
PC11,O=C1C2=C(C=CC=C2)CCC3=C1C=CC=C3,12.327962962962964,0.17009259259259313,12.327962962962964,0.17009259259259313,0.6500625527750791,208.25999999999996,196.16399999999996,208.088815004,78,0.19307540265088113,-0.28859352409133876,0.28859352409133876,0.19307540265088113,0.6875,1.125,1.625,16.138371157478307,9.991162270580073,2.190623862017622,-2.033143975928656,2.2334409245975695,-2.0292507477962025,6.107802568798569,0.10335496684076713,2.2203252478079682,505.3663390649022,10.957819157813608,8.941264006353967,8.941264006353967,7.860173345306137,5.565931464797731,5.565931464797731,4.143418255659676,4.143418255659676,3.187655641276074,3.187655641276074,2.334068120264721,2.334068120264721,-1.8899999999999997,8684.377624040088,9.344182592442321,3.5999053891787263,1.3634960982770608,94.73901461526536,0.0,0.0,5.783244946364939,0.0,0.0,4.794537184071822,0.0,0.0,48.53093654769288,23.96854622924601,11.126902983393991,0.0,4.794537184071822,5.783244946364939,0.0,12.841643245852019,0.0,70.78474251448087,0.0,0.0,0.0,0.0,0.0,5.783244946364939,12.841643245852019,27.048343150859804,48.53093654769288,0.0,0.0,17.07,0.0,4.794537184071822,5.783244946364939,0.0,23.96854622924601,11.126902983393991,0.0,36.39820241076966,12.13273413692322,0.0,0.0,0.0,12.327962962962964,0.0,4.076203703703705,0.17009259259259313,15.844537037037036,1.9145370370370367,0.0,0.0,0.13333333333333333,16,0,1,1,0,1,2,0,2,1,0,1,0,3,3.0162000000000013,63.724500000000035,0,0,1,1,0,0,0,0,0,2,2,2,0,0,1,0,0,0,Alc12,OC(CC1=CC=CC=C1)C2=C3C(C=CC=C3)=CC=C2,10.471969009826154,-0.4643518518518521,10.471969009826154,0.4643518518518521,0.7390124361646712,248.325,232.19699999999995,248.120115132,94,0.08358696226666694,-0.38804892064838004,0.38804892064838004,0.08358696226666694,0.7368421052631579,1.4210526315789473,2.263157894736842,16.266124497202814,9.961087361988065,2.108514386470234,-2.1353412666234526,2.259726004252622,-2.01936407132354,5.854953122949918,0.17978572251943617,1.955927549052766,668.0997852752665,13.079139501373252,10.659873876151643,10.659873876151643,9.34333659290053,6.540726512967988,6.540726512967988,4.773896153800053,4.773896153800053,3.454236172267494,3.454236172267494,2.4883469055147316,2.4883469055147316,-2.119999999999999,37234.02225887323,11.941790792875613,5.2496193822875306,2.5146438115478507,112.69427983828544,5.106527394840706,0.0,0.0,0.0,0.0,0.0,0.0,72.79640482153933,21.899351412323583,6.4208216229260096,6.103966387748303,5.106527394840706,10.772448428929591,12.524788010674312,0.0,83.92330780493333,0.0,0.0,0.0,0.0,5.106527394840706,6.4208216229260096,0.0,17.230869371142294,72.79640482153933,10.772448428929591,20.23,6.103966387748303,5.106527394840706,0.0,6.4208216229260096,16.513127197858786,5.386224214464796,0.0,54.59730361615449,18.19910120538483,0.0,0.0,0.0,0.0,12.778027158394224,2.157303004535148,0.0,24.381355400184763,0.18331443688586524,0.0,0.0,0.1111111111111111,19,1,1,0,0,3,0,3,1,1,1,3,3,4.1159000000000034,79.05380000000005,1,1,0,0,0,3,1,0,0,0,0,0
PC11,O=C1C2=C(C=CC=C2)CCC3=C1C=CC=C3,12.327962962962964,0.17009259259259313,12.327962962962964,0.17009259259259313,0.6500625527750791,208.25999999999996,196.16399999999996,208.088815004,78,0.19307540265088113,-0.28859352409133876,0.28859352409133876,0.19307540265088113,0.6875,1.125,1.625,16.138371157478307,9.991162270580073,2.190623862017622,-2.033143975928656,2.2334409245975695,-2.0292507477962025,6.107802568798569,0.10335496684076713,2.2203252478079682,505.3663390649022,10.957819157813608,8.941264006353967,8.941264006353967,7.860173345306137,5.565931464797731,5.565931464797731,4.143418255659676,4.143418255659676,3.187655641276074,3.187655641276074,2.334068120264721,2.334068120264721,-1.8899999999999997,8684.377624040088,9.344182592442321,3.5999053891787263,1.3634960982770608,94.73901461526536,0.0,0.0,5.783244946364939,0.0,0.0,4.794537184071822,0.0,0.0,48.53093654769288,23.96854622924601,11.126902983393991,0.0,4.794537184071822,5.783244946364939,0.0,12.841643245852019,0.0,70.78474251448087,0.0,0.0,0.0,0.0,0.0,5.783244946364939,12.841643245852019,27.048343150859804,48.53093654769288,0.0,0.0,17.07,0.0,4.794537184071822,5.783244946364939,0.0,23.96854622924601,11.126902983393991,0.0,36.39820241076966,12.13273413692322,0.0,0.0,0.0,12.327962962962964,0.0,4.076203703703705,0.17009259259259313,15.844537037037036,1.9145370370370367,0.0,0.0,0.13333333333333333,16,0,1,1,0,1,2,0,2,1,0,1,0,3,3.0162000000000013,63.724500000000035,0,0,1,1,0,0,0,0,0,2,2,2,0,0,1,0,0,0,Alc13,OC(CC1=CC=CC=C1)C2=CC(OCO3)=C3C=C2,10.20884164777022,-0.5260185185185189,10.20884164777022,0.25750711414807714,0.8989449432481046,242.27399999999994,228.16199999999995,242.094294308,92,0.23080037765931263,-0.45359546622627495,0.45359546622627495,0.23080037765931263,1.0,1.7777777777777777,2.611111111111111,16.69672242832603,10.010456757448827,2.1618380133670794,-2.1120797030123173,2.3423428663928165,-2.0110859698250523,5.447982471537591,0.171222170739647,1.7820126966370167,536.6899070467601,12.372032720186704,9.874076161507412,9.874076161507412,8.826499840494922,5.9429917392881455,5.9429917392881455,4.31821918647156,4.31821918647156,3.053275194816359,3.053275194816359,2.0756028645147335,2.0756028645147335,-1.9999999999999996,27276.075850448757,11.11111111111111,4.704,2.172635445362718,105.59881672643137,14.580253302440804,0.0,11.49902366656781,6.792942306099827,0.0,0.0,0.0,36.39820241076966,23.259637120317212,6.4208216229260096,6.103966387748303,14.580253302440804,0.0,12.524788010674312,6.792942306099827,59.65783953108687,11.49902366656781,9.473725907600098,11.49902366656781,0.0,11.899469700940532,6.4208216229260096,0.0,17.230869371142294,48.53093654769288,0.0,38.69,6.103966387748303,5.106527394840706,6.792942306099827,12.170333456209914,16.876414816677897,0.0,0.0,48.53093654769288,0.0,9.473725907600098,10.55373952301306,0.0,0.0,10.20884164777022,1.9636758314436888,1.4493266565885616,15.495225553567005,0.0716836734693872,0.25750711414807714,0.0,0.2,18,1,3,1,1,2,0,2,3,1,3,3,3,2.6914000000000007,67.67080000000004,1,1,0,0,0,2,1,0,2,0,0,31
PC11,O=C1C2=C(C=CC=C2)CCC3=C1C=CC=C3,12.327962962962964,0.17009259259259313,12.327962962962964,0.17009259259259313,0.6500625527750791,208.25999999999996,196.16399999999996,208.088815004,78,0.19307540265088113,-0.28859352409133876,0.28859352409133876,0.19307540265088113,0.6875,1.125,1.625,16.138371157478307,9.991162270580073,2.190623862017622,-2.033143975928656,2.2334409245975695,-2.0292507477962025,6.107802568798569,0.10335496684076713,2.2203252478079682,505.3663390649022,10.957819157813608,8.941264006353967,8.941264006353967,7.860173345306137,5.565931464797731,5.565931464797731,4.143418255659676,4.143418255659676,3.187655641276074,3.187655641276074,2.334068120264721,2.334068120264721,-1.8899999999999997,8684.377624040088,9.344182592442321,3.5999053891787263,1.3634960982770608,94.73901461526536,0.0,0.0,5.783244946364939,0.0,0.0,4.794537184071822,0.0,0.0,48.53093654769288,23.96854622924601,11.126902983393991,0.0,4.794537184071822,5.783244946364939,0.0,12.841643245852019,0.0,70.78474251448087,0.0,0.0,0.0,0.0,0.0,5.783244946364939,12.841643245852019,27.048343150859804,48.53093654769288,0.0,0.0,17.07,0.0,4.794537184071822,5.783244946364939,0.0,23.96854622924601,11.126902983393991,0.0,36.39820241076966,12.13273413692322,0.0,0.0,0.0,12.327962962962964,0.0,4.076203703703705,0.17009259259259313,15.844537037037036,1.9145370370370367,0.0,0.0,0.13333333333333333,16,0,1,1,0,1,2,0,2,1,0,1,0,3,3.0162000000000013,63.724500000000035,0,0,1,1,0,0,0,0,0,2,2,2,0,0,1,0,0,0,Alc14,OC(CC1=CC=CC=C1)C2=CC=C3C(OCCO3)=C2,10.279154147770221,-0.5294198790627365,10.279154147770221,0.5294198790627365,0.917331086007642,256.30099999999993,240.17299999999994,256.10994437200003,98,0.16122961165638874,-0.4861472727903348,0.4861472727903348,0.16122961165638874,0.9473684210526315,1.6842105263157894,2.473684210526316,16.562628442435113,10.008696216764893,2.1511380646401257,-2.1988672450591435,2.3280711304727224,-2.1537912220555357,5.441928645560842,0.1642102965101603,1.779518636946347,551.1754332522945,13.079139501373252,10.58118294269396,10.58118294269396,9.326499840494922,6.442991739288146,6.442991739288146,4.608616346737665,4.608616346737665,3.2228815431838655,3.2228815431838655,2.222419671269494,2.222419671269494,-1.9999999999999996,36765.486524452244,12.055401662049862,5.325443786982248,2.71280276816609,111.96375884082798,14.580253302440804,13.213763929025836,11.49902366656781,0.0,0.0,0.0,0.0,36.39820241076966,23.259637120317212,6.4208216229260096,6.103966387748303,14.580253302440804,0.0,12.524788010674312,13.213763929025836,59.65783953108687,11.49902366656781,9.473725907600098,11.49902366656781,0.0,18.32029132386654,6.4208216229260096,0.0,17.230869371142294,48.53093654769288,0.0,38.69,6.103966387748303,5.106527394840706,0.0,19.634585551951847,22.6259266499618,0.0,0.0,48.53093654769288,0.0,9.473725907600098,10.998183967457507,0.0,0.0,10.279154147770221,1.970363074242043,1.4701599899218951,15.570851127488034,0.06828231292516962,1.1430053801951348,0.0,0.25,19,1,3,1,1,2,0,2,3,1,3,3,3,2.733900000000001,72.53780000000005,1,1,0,0,0,2,1,0,2,0,0,36
PC12,O=C(C1=CC=C(C(F)(F)F)C=C1)C2=CC=C(OC)C=C2,12.428207368167408,-4.401100474050961,12.428207368167408,0.21126558956916153,0.7958001403683496,280.245,269.157,280.07111425200003,104,0.4159102506109694,-0.4967677863486889,0.4967677863486889,0.4159102506109694,0.9,1.35,1.75,19.413175420823617,10.01713852769296,2.2973504541879537,-2.0723634694197184,2.289883370120367,-2.06220861928767,6.085414124358594,-0.13714078363190352,2.2414488205438468,598.5109069092038,14.75071237662706,10.569192153472416,10.569192153472416,9.41403346581242,5.776177700533404,5.776177700533404,4.132735023686453,4.132735023686453,2.8266229464806227,2.8266229464806227,1.719644880239806,1.719644880239806,-2.3,29326.01767358748,14.116368783779917,5.364833374604126,2.9872702938301816,113.35499720708019,4.736862953800049,5.749511833283905,5.783244946364939,0.0,6.176298517443475,4.794537184071822,13.171245143024459,0.0,12.13273413692322,36.39820241076966,11.126902983393991,12.673249032974528,22.70264528089633,5.783244946364939,0.0,6.176298517443475,7.109797541277533,65.22129102278387,5.749511833283905,4.736862953800049,13.171245143024459,5.749511833283905,0.0,12.893042487642472,6.176298517443475,21.48489165916281,48.53093654769288,0.0,0.0,26.3,11.73975000914047,17.96578232709628,11.346696438061935,11.3129633249809,12.13273413692322,19.242531678200756,24.26546827384644,0.0,0.0,4.736862953800049,42.25612483667866,0.0,12.084840325018895,0.0,-0.1689755314430632,0.27346934871285655,10.532338199168557,-4.401100474050961,0.0,1.5066366292483924,0.13333333333333333,20,0,2,0,0,0,2,0,2,2,0,5,3,2,3.945000000000003,67.87050000000004,0,0,1,1,0,0,0,3,0,0,2,0,1,3,1,1,0,0,Alc1,OC(CC1=CC=CC=C1)C2=CC=C(C(OC)=O)C=C2,11.300882193186936,-0.5749102418745282,11.300882193186936,0.3712044724021635,0.8555190559485526,256.30099999999993,240.17299999999994,256.10994437200003,98,0.33734179298009886,-0.4654175212523233,0.4654175212523233,0.33734179298009886,1.105263157894737,1.736842105263158,2.3157894736842106,16.523293378425766,10.003236877957912,2.100617014517665,-2.111125286046951,2.185198707818772,-2.040609496672206,5.887593188002341,0.06002383438700396,2.073681425115431,531.6803207544581,13.664925939000156,10.74431964951049,10.74431964951049,9.202708600407233,6.107223093895716,6.107223093895716,4.31911057255133,4.31911057255133,2.9884308157697754,2.9884308157697754,1.9144073831934183,1.9144073831934183,-2.1299999999999994,25130.041075738343,13.30515171594639,6.15877056967385,3.421837675345536,112.01756686489409,9.843390348640755,0.0,0.0,0.0,5.969305287951849,4.794537184071822,0.0,42.46456947923127,23.259637120317212,6.4208216229260096,18.777215420722833,14.637927532712578,5.969305287951849,12.524788010674312,7.109797541277533,71.28765809124549,0.0,0.0,0.0,0.0,18.18563022407009,11.157684576726059,0.0,27.58885804691111,54.59730361615449,0.0,46.53,6.103966387748303,9.901064578912528,5.969305287951849,11.984273114623004,11.126902983393991,7.109797541277533,24.26546827384644,30.33183534230805,4.736862953800049,0.0,4.63082306110129,0.0,11.300882193186936,10.144462317334341,2.3488071092634595,-0.3712044724021635,16.619447777784718,-0.020931201184178128,0.0,1.347713214915596,0.1875,19,1,3,0,0,2,0,2,3,1,3,4,2,2.7493000000000007,72.88730000000004,1,1,1,1,0,2,0,1,1,1,0,1
PC12,O=C(C1=CC=C(C(F)(F)F)C=C1)C2=CC=C(OC)C=C2,12.428207368167408,-4.401100474050961,12.428207368167408,0.21126558956916153,0.7958001403683496,280.245,269.157,280.07111425200003,104,0.4159102506109694,-0.4967677863486889,0.4967677863486889,0.4159102506109694,0.9,1.35,1.75,19.413175420823617,10.01713852769296,2.2973504541879537,-2.0723634694197184,2.289883370120367,-2.06220861928767,6.085414124358594,-0.13714078363190352,2.2414488205438468,598.5109069092038,14.75071237662706,10.569192153472416,10.569192153472416,9.41403346581242,5.776177700533404,5.776177700533404,4.132735023686453,4.132735023686453,2.8266229464806227,2.8266229464806227,1.719644880239806,1.719644880239806,-2.3,29326.01767358748,14.116368783779917,5.364833374604126,2.9872702938301816,113.35499720708019,4.736862953800049,5.749511833283905,5.783244946364939,0.0,6.176298517443475,4.794537184071822,13.171245143024459,0.0,12.13273413692322,36.39820241076966,11.126902983393991,12.673249032974528,22.70264528089633,5.783244946364939,0.0,6.176298517443475,7.109797541277533,65.22129102278387,5.749511833283905,4.736862953800049,13.171245143024459,5.749511833283905,0.0,12.893042487642472,6.176298517443475,21.48489165916281,48.53093654769288,0.0,0.0,26.3,11.73975000914047,17.96578232709628,11.346696438061935,11.3129633249809,12.13273413692322,19.242531678200756,24.26546827384644,0.0,0.0,4.736862953800049,42.25612483667866,0.0,12.084840325018895,0.0,-0.1689755314430632,0.27346934871285655,10.532338199168557,-4.401100474050961,0.0,1.5066366292483924,0.13333333333333333,20,0,2,0,0,0,2,0,2,2,0,5,3,2,3.945000000000003,67.87050000000004,0,0,1,1,0,0,0,3,0,0,2,0,1,3,1,1,0,0,Alc2,OC(CC1=CC=CC=C1)C2=CC=CC=C2,9.973947467876041,-0.40870370370370424,9.973947467876041,0.40870370370370424,0.8035051734358308,198.265,184.15299999999996,198.104465068,76,0.08298804952950145,-0.3880720436533714,0.3880720436533714,0.08298804952950145,0.8,1.3333333333333333,1.9333333333333333,16.266076170609406,10.017292443134783,2.0630459693402803,-2.099774890735418,2.1679020868127488,-2.0051469961497723,5.216146633482743,0.17822792250631558,2.0784516078094564,394.1985815306015,10.510225400620904,8.50517333777239,8.50517333777239,7.360173345306137,5.13004291044503,5.13004291044503,3.6162040833489484,3.6162040833489484,2.4562220383138484,2.4562220383138484,1.6303928292672958,1.6303928292672958,-1.5999999999999996,4035.3008467528234,9.936265432098764,4.759877126654065,2.6729591836734703,90.01261530655025,5.106527394840706,0.0,0.0,0.0,0.0,0.0,0.0,60.6636706846161,11.126902983393991,6.4208216229260096,6.103966387748303,5.106527394840706,0.0,12.524788010674312,0.0,71.7905736680101,0.0,0.0,0.0,0.0,5.106527394840706,6.4208216229260096,0.0,17.230869371142294,60.6636706846161,0.0,20.23,6.103966387748303,5.106527394840706,0.0,6.4208216229260096,11.126902983393991,0.0,0.0,60.6636706846161,0.0,0.0,0.0,0.0,0.0,9.973947467876041,2.1344501133786853,0.0,19.795491307634165,0.2627777777777772,0.0,0.0,0.14285714285714285,15,1,1,0,0,2,0,2,1,1,1,3,2,2.9627000000000008,61.54780000000004,1,1,0,0,0,2,0,0,0,0,0,1
PC12,O=C(C1=CC=C(C(F)(F)F)C=C1)C2=CC=C(OC)C=C2,12.428207368167408,-4.401100474050961,12.428207368167408,0.21126558956916153,0.7958001403683496,280.245,269.157,280.07111425200003,104,0.4159102506109694,-0.4967677863486889,0.4967677863486889,0.4159102506109694,0.9,1.35,1.75,19.413175420823617,10.01713852769296,2.2973504541879537,-2.0723634694197184,2.289883370120367,-2.06220861928767,6.085414124358594,-0.13714078363190352,2.2414488205438468,598.5109069092038,14.75071237662706,10.569192153472416,10.569192153472416,9.41403346581242,5.776177700533404,5.776177700533404,4.132735023686453,4.132735023686453,2.8266229464806227,2.8266229464806227,1.719644880239806,1.719644880239806,-2.3,29326.01767358748,14.116368783779917,5.364833374604126,2.9872702938301816,113.35499720708019,4.736862953800049,5.749511833283905,5.783244946364939,0.0,6.176298517443475,4.794537184071822,13.171245143024459,0.0,12.13273413692322,36.39820241076966,11.126902983393991,12.673249032974528,22.70264528089633,5.783244946364939,0.0,6.176298517443475,7.109797541277533,65.22129102278387,5.749511833283905,4.736862953800049,13.171245143024459,5.749511833283905,0.0,12.893042487642472,6.176298517443475,21.48489165916281,48.53093654769288,0.0,0.0,26.3,11.73975000914047,17.96578232709628,11.346696438061935,11.3129633249809,12.13273413692322,19.242531678200756,24.26546827384644,0.0,0.0,4.736862953800049,42.25612483667866,0.0,12.084840325018895,0.0,-0.1689755314430632,0.27346934871285655,10.532338199168557,-4.401100474050961,0.0,1.5066366292483924,0.13333333333333333,20,0,2,0,0,0,2,0,2,2,0,5,3,2,3.945000000000003,67.87050000000004,0,0,1,1,0,0,0,3,0,0,2,0,1,3,1,1,0,0,Alc3,OC(CC1=CC=CC=C1)C2=CC=C(C3=CC=CC=C3)C=C2,10.335407533383725,-0.46090429999160243,10.335407533383725,0.46090429999160243,0.7351163069128532,274.363,256.21899999999994,274.135765196,104,0.08298875307923671,-0.388072037808165,0.388072037808165,0.08298875307923671,0.6190476190476191,1.1428571428571428,1.7619047619047619,16.266083292964606,9.982653573837602,2.0818451903734125,-2.1170537852257123,2.231560758845956,-2.009876154068321,5.629945446690994,0.17824227821530972,1.7483318000385286,672.0487817325015,14.493353063746348,11.814574414530895,11.814574414530895,10.326499840494922,7.2014101154909484,7.2014101154909484,5.193554352538573,5.193554352538573,3.674455551106933,3.674455551106933,2.483526521520132,2.483526521520132,-2.379999999999999,104293.42426850586,13.596094137037953,6.379998762558589,3.3882865583782404,125.06970951261428,5.106527394840706,0.0,0.0,0.0,0.0,0.0,0.0,84.92913895846256,22.253805966787983,6.4208216229260096,6.103966387748303,5.106527394840706,0.0,12.524788010674312,0.0,96.05604194185656,11.126902983393991,0.0,0.0,0.0,5.106527394840706,6.4208216229260096,0.0,17.230869371142294,84.92913895846256,11.126902983393991,20.23,6.103966387748303,5.106527394840706,0.0,6.4208216229260096,11.126902983393991,11.126902983393991,0.0,60.6636706846161,24.26546827384644,0.0,0.0,0.0,0.0,10.335407533383725,4.475491082490542,0.0,28.505636982933158,0.1834644011925748,0.0,0.0,0.1,21,1,1,0,0,3,0,3,1,1,1,4,3,4.629700000000004,86.98380000000003,1,1,0,0,0,3,0,0,0,0,0,0
PC12,O=C(C1=CC=C(C(F)(F)F)C=C1)C2=CC=C(OC)C=C2,12.428207368167408,-4.401100474050961,12.428207368167408,0.21126558956916153,0.7958001403683496,280.245,269.157,280.07111425200003,104,0.4159102506109694,-0.4967677863486889,0.4967677863486889,0.4159102506109694,0.9,1.35,1.75,19.413175420823617,10.01713852769296,2.2973504541879537,-2.0723634694197184,2.289883370120367,-2.06220861928767,6.085414124358594,-0.13714078363190352,2.2414488205438468,598.5109069092038,14.75071237662706,10.569192153472416,10.569192153472416,9.41403346581242,5.776177700533404,5.776177700533404,4.132735023686453,4.132735023686453,2.8266229464806227,2.8266229464806227,1.719644880239806,1.719644880239806,-2.3,29326.01767358748,14.116368783779917,5.364833374604126,2.9872702938301816,113.35499720708019,4.736862953800049,5.749511833283905,5.783244946364939,0.0,6.176298517443475,4.794537184071822,13.171245143024459,0.0,12.13273413692322,36.39820241076966,11.126902983393991,12.673249032974528,22.70264528089633,5.783244946364939,0.0,6.176298517443475,7.109797541277533,65.22129102278387,5.749511833283905,4.736862953800049,13.171245143024459,5.749511833283905,0.0,12.893042487642472,6.176298517443475,21.48489165916281,48.53093654769288,0.0,0.0,26.3,11.73975000914047,17.96578232709628,11.346696438061935,11.3129633249809,12.13273413692322,19.242531678200756,24.26546827384644,0.0,0.0,4.736862953800049,42.25612483667866,0.0,12.084840325018895,0.0,-0.1689755314430632,0.27346934871285655,10.532338199168557,-4.401100474050961,0.0,1.5066366292483924,0.13333333333333333,20,0,2,0,0,0,2,0,2,2,0,5,3,2,3.945000000000003,67.87050000000004,0,0,1,1,0,0,0,3,0,0,2,0,1,3,1,1,0,0,Alc4,OC(CC1=CC=CC=C1)C2=CC=C(C)C=C2,10.064839380196524,-0.41388888888888964,10.064839380196524,0.41388888888888964,0.827496933605173,212.29199999999997,196.16399999999996,212.120115132,82,0.0829883747658443,-0.38807204092055403,0.38807204092055403,0.0829883747658443,0.9375,1.5625,2.1875,16.266078389325447,10.006289195538882,2.069742142147314,-2.1072106640509842,2.1789660783789326,-2.009250363373895,5.250301887094522,0.17821400361845985,2.085070944860585,430.75194762320365,11.380468888623982,9.427823068582764,9.427823068582764,7.7540201954234895,5.54072651296799,5.54072651296799,4.116204083348947,4.116204083348947,2.7339998160916257,2.7339998160916257,1.7438068228410388,1.7438068228410388,-1.5999999999999996,5689.016293492532,10.902614268848035,4.950941945405614,2.7067723730180067,96.37755742094683,5.106527394840706,0.0,0.0,0.0,0.0,0.0,0.0,60.160755107851486,18.050640183084617,6.4208216229260096,6.103966387748303,5.106527394840706,0.0,19.448525210364934,0.0,71.28765809124549,0.0,0.0,0.0,0.0,5.106527394840706,6.4208216229260096,6.923737199690624,22.79432086283929,54.59730361615449,0.0,20.23,6.103966387748303,5.106527394840706,0.0,6.4208216229260096,11.126902983393991,5.563451491696996,0.0,61.52104081584511,0.0,0.0,0.0,0.0,0.0,10.064839380196524,3.3617492336440753,0.0,18.10113200218359,0.25664777021919793,2.048964947089947,0.0,0.2,16,1,1,0,0,2,0,2,1,1,1,3,2,3.2711200000000016,66.28480000000003,1,1,0,0,1,2,0,0,0,0,0,4
PC12,O=C(C1=CC=C(C(F)(F)F)C=C1)C2=CC=C(OC)C=C2,12.428207368167408,-4.401100474050961,12.428207368167408,0.21126558956916153,0.7958001403683496,280.245,269.157,280.07111425200003,104,0.4159102506109694,-0.4967677863486889,0.4967677863486889,0.4159102506109694,0.9,1.35,1.75,19.413175420823617,10.01713852769296,2.2973504541879537,-2.0723634694197184,2.289883370120367,-2.06220861928767,6.085414124358594,-0.13714078363190352,2.2414488205438468,598.5109069092038,14.75071237662706,10.569192153472416,10.569192153472416,9.41403346581242,5.776177700533404,5.776177700533404,4.132735023686453,4.132735023686453,2.8266229464806227,2.8266229464806227,1.719644880239806,1.719644880239806,-2.3,29326.01767358748,14.116368783779917,5.364833374604126,2.9872702938301816,113.35499720708019,4.736862953800049,5.749511833283905,5.783244946364939,0.0,6.176298517443475,4.794537184071822,13.171245143024459,0.0,12.13273413692322,36.39820241076966,11.126902983393991,12.673249032974528,22.70264528089633,5.783244946364939,0.0,6.176298517443475,7.109797541277533,65.22129102278387,5.749511833283905,4.736862953800049,13.171245143024459,5.749511833283905,0.0,12.893042487642472,6.176298517443475,21.48489165916281,48.53093654769288,0.0,0.0,26.3,11.73975000914047,17.96578232709628,11.346696438061935,11.3129633249809,12.13273413692322,19.242531678200756,24.26546827384644,0.0,0.0,4.736862953800049,42.25612483667866,0.0,12.084840325018895,0.0,-0.1689755314430632,0.27346934871285655,10.532338199168557,-4.401100474050961,0.0,1.5066366292483924,0.13333333333333333,20,0,2,0,0,0,2,0,2,2,0,5,3,2,3.945000000000003,67.87050000000004,0,0,1,1,0,0,0,3,0,0,2,0,1,3,1,1,0,0,Alc5,OC(CC1=CC=CC=C1)C2=CC=C(OC)C=C2,10.096727135298565,-0.4691609977324269,10.096727135298565,0.4691609977324269,0.8713621378125769,228.29099999999997,212.16299999999995,228.115029752,88,0.1183810048644517,-0.4967681917897237,0.4967681917897237,0.1183810048644517,1.0,1.6470588235294117,2.235294117647059,16.465293963471616,10.014481763052645,2.0766339002525425,-2.1114630586776655,2.2033628169898027,-2.0103111679180383,5.291757736922201,0.17813111737507337,2.062926536206509,448.10785282653126,12.08757566981053,9.836071359046628,9.836071359046628,8.292024997884274,5.653098948663784,5.653098948663784,3.9786802197867686,3.9786802197867686,2.772451506641763,2.772451506641763,1.7812643014063039,1.7812643014063039,-1.7999999999999998,10090.555572179177,11.678585581466239,5.50509077963688,3.0789697570071675,101.49110265045373,9.843390348640755,5.749511833283905,0.0,0.0,0.0,0.0,0.0,42.46456947923127,23.259637120317212,6.4208216229260096,13.213763929025836,9.843390348640755,0.0,12.524788010674312,7.109797541277533,65.72420659954848,5.749511833283905,4.736862953800049,5.749511833283905,0.0,12.216324936118239,6.4208216229260096,0.0,17.230869371142294,54.59730361615449,0.0,29.46,6.103966387748303,5.106527394840706,0.0,6.4208216229260096,16.876414816677897,0.0,7.109797541277533,54.59730361615449,0.0,4.736862953800049,5.085560668137779,0.0,0.0,10.096727135298565,2.0467325155370792,0.8061676954732513,17.500864937598344,0.16295091647770144,0.0,1.6343294648106155,0.2,17,1,2,0,0,2,0,2,2,1,2,4,2,2.971300000000001,68.09980000000004,1,1,0,0,0,2,0,0,1,1,0,40
PC12,O=C(C1=CC=C(C(F)(F)F)C=C1)C2=CC=C(OC)C=C2,12.428207368167408,-4.401100474050961,12.428207368167408,0.21126558956916153,0.7958001403683496,280.245,269.157,280.07111425200003,104,0.4159102506109694,-0.4967677863486889,0.4967677863486889,0.4159102506109694,0.9,1.35,1.75,19.413175420823617,10.01713852769296,2.2973504541879537,-2.0723634694197184,2.289883370120367,-2.06220861928767,6.085414124358594,-0.13714078363190352,2.2414488205438468,598.5109069092038,14.75071237662706,10.569192153472416,10.569192153472416,9.41403346581242,5.776177700533404,5.776177700533404,4.132735023686453,4.132735023686453,2.8266229464806227,2.8266229464806227,1.719644880239806,1.719644880239806,-2.3,29326.01767358748,14.116368783779917,5.364833374604126,2.9872702938301816,113.35499720708019,4.736862953800049,5.749511833283905,5.783244946364939,0.0,6.176298517443475,4.794537184071822,13.171245143024459,0.0,12.13273413692322,36.39820241076966,11.126902983393991,12.673249032974528,22.70264528089633,5.783244946364939,0.0,6.176298517443475,7.109797541277533,65.22129102278387,5.749511833283905,4.736862953800049,13.171245143024459,5.749511833283905,0.0,12.893042487642472,6.176298517443475,21.48489165916281,48.53093654769288,0.0,0.0,26.3,11.73975000914047,17.96578232709628,11.346696438061935,11.3129633249809,12.13273413692322,19.242531678200756,24.26546827384644,0.0,0.0,4.736862953800049,42.25612483667866,0.0,12.084840325018895,0.0,-0.1689755314430632,0.27346934871285655,10.532338199168557,-4.401100474050961,0.0,1.5066366292483924,0.13333333333333333,20,0,2,0,0,0,2,0,2,2,0,5,3,2,3.945000000000003,67.87050000000004,0,0,1,1,0,0,0,3,0,0,2,0,1,3,1,1,0,0,Alc6,OC(CC1=CC=CC=C1)C2=CC=C(OC)C(OC)=C2,10.261137566137567,-0.5535128495842787,10.261137566137567,0.5535128495842787,0.8956990875329504,258.31699999999995,240.17299999999994,258.12559443600003,100,0.16058453750747206,-0.4928699503057866,0.4928699503057866,0.16058453750747206,0.9473684210526315,1.631578947368421,2.263157894736842,16.507840676524992,10.009678695325208,2.1172434065020065,-2.139118621146542,2.3039729637253057,-2.023299718872896,5.433081291348095,0.17759935416267483,2.170628055604028,522.7721843403044,13.664925939000156,11.166969380320865,11.166969380320865,9.240713402868018,6.182138051026246,6.182138051026246,4.319941212142852,4.319941212142852,3.0642462362819742,3.0642462362819742,2.0152864579650367,2.0152864579650367,-2.0,25290.518080230475,13.432098765432098,6.25,3.263267429760666,112.96958999435721,14.580253302440804,0.0,11.49902366656781,0.0,0.0,0.0,0.0,36.39820241076966,23.259637120317212,6.4208216229260096,20.323561470303368,14.580253302440804,0.0,12.524788010674312,14.219595082555067,59.65783953108687,11.49902366656781,9.473725907600098,11.49902366656781,0.0,19.32612247739577,6.4208216229260096,0.0,17.230869371142294,48.53093654769288,0.0,38.69,6.103966387748303,5.106527394840706,0.0,17.919845289493818,11.126902983393991,0.0,14.219595082555067,48.53093654769288,0.0,9.473725907600098,10.423739523013062,0.0,0.0,10.261137566137567,1.922488845846981,1.296548878810784,15.3862476431497,0.0261727607709743,0.0,3.1836647822709327,0.25,19,1,3,0,0,2,0,2,3,1,3,5,2,2.9799000000000015,74.65180000000005,1,1,0,0,0,2,0,0,2,2,0,72
PC12,O=C(C1=CC=C(C(F)(F)F)C=C1)C2=CC=C(OC)C=C2,12.428207368167408,-4.401100474050961,12.428207368167408,0.21126558956916153,0.7958001403683496,280.245,269.157,280.07111425200003,104,0.4159102506109694,-0.4967677863486889,0.4967677863486889,0.4159102506109694,0.9,1.35,1.75,19.413175420823617,10.01713852769296,2.2973504541879537,-2.0723634694197184,2.289883370120367,-2.06220861928767,6.085414124358594,-0.13714078363190352,2.2414488205438468,598.5109069092038,14.75071237662706,10.569192153472416,10.569192153472416,9.41403346581242,5.776177700533404,5.776177700533404,4.132735023686453,4.132735023686453,2.8266229464806227,2.8266229464806227,1.719644880239806,1.719644880239806,-2.3,29326.01767358748,14.116368783779917,5.364833374604126,2.9872702938301816,113.35499720708019,4.736862953800049,5.749511833283905,5.783244946364939,0.0,6.176298517443475,4.794537184071822,13.171245143024459,0.0,12.13273413692322,36.39820241076966,11.126902983393991,12.673249032974528,22.70264528089633,5.783244946364939,0.0,6.176298517443475,7.109797541277533,65.22129102278387,5.749511833283905,4.736862953800049,13.171245143024459,5.749511833283905,0.0,12.893042487642472,6.176298517443475,21.48489165916281,48.53093654769288,0.0,0.0,26.3,11.73975000914047,17.96578232709628,11.346696438061935,11.3129633249809,12.13273413692322,19.242531678200756,24.26546827384644,0.0,0.0,4.736862953800049,42.25612483667866,0.0,12.084840325018895,0.0,-0.1689755314430632,0.27346934871285655,10.532338199168557,-4.401100474050961,0.0,1.5066366292483924,0.13333333333333333,20,0,2,0,0,0,2,0,2,2,0,5,3,2,3.945000000000003,67.87050000000004,0,0,1,1,0,0,0,3,0,0,2,0,1,3,1,1,0,0,Alc7,OC(CC1=CC=CC=C1)C2=C(OC)C=CC=C2OC,10.43783635676493,-0.6587962962962965,10.43783635676493,0.5253703703703706,0.8956990875329504,258.31699999999995,240.17299999999994,258.12559443600003,100,0.12790209537997485,-0.49622875863680643,0.49622875863680643,0.12790209537997485,0.8947368421052632,1.4736842105263157,2.0,16.477976847424276,9.995068210762046,2.1838950809298114,-2.1766985532877468,2.348905965119941,-2.0598899020398505,5.4636733049682915,0.16908465638196046,2.2969656304417856,500.52218434030453,13.664925939000156,11.166969380320865,11.166969380320865,9.257550155273625,6.1881211151699524,6.1881211151699524,4.281728869170134,4.281728869170134,3.0710430404017512,3.0710430404017512,2.147725380294945,2.147725380294945,-1.9999999999999998,25369.482589932766,13.432098765432098,6.25,3.0625,112.9695899943572,14.580253302440804,11.49902366656781,0.0,0.0,0.0,0.0,0.0,36.39820241076966,17.696185628620217,6.4208216229260096,25.887012962000366,14.580253302440804,0.0,12.524788010674312,14.219595082555067,59.65783953108687,11.49902366656781,9.473725907600098,11.49902366656781,0.0,19.32612247739577,6.4208216229260096,0.0,17.230869371142294,48.53093654769288,0.0,38.69,6.103966387748303,5.106527394840706,0.0,23.483296781190813,5.563451491696996,0.0,14.219595082555067,48.53093654769288,0.0,9.473725907600098,10.613328609221465,0.0,0.0,10.43783635676493,1.7632520786092218,1.2829280045351479,15.354512471655326,-0.13342592592592595,0.0,3.1815684051398336,0.25,19,1,3,0,0,2,0,2,3,1,3,5,2,2.9799000000000015,74.65180000000005,1,1,0,0,0,2,0,0,2,2,0,7
PC12,O=C(C1=CC=C(C(F)(F)F)C=C1)C2=CC=C(OC)C=C2,12.428207368167408,-4.401100474050961,12.428207368167408,0.21126558956916153,0.7958001403683496,280.245,269.157,280.07111425200003,104,0.4159102506109694,-0.4967677863486889,0.4967677863486889,0.4159102506109694,0.9,1.35,1.75,19.413175420823617,10.01713852769296,2.2973504541879537,-2.0723634694197184,2.289883370120367,-2.06220861928767,6.085414124358594,-0.13714078363190352,2.2414488205438468,598.5109069092038,14.75071237662706,10.569192153472416,10.569192153472416,9.41403346581242,5.776177700533404,5.776177700533404,4.132735023686453,4.132735023686453,2.8266229464806227,2.8266229464806227,1.719644880239806,1.719644880239806,-2.3,29326.01767358748,14.116368783779917,5.364833374604126,2.9872702938301816,113.35499720708019,4.736862953800049,5.749511833283905,5.783244946364939,0.0,6.176298517443475,4.794537184071822,13.171245143024459,0.0,12.13273413692322,36.39820241076966,11.126902983393991,12.673249032974528,22.70264528089633,5.783244946364939,0.0,6.176298517443475,7.109797541277533,65.22129102278387,5.749511833283905,4.736862953800049,13.171245143024459,5.749511833283905,0.0,12.893042487642472,6.176298517443475,21.48489165916281,48.53093654769288,0.0,0.0,26.3,11.73975000914047,17.96578232709628,11.346696438061935,11.3129633249809,12.13273413692322,19.242531678200756,24.26546827384644,0.0,0.0,4.736862953800049,42.25612483667866,0.0,12.084840325018895,0.0,-0.1689755314430632,0.27346934871285655,10.532338199168557,-4.401100474050961,0.0,1.5066366292483924,0.13333333333333333,20,0,2,0,0,0,2,0,2,2,0,5,3,2,3.945000000000003,67.87050000000004,0,0,1,1,0,0,0,3,0,0,2,0,1,3,1,1,0,0,Alc8,OC(CC1=CC=CC=C1)(C)C2=CC=C(OC)C=C2,10.562004913076343,-0.8674357520786091,10.562004913076343,0.5973896919879061,0.8921056666605938,242.31799999999996,224.17399999999995,242.130679816,94,0.11838137186134988,-0.4967681887289843,0.4967681887289843,0.11838137186134988,1.0,1.6111111111111112,2.1666666666666665,16.465304335878308,9.889503760970026,2.22797150875665,-2.2385349345184125,2.2631394577439528,-2.2362172676827443,5.316379902260567,0.057569130157961716,2.1884279567800498,486.2652269194349,13.010225400620904,10.758721089857001,10.758721089857001,8.615321630085539,6.025136822201199,6.025136822201199,4.664730960695685,4.664730960695685,3.103088053135465,3.103088053135465,2.045469160275508,2.045469160275508,-1.7999999999999998,13287.836301449152,12.651595457003785,5.233467659312888,2.90182022893601,107.85604476485034,9.843390348640755,5.749511833283905,0.0,0.0,0.0,0.0,0.0,42.46456947923127,30.183374320007832,6.4208216229260096,12.710848352261221,9.843390348640755,0.0,18.94560963360032,7.109797541277533,65.72420659954848,5.749511833283905,4.736862953800049,5.749511833283905,0.0,12.216324936118239,12.021872433909698,0.0,18.050640183084614,54.59730361615449,0.0,29.46,5.601050810983688,5.106527394840706,0.0,6.4208216229260096,16.876414816677897,0.0,7.109797541277533,61.52104081584511,0.0,4.736862953800049,5.118487727850552,0.0,0.0,10.562004913076343,1.1515189856806924,0.8002417695473254,17.549198270931676,0.5973896919879061,1.8351284958427816,1.6360301450827244,0.25,18,1,2,0,0,2,0,2,2,1,2,4,2,3.1454000000000013,72.71080000000005,1,0,0,0,0,2,0,0,1,1,0,3
PC12,O=C(C1=CC=C(C(F)(F)F)C=C1)C2=CC=C(OC)C=C2,12.428207368167408,-4.401100474050961,12.428207368167408,0.21126558956916153,0.7958001403683496,280.245,269.157,280.07111425200003,104,0.4159102506109694,-0.4967677863486889,0.4967677863486889,0.4159102506109694,0.9,1.35,1.75,19.413175420823617,10.01713852769296,2.2973504541879537,-2.0723634694197184,2.289883370120367,-2.06220861928767,6.085414124358594,-0.13714078363190352,2.2414488205438468,598.5109069092038,14.75071237662706,10.569192153472416,10.569192153472416,9.41403346581242,5.776177700533404,5.776177700533404,4.132735023686453,4.132735023686453,2.8266229464806227,2.8266229464806227,1.719644880239806,1.719644880239806,-2.3,29326.01767358748,14.116368783779917,5.364833374604126,2.9872702938301816,113.35499720708019,4.736862953800049,5.749511833283905,5.783244946364939,0.0,6.176298517443475,4.794537184071822,13.171245143024459,0.0,12.13273413692322,36.39820241076966,11.126902983393991,12.673249032974528,22.70264528089633,5.783244946364939,0.0,6.176298517443475,7.109797541277533,65.22129102278387,5.749511833283905,4.736862953800049,13.171245143024459,5.749511833283905,0.0,12.893042487642472,6.176298517443475,21.48489165916281,48.53093654769288,0.0,0.0,26.3,11.73975000914047,17.96578232709628,11.346696438061935,11.3129633249809,12.13273413692322,19.242531678200756,24.26546827384644,0.0,0.0,4.736862953800049,42.25612483667866,0.0,12.084840325018895,0.0,-0.1689755314430632,0.27346934871285655,10.532338199168557,-4.401100474050961,0.0,1.5066366292483924,0.13333333333333333,20,0,2,0,0,0,2,0,2,2,0,5,3,2,3.945000000000003,67.87050000000004,0,0,1,1,0,0,0,3,0,0,2,0,1,3,1,1,0,0,Alc9,OC(CC1=CC=CC=C1)(C)C2=CC(OC)=C(OC)C=C2,10.726415343915345,-0.9574357520786094,10.726415343915345,0.5449633881330308,0.9083721892957952,272.34399999999994,252.18399999999994,272.1412445,106,0.16059535666137958,-0.4928699470920177,0.4928699470920177,0.16059535666137958,0.95,1.6,2.2,16.507863905067826,9.886714685339358,2.2446519921947496,-2.246767402855474,2.332200446601139,-2.238535516915506,5.443974299613938,0.05730381851548327,2.2900575453340792,561.7027291484295,14.58757566981053,12.089619111131238,12.089619111131238,9.564010035069282,6.554175924563661,6.554175924563661,5.005991953051767,5.005991953051767,3.3966099446226505,3.3966099446226505,2.2666261378643466,2.2666261378643466,-2.0,33330.10718164373,14.409972299168976,5.969821673525377,3.114186851211073,119.3345321087538,14.580253302440804,0.0,11.49902366656781,0.0,0.0,0.0,0.0,36.39820241076966,30.183374320007832,6.4208216229260096,19.820645893538753,14.580253302440804,0.0,18.94560963360032,14.219595082555067,59.65783953108687,11.49902366656781,9.473725907600098,11.49902366656781,0.0,19.32612247739577,12.021872433909698,0.0,18.050640183084614,48.53093654769288,0.0,38.69,5.601050810983688,5.106527394840706,0.0,17.919845289493818,11.126902983393991,0.0,21.14333228224569,48.53093654769288,0.0,9.473725907600098,10.501666582725836,0.0,0.0,10.726415343915345,0.937275315990594,1.2824979528848581,15.429372643149698,0.5449633881330308,1.8067951625094483,3.187680277357857,0.29411764705882354,20,1,3,0,0,2,0,2,3,1,3,5,2,3.1540000000000017,79.26280000000006,1,0,0,0,0,2,0,0,2,2,0,43
PC12,O=C(C1=CC=C(C(F)(F)F)C=C1)C2=CC=C(OC)C=C2,12.428207368167408,-4.401100474050961,12.428207368167408,0.21126558956916153,0.7958001403683496,280.245,269.157,280.07111425200003,104,0.4159102506109694,-0.4967677863486889,0.4967677863486889,0.4159102506109694,0.9,1.35,1.75,19.413175420823617,10.01713852769296,2.2973504541879537,-2.0723634694197184,2.289883370120367,-2.06220861928767,6.085414124358594,-0.13714078363190352,2.2414488205438468,598.5109069092038,14.75071237662706,10.569192153472416,10.569192153472416,9.41403346581242,5.776177700533404,5.776177700533404,4.132735023686453,4.132735023686453,2.8266229464806227,2.8266229464806227,1.719644880239806,1.719644880239806,-2.3,29326.01767358748,14.116368783779917,5.364833374604126,2.9872702938301816,113.35499720708019,4.736862953800049,5.749511833283905,5.783244946364939,0.0,6.176298517443475,4.794537184071822,13.171245143024459,0.0,12.13273413692322,36.39820241076966,11.126902983393991,12.673249032974528,22.70264528089633,5.783244946364939,0.0,6.176298517443475,7.109797541277533,65.22129102278387,5.749511833283905,4.736862953800049,13.171245143024459,5.749511833283905,0.0,12.893042487642472,6.176298517443475,21.48489165916281,48.53093654769288,0.0,0.0,26.3,11.73975000914047,17.96578232709628,11.346696438061935,11.3129633249809,12.13273413692322,19.242531678200756,24.26546827384644,0.0,0.0,4.736862953800049,42.25612483667866,0.0,12.084840325018895,0.0,-0.1689755314430632,0.27346934871285655,10.532338199168557,-4.401100474050961,0.0,1.5066366292483924,0.13333333333333333,20,0,2,0,0,0,2,0,2,2,0,5,3,2,3.945000000000003,67.87050000000004,0,0,1,1,0,0,0,3,0,0,2,0,1,3,1,1,0,0,Alc10,OC(CC1=CC=CC=C1)C2=CC=CS2,9.873253023431594,-0.363518518518519,9.873253023431594,0.363518518518519,0.8144390837938148,204.29399999999998,192.19799999999998,204.060886004,72,0.09216528017574561,-0.3872321395951382,0.3872321395951382,0.09216528017574561,1.0714285714285714,1.8571428571428572,2.5,32.13347351704487,10.076452642388125,2.0789213690058697,-2.072307396572147,2.2167942612728524,-1.9832437646643386,7.095204082273813,0.18207119399780475,2.0553179911767563,366.484957172308,9.803118619434356,7.758721089857002,8.575217670784728,6.860173345306137,4.614527514810998,5.4941803260658935,3.2209400579704255,4.200212366132882,2.1434838152946787,3.117025631515786,1.418819851357115,2.130640812291436,-1.1199999999999999,3066.3242502334906,9.435606308498535,4.39885050222963,2.218442359688379,87.65297857696171,5.106527394840706,0.0,0.0,0.0,0.0,0.0,11.336785877934737,36.39820241076966,17.00988133062452,11.297968816627309,6.103966387748303,5.106527394840706,11.336785877934737,12.524788010674312,0.0,58.28523093509548,0.0,0.0,0.0,11.336785877934737,5.106527394840706,6.4208216229260096,0.0,16.5445650731466,47.844632249697185,0.0,20.23,0.0,5.106527394840706,6.103966387748303,6.4208216229260096,4.877147193701299,5.563451491696996,11.336785877934737,47.844632249697185,0.0,0.0,0.0,1.6002690381708238,1.0359750566893426,11.862882653061224,1.1744444444444446,0.0,13.994160289115648,0.3322685185185179,0.0,0.0,0.16666666666666666,14,1,1,0,0,1,1,2,2,1,2,3,2,3.0242000000000013,59.42480000000003,1,1,0,0,0,1,0,0,0,0,1,1
PC12,O=C(C1=CC=C(C(F)(F)F)C=C1)C2=CC=C(OC)C=C2,12.428207368167408,-4.401100474050961,12.428207368167408,0.21126558956916153,0.7958001403683496,280.245,269.157,280.07111425200003,104,0.4159102506109694,-0.4967677863486889,0.4967677863486889,0.4159102506109694,0.9,1.35,1.75,19.413175420823617,10.01713852769296,2.2973504541879537,-2.0723634694197184,2.289883370120367,-2.06220861928767,6.085414124358594,-0.13714078363190352,2.2414488205438468,598.5109069092038,14.75071237662706,10.569192153472416,10.569192153472416,9.41403346581242,5.776177700533404,5.776177700533404,4.132735023686453,4.132735023686453,2.8266229464806227,2.8266229464806227,1.719644880239806,1.719644880239806,-2.3,29326.01767358748,14.116368783779917,5.364833374604126,2.9872702938301816,113.35499720708019,4.736862953800049,5.749511833283905,5.783244946364939,0.0,6.176298517443475,4.794537184071822,13.171245143024459,0.0,12.13273413692322,36.39820241076966,11.126902983393991,12.673249032974528,22.70264528089633,5.783244946364939,0.0,6.176298517443475,7.109797541277533,65.22129102278387,5.749511833283905,4.736862953800049,13.171245143024459,5.749511833283905,0.0,12.893042487642472,6.176298517443475,21.48489165916281,48.53093654769288,0.0,0.0,26.3,11.73975000914047,17.96578232709628,11.346696438061935,11.3129633249809,12.13273413692322,19.242531678200756,24.26546827384644,0.0,0.0,4.736862953800049,42.25612483667866,0.0,12.084840325018895,0.0,-0.1689755314430632,0.27346934871285655,10.532338199168557,-4.401100474050961,0.0,1.5066366292483924,0.13333333333333333,20,0,2,0,0,0,2,0,2,2,0,5,3,2,3.945000000000003,67.87050000000004,0,0,1,1,0,0,0,3,0,0,2,0,1,3,1,1,0,0,Alc11,OC(CC1=CC=CC=C1)C2=CC=C3C(C=CC=C3)=C2,10.333416477702194,-0.45184618291761214,10.333416477702194,0.45184618291761214,0.7390124361646712,248.325,232.19699999999995,248.120115132,94,0.08300986627191954,-0.3880716629573365,0.3880716629573365,0.08300986627191954,0.7368421052631579,1.4210526315789473,2.210526315789474,16.266084676889072,9.986417291736672,2.0837478242584777,-2.1170473119725113,2.22495003462181,-2.010327051240819,5.8258821301024994,0.17837975584231427,1.8694641546477884,673.3497852752665,13.079139501373252,10.659873876151643,10.659873876151643,9.326499840494922,6.534743448824282,6.534743448824282,4.812108496772772,4.812108496772772,3.4301714223830455,3.4301714223830455,2.370271692755298,2.370271692755298,-2.119999999999999,36765.486524452244,11.941790792875613,5.2496193822875306,2.665278690398365,112.69427983828544,5.106527394840706,0.0,0.0,0.0,0.0,0.0,0.0,66.73003775307771,27.965718480785192,6.4208216229260096,6.103966387748303,5.106527394840706,10.772448428929591,12.524788010674312,0.0,83.92330780493333,0.0,0.0,0.0,0.0,5.106527394840706,6.4208216229260096,0.0,17.230869371142294,72.79640482153933,10.772448428929591,20.23,6.103966387748303,5.106527394840706,0.0,6.4208216229260096,11.126902983393991,10.772448428929591,0.0,48.53093654769288,24.26546827384644,0.0,0.0,0.0,0.0,12.713298689846312,2.1302885907449403,0.0,24.456294380406483,0.20011833900226683,0.0,0.0,0.1111111111111111,19,1,1,0,0,3,0,3,1,1,1,3,3,4.1159000000000034,79.05380000000005,1,1,0,0,0,3,1,0,0,0,0,0
PC12,O=C(C1=CC=C(C(F)(F)F)C=C1)C2=CC=C(OC)C=C2,12.428207368167408,-4.401100474050961,12.428207368167408,0.21126558956916153,0.7958001403683496,280.245,269.157,280.07111425200003,104,0.4159102506109694,-0.4967677863486889,0.4967677863486889,0.4159102506109694,0.9,1.35,1.75,19.413175420823617,10.01713852769296,2.2973504541879537,-2.0723634694197184,2.289883370120367,-2.06220861928767,6.085414124358594,-0.13714078363190352,2.2414488205438468,598.5109069092038,14.75071237662706,10.569192153472416,10.569192153472416,9.41403346581242,5.776177700533404,5.776177700533404,4.132735023686453,4.132735023686453,2.8266229464806227,2.8266229464806227,1.719644880239806,1.719644880239806,-2.3,29326.01767358748,14.116368783779917,5.364833374604126,2.9872702938301816,113.35499720708019,4.736862953800049,5.749511833283905,5.783244946364939,0.0,6.176298517443475,4.794537184071822,13.171245143024459,0.0,12.13273413692322,36.39820241076966,11.126902983393991,12.673249032974528,22.70264528089633,5.783244946364939,0.0,6.176298517443475,7.109797541277533,65.22129102278387,5.749511833283905,4.736862953800049,13.171245143024459,5.749511833283905,0.0,12.893042487642472,6.176298517443475,21.48489165916281,48.53093654769288,0.0,0.0,26.3,11.73975000914047,17.96578232709628,11.346696438061935,11.3129633249809,12.13273413692322,19.242531678200756,24.26546827384644,0.0,0.0,4.736862953800049,42.25612483667866,0.0,12.084840325018895,0.0,-0.1689755314430632,0.27346934871285655,10.532338199168557,-4.401100474050961,0.0,1.5066366292483924,0.13333333333333333,20,0,2,0,0,0,2,0,2,2,0,5,3,2,3.945000000000003,67.87050000000004,0,0,1,1,0,0,0,3,0,0,2,0,1,3,1,1,0,0,Alc12,OC(CC1=CC=CC=C1)C2=C3C(C=CC=C3)=CC=C2,10.471969009826154,-0.4643518518518521,10.471969009826154,0.4643518518518521,0.7390124361646712,248.325,232.19699999999995,248.120115132,94,0.08358696226666694,-0.38804892064838004,0.38804892064838004,0.08358696226666694,0.7368421052631579,1.4210526315789473,2.263157894736842,16.266124497202814,9.961087361988065,2.108514386470234,-2.1353412666234526,2.259726004252622,-2.01936407132354,5.854953122949918,0.17978572251943617,1.955927549052766,668.0997852752665,13.079139501373252,10.659873876151643,10.659873876151643,9.34333659290053,6.540726512967988,6.540726512967988,4.773896153800053,4.773896153800053,3.454236172267494,3.454236172267494,2.4883469055147316,2.4883469055147316,-2.119999999999999,37234.02225887323,11.941790792875613,5.2496193822875306,2.5146438115478507,112.69427983828544,5.106527394840706,0.0,0.0,0.0,0.0,0.0,0.0,72.79640482153933,21.899351412323583,6.4208216229260096,6.103966387748303,5.106527394840706,10.772448428929591,12.524788010674312,0.0,83.92330780493333,0.0,0.0,0.0,0.0,5.106527394840706,6.4208216229260096,0.0,17.230869371142294,72.79640482153933,10.772448428929591,20.23,6.103966387748303,5.106527394840706,0.0,6.4208216229260096,16.513127197858786,5.386224214464796,0.0,54.59730361615449,18.19910120538483,0.0,0.0,0.0,0.0,12.778027158394224,2.157303004535148,0.0,24.381355400184763,0.18331443688586524,0.0,0.0,0.1111111111111111,19,1,1,0,0,3,0,3,1,1,1,3,3,4.1159000000000034,79.05380000000005,1,1,0,0,0,3,1,0,0,0,0,0
PC12,O=C(C1=CC=C(C(F)(F)F)C=C1)C2=CC=C(OC)C=C2,12.428207368167408,-4.401100474050961,12.428207368167408,0.21126558956916153,0.7958001403683496,280.245,269.157,280.07111425200003,104,0.4159102506109694,-0.4967677863486889,0.4967677863486889,0.4159102506109694,0.9,1.35,1.75,19.413175420823617,10.01713852769296,2.2973504541879537,-2.0723634694197184,2.289883370120367,-2.06220861928767,6.085414124358594,-0.13714078363190352,2.2414488205438468,598.5109069092038,14.75071237662706,10.569192153472416,10.569192153472416,9.41403346581242,5.776177700533404,5.776177700533404,4.132735023686453,4.132735023686453,2.8266229464806227,2.8266229464806227,1.719644880239806,1.719644880239806,-2.3,29326.01767358748,14.116368783779917,5.364833374604126,2.9872702938301816,113.35499720708019,4.736862953800049,5.749511833283905,5.783244946364939,0.0,6.176298517443475,4.794537184071822,13.171245143024459,0.0,12.13273413692322,36.39820241076966,11.126902983393991,12.673249032974528,22.70264528089633,5.783244946364939,0.0,6.176298517443475,7.109797541277533,65.22129102278387,5.749511833283905,4.736862953800049,13.171245143024459,5.749511833283905,0.0,12.893042487642472,6.176298517443475,21.48489165916281,48.53093654769288,0.0,0.0,26.3,11.73975000914047,17.96578232709628,11.346696438061935,11.3129633249809,12.13273413692322,19.242531678200756,24.26546827384644,0.0,0.0,4.736862953800049,42.25612483667866,0.0,12.084840325018895,0.0,-0.1689755314430632,0.27346934871285655,10.532338199168557,-4.401100474050961,0.0,1.5066366292483924,0.13333333333333333,20,0,2,0,0,0,2,0,2,2,0,5,3,2,3.945000000000003,67.87050000000004,0,0,1,1,0,0,0,3,0,0,2,0,1,3,1,1,0,0,Alc13,OC(CC1=CC=CC=C1)C2=CC(OCO3)=C3C=C2,10.20884164777022,-0.5260185185185189,10.20884164777022,0.25750711414807714,0.8989449432481046,242.27399999999994,228.16199999999995,242.094294308,92,0.23080037765931263,-0.45359546622627495,0.45359546622627495,0.23080037765931263,1.0,1.7777777777777777,2.611111111111111,16.69672242832603,10.010456757448827,2.1618380133670794,-2.1120797030123173,2.3423428663928165,-2.0110859698250523,5.447982471537591,0.171222170739647,1.7820126966370167,536.6899070467601,12.372032720186704,9.874076161507412,9.874076161507412,8.826499840494922,5.9429917392881455,5.9429917392881455,4.31821918647156,4.31821918647156,3.053275194816359,3.053275194816359,2.0756028645147335,2.0756028645147335,-1.9999999999999996,27276.075850448757,11.11111111111111,4.704,2.172635445362718,105.59881672643137,14.580253302440804,0.0,11.49902366656781,6.792942306099827,0.0,0.0,0.0,36.39820241076966,23.259637120317212,6.4208216229260096,6.103966387748303,14.580253302440804,0.0,12.524788010674312,6.792942306099827,59.65783953108687,11.49902366656781,9.473725907600098,11.49902366656781,0.0,11.899469700940532,6.4208216229260096,0.0,17.230869371142294,48.53093654769288,0.0,38.69,6.103966387748303,5.106527394840706,6.792942306099827,12.170333456209914,16.876414816677897,0.0,0.0,48.53093654769288,0.0,9.473725907600098,10.55373952301306,0.0,0.0,10.20884164777022,1.9636758314436888,1.4493266565885616,15.495225553567005,0.0716836734693872,0.25750711414807714,0.0,0.2,18,1,3,1,1,2,0,2,3,1,3,3,3,2.6914000000000007,67.67080000000004,1,1,0,0,0,2,1,0,2,0,0,36
PC12,O=C(C1=CC=C(C(F)(F)F)C=C1)C2=CC=C(OC)C=C2,12.428207368167408,-4.401100474050961,12.428207368167408,0.21126558956916153,0.7958001403683496,280.245,269.157,280.07111425200003,104,0.4159102506109694,-0.4967677863486889,0.4967677863486889,0.4159102506109694,0.9,1.35,1.75,19.413175420823617,10.01713852769296,2.2973504541879537,-2.0723634694197184,2.289883370120367,-2.06220861928767,6.085414124358594,-0.13714078363190352,2.2414488205438468,598.5109069092038,14.75071237662706,10.569192153472416,10.569192153472416,9.41403346581242,5.776177700533404,5.776177700533404,4.132735023686453,4.132735023686453,2.8266229464806227,2.8266229464806227,1.719644880239806,1.719644880239806,-2.3,29326.01767358748,14.116368783779917,5.364833374604126,2.9872702938301816,113.35499720708019,4.736862953800049,5.749511833283905,5.783244946364939,0.0,6.176298517443475,4.794537184071822,13.171245143024459,0.0,12.13273413692322,36.39820241076966,11.126902983393991,12.673249032974528,22.70264528089633,5.783244946364939,0.0,6.176298517443475,7.109797541277533,65.22129102278387,5.749511833283905,4.736862953800049,13.171245143024459,5.749511833283905,0.0,12.893042487642472,6.176298517443475,21.48489165916281,48.53093654769288,0.0,0.0,26.3,11.73975000914047,17.96578232709628,11.346696438061935,11.3129633249809,12.13273413692322,19.242531678200756,24.26546827384644,0.0,0.0,4.736862953800049,42.25612483667866,0.0,12.084840325018895,0.0,-0.1689755314430632,0.27346934871285655,10.532338199168557,-4.401100474050961,0.0,1.5066366292483924,0.13333333333333333,20,0,2,0,0,0,2,0,2,2,0,5,3,2,3.945000000000003,67.87050000000004,0,0,1,1,0,0,0,3,0,0,2,0,1,3,1,1,0,0,Alc14,OC(CC1=CC=CC=C1)C2=CC=C3C(OCCO3)=C2,10.279154147770221,-0.5294198790627365,10.279154147770221,0.5294198790627365,0.917331086007642,256.30099999999993,240.17299999999994,256.10994437200003,98,0.16122961165638874,-0.4861472727903348,0.4861472727903348,0.16122961165638874,0.9473684210526315,1.6842105263157894,2.473684210526316,16.562628442435113,10.008696216764893,2.1511380646401257,-2.1988672450591435,2.3280711304727224,-2.1537912220555357,5.441928645560842,0.1642102965101603,1.779518636946347,551.1754332522945,13.079139501373252,10.58118294269396,10.58118294269396,9.326499840494922,6.442991739288146,6.442991739288146,4.608616346737665,4.608616346737665,3.2228815431838655,3.2228815431838655,2.222419671269494,2.222419671269494,-1.9999999999999996,36765.486524452244,12.055401662049862,5.325443786982248,2.71280276816609,111.96375884082798,14.580253302440804,13.213763929025836,11.49902366656781,0.0,0.0,0.0,0.0,36.39820241076966,23.259637120317212,6.4208216229260096,6.103966387748303,14.580253302440804,0.0,12.524788010674312,13.213763929025836,59.65783953108687,11.49902366656781,9.473725907600098,11.49902366656781,0.0,18.32029132386654,6.4208216229260096,0.0,17.230869371142294,48.53093654769288,0.0,38.69,6.103966387748303,5.106527394840706,0.0,19.634585551951847,22.6259266499618,0.0,0.0,48.53093654769288,0.0,9.473725907600098,10.998183967457507,0.0,0.0,10.279154147770221,1.970363074242043,1.4701599899218951,15.570851127488034,0.06828231292516962,1.1430053801951348,0.0,0.25,19,1,3,1,1,2,0,2,3,1,3,3,3,2.733900000000001,72.53780000000005,1,1,0,0,0,2,1,0,2,0,0,54
PC13,O=C(C1=CC(C=CC=C2)=C2C=C1)C3=CC=CC=C3,12.28998441043084,0.07069727891156496,12.28998441043084,0.07069727891156496,0.6085507183252764,232.282,220.18599999999995,232.088815004,86,0.19254210504270847,-0.2886155685657239,0.2886155685657239,0.19254210504270847,0.6111111111111112,1.2777777777777777,2.0555555555555554,16.138272528689736,10.000312974195607,2.079009195022772,-2.0287462040487774,2.1754723466480055,-1.999229643391427,6.101205293079478,0.10341650668146875,2.0715297692545445,698.8917112285508,12.372032720186704,9.836451520739375,9.836451520739375,8.84333659290053,5.9301918886571015,5.9301918886571015,4.257079366224633,4.257079366224633,3.047632077603778,3.047632077603778,2.0867537274333223,2.0867537274333223,-2.4099999999999993,23536.829279105106,10.725684553830362,4.456327990512481,1.9091977297287808,105.69662607173659,0.0,0.0,5.783244946364939,0.0,0.0,4.794537184071822,0.0,0.0,66.73003775307771,16.838815497391202,11.126902983393991,0.0,4.794537184071822,16.55569337529453,0.0,0.0,0.0,83.92330780493333,0.0,0.0,0.0,0.0,0.0,5.783244946364939,0.0,15.921440167465814,72.79640482153933,0.0,10.772448428929591,17.07,0.0,4.794537184071822,5.783244946364939,0.0,21.899351412323583,0.0,0.0,72.79640482153933,0.0,0.0,0.0,0.0,12.28998441043084,2.251289630049551,1.4654454837490554,0.07069727891156496,23.255916530192323,0.0,0.0,0.0,0.0,18,0,1,0,0,0,3,0,3,1,0,1,2,3,4.070800000000003,73.82250000000003,0,0,1,1,0,0,0,0,0,0,3,1,0,0,1,0,0,0,Alc1,OC(CC1=CC=CC=C1)C2=CC=C(C(OC)=O)C=C2,11.300882193186936,-0.5749102418745282,11.300882193186936,0.3712044724021635,0.8555190559485526,256.30099999999993,240.17299999999994,256.10994437200003,98,0.33734179298009886,-0.4654175212523233,0.4654175212523233,0.33734179298009886,1.105263157894737,1.736842105263158,2.3157894736842106,16.523293378425766,10.003236877957912,2.100617014517665,-2.111125286046951,2.185198707818772,-2.040609496672206,5.887593188002341,0.06002383438700396,2.073681425115431,531.6803207544581,13.664925939000156,10.74431964951049,10.74431964951049,9.202708600407233,6.107223093895716,6.107223093895716,4.31911057255133,4.31911057255133,2.9884308157697754,2.9884308157697754,1.9144073831934183,1.9144073831934183,-2.1299999999999994,25130.041075738343,13.30515171594639,6.15877056967385,3.421837675345536,112.01756686489409,9.843390348640755,0.0,0.0,0.0,5.969305287951849,4.794537184071822,0.0,42.46456947923127,23.259637120317212,6.4208216229260096,18.777215420722833,14.637927532712578,5.969305287951849,12.524788010674312,7.109797541277533,71.28765809124549,0.0,0.0,0.0,0.0,18.18563022407009,11.157684576726059,0.0,27.58885804691111,54.59730361615449,0.0,46.53,6.103966387748303,9.901064578912528,5.969305287951849,11.984273114623004,11.126902983393991,7.109797541277533,24.26546827384644,30.33183534230805,4.736862953800049,0.0,4.63082306110129,0.0,11.300882193186936,10.144462317334341,2.3488071092634595,-0.3712044724021635,16.619447777784718,-0.020931201184178128,0.0,1.347713214915596,0.1875,19,1,3,0,0,2,0,2,3,1,3,4,2,2.7493000000000007,72.88730000000004,1,1,1,1,0,2,0,1,1,1,0,0
PC13,O=C(C1=CC(C=CC=C2)=C2C=C1)C3=CC=CC=C3,12.28998441043084,0.07069727891156496,12.28998441043084,0.07069727891156496,0.6085507183252764,232.282,220.18599999999995,232.088815004,86,0.19254210504270847,-0.2886155685657239,0.2886155685657239,0.19254210504270847,0.6111111111111112,1.2777777777777777,2.0555555555555554,16.138272528689736,10.000312974195607,2.079009195022772,-2.0287462040487774,2.1754723466480055,-1.999229643391427,6.101205293079478,0.10341650668146875,2.0715297692545445,698.8917112285508,12.372032720186704,9.836451520739375,9.836451520739375,8.84333659290053,5.9301918886571015,5.9301918886571015,4.257079366224633,4.257079366224633,3.047632077603778,3.047632077603778,2.0867537274333223,2.0867537274333223,-2.4099999999999993,23536.829279105106,10.725684553830362,4.456327990512481,1.9091977297287808,105.69662607173659,0.0,0.0,5.783244946364939,0.0,0.0,4.794537184071822,0.0,0.0,66.73003775307771,16.838815497391202,11.126902983393991,0.0,4.794537184071822,16.55569337529453,0.0,0.0,0.0,83.92330780493333,0.0,0.0,0.0,0.0,0.0,5.783244946364939,0.0,15.921440167465814,72.79640482153933,0.0,10.772448428929591,17.07,0.0,4.794537184071822,5.783244946364939,0.0,21.899351412323583,0.0,0.0,72.79640482153933,0.0,0.0,0.0,0.0,12.28998441043084,2.251289630049551,1.4654454837490554,0.07069727891156496,23.255916530192323,0.0,0.0,0.0,0.0,18,0,1,0,0,0,3,0,3,1,0,1,2,3,4.070800000000003,73.82250000000003,0,0,1,1,0,0,0,0,0,0,3,1,0,0,1,0,0,0,Alc2,OC(CC1=CC=CC=C1)C2=CC=CC=C2,9.973947467876041,-0.40870370370370424,9.973947467876041,0.40870370370370424,0.8035051734358308,198.265,184.15299999999996,198.104465068,76,0.08298804952950145,-0.3880720436533714,0.3880720436533714,0.08298804952950145,0.8,1.3333333333333333,1.9333333333333333,16.266076170609406,10.017292443134783,2.0630459693402803,-2.099774890735418,2.1679020868127488,-2.0051469961497723,5.216146633482743,0.17822792250631558,2.0784516078094564,394.1985815306015,10.510225400620904,8.50517333777239,8.50517333777239,7.360173345306137,5.13004291044503,5.13004291044503,3.6162040833489484,3.6162040833489484,2.4562220383138484,2.4562220383138484,1.6303928292672958,1.6303928292672958,-1.5999999999999996,4035.3008467528234,9.936265432098764,4.759877126654065,2.6729591836734703,90.01261530655025,5.106527394840706,0.0,0.0,0.0,0.0,0.0,0.0,60.6636706846161,11.126902983393991,6.4208216229260096,6.103966387748303,5.106527394840706,0.0,12.524788010674312,0.0,71.7905736680101,0.0,0.0,0.0,0.0,5.106527394840706,6.4208216229260096,0.0,17.230869371142294,60.6636706846161,0.0,20.23,6.103966387748303,5.106527394840706,0.0,6.4208216229260096,11.126902983393991,0.0,0.0,60.6636706846161,0.0,0.0,0.0,0.0,0.0,9.973947467876041,2.1344501133786853,0.0,19.795491307634165,0.2627777777777772,0.0,0.0,0.14285714285714285,15,1,1,0,0,2,0,2,1,1,1,3,2,2.9627000000000008,61.54780000000004,1,1,0,0,0,2,0,0,0,0,0,0
PC13,O=C(C1=CC(C=CC=C2)=C2C=C1)C3=CC=CC=C3,12.28998441043084,0.07069727891156496,12.28998441043084,0.07069727891156496,0.6085507183252764,232.282,220.18599999999995,232.088815004,86,0.19254210504270847,-0.2886155685657239,0.2886155685657239,0.19254210504270847,0.6111111111111112,1.2777777777777777,2.0555555555555554,16.138272528689736,10.000312974195607,2.079009195022772,-2.0287462040487774,2.1754723466480055,-1.999229643391427,6.101205293079478,0.10341650668146875,2.0715297692545445,698.8917112285508,12.372032720186704,9.836451520739375,9.836451520739375,8.84333659290053,5.9301918886571015,5.9301918886571015,4.257079366224633,4.257079366224633,3.047632077603778,3.047632077603778,2.0867537274333223,2.0867537274333223,-2.4099999999999993,23536.829279105106,10.725684553830362,4.456327990512481,1.9091977297287808,105.69662607173659,0.0,0.0,5.783244946364939,0.0,0.0,4.794537184071822,0.0,0.0,66.73003775307771,16.838815497391202,11.126902983393991,0.0,4.794537184071822,16.55569337529453,0.0,0.0,0.0,83.92330780493333,0.0,0.0,0.0,0.0,0.0,5.783244946364939,0.0,15.921440167465814,72.79640482153933,0.0,10.772448428929591,17.07,0.0,4.794537184071822,5.783244946364939,0.0,21.899351412323583,0.0,0.0,72.79640482153933,0.0,0.0,0.0,0.0,12.28998441043084,2.251289630049551,1.4654454837490554,0.07069727891156496,23.255916530192323,0.0,0.0,0.0,0.0,18,0,1,0,0,0,3,0,3,1,0,1,2,3,4.070800000000003,73.82250000000003,0,0,1,1,0,0,0,0,0,0,3,1,0,0,1,0,0,0,Alc3,OC(CC1=CC=CC=C1)C2=CC=C(C3=CC=CC=C3)C=C2,10.335407533383725,-0.46090429999160243,10.335407533383725,0.46090429999160243,0.7351163069128532,274.363,256.21899999999994,274.135765196,104,0.08298875307923671,-0.388072037808165,0.388072037808165,0.08298875307923671,0.6190476190476191,1.1428571428571428,1.7619047619047619,16.266083292964606,9.982653573837602,2.0818451903734125,-2.1170537852257123,2.231560758845956,-2.009876154068321,5.629945446690994,0.17824227821530972,1.7483318000385286,672.0487817325015,14.493353063746348,11.814574414530895,11.814574414530895,10.326499840494922,7.2014101154909484,7.2014101154909484,5.193554352538573,5.193554352538573,3.674455551106933,3.674455551106933,2.483526521520132,2.483526521520132,-2.379999999999999,104293.42426850586,13.596094137037953,6.379998762558589,3.3882865583782404,125.06970951261428,5.106527394840706,0.0,0.0,0.0,0.0,0.0,0.0,84.92913895846256,22.253805966787983,6.4208216229260096,6.103966387748303,5.106527394840706,0.0,12.524788010674312,0.0,96.05604194185656,11.126902983393991,0.0,0.0,0.0,5.106527394840706,6.4208216229260096,0.0,17.230869371142294,84.92913895846256,11.126902983393991,20.23,6.103966387748303,5.106527394840706,0.0,6.4208216229260096,11.126902983393991,11.126902983393991,0.0,60.6636706846161,24.26546827384644,0.0,0.0,0.0,0.0,10.335407533383725,4.475491082490542,0.0,28.505636982933158,0.1834644011925748,0.0,0.0,0.1,21,1,1,0,0,3,0,3,1,1,1,4,3,4.629700000000004,86.98380000000003,1,1,0,0,0,3,0,0,0,0,0,0
PC13,O=C(C1=CC(C=CC=C2)=C2C=C1)C3=CC=CC=C3,12.28998441043084,0.07069727891156496,12.28998441043084,0.07069727891156496,0.6085507183252764,232.282,220.18599999999995,232.088815004,86,0.19254210504270847,-0.2886155685657239,0.2886155685657239,0.19254210504270847,0.6111111111111112,1.2777777777777777,2.0555555555555554,16.138272528689736,10.000312974195607,2.079009195022772,-2.0287462040487774,2.1754723466480055,-1.999229643391427,6.101205293079478,0.10341650668146875,2.0715297692545445,698.8917112285508,12.372032720186704,9.836451520739375,9.836451520739375,8.84333659290053,5.9301918886571015,5.9301918886571015,4.257079366224633,4.257079366224633,3.047632077603778,3.047632077603778,2.0867537274333223,2.0867537274333223,-2.4099999999999993,23536.829279105106,10.725684553830362,4.456327990512481,1.9091977297287808,105.69662607173659,0.0,0.0,5.783244946364939,0.0,0.0,4.794537184071822,0.0,0.0,66.73003775307771,16.838815497391202,11.126902983393991,0.0,4.794537184071822,16.55569337529453,0.0,0.0,0.0,83.92330780493333,0.0,0.0,0.0,0.0,0.0,5.783244946364939,0.0,15.921440167465814,72.79640482153933,0.0,10.772448428929591,17.07,0.0,4.794537184071822,5.783244946364939,0.0,21.899351412323583,0.0,0.0,72.79640482153933,0.0,0.0,0.0,0.0,12.28998441043084,2.251289630049551,1.4654454837490554,0.07069727891156496,23.255916530192323,0.0,0.0,0.0,0.0,18,0,1,0,0,0,3,0,3,1,0,1,2,3,4.070800000000003,73.82250000000003,0,0,1,1,0,0,0,0,0,0,3,1,0,0,1,0,0,0,Alc4,OC(CC1=CC=CC=C1)C2=CC=C(C)C=C2,10.064839380196524,-0.41388888888888964,10.064839380196524,0.41388888888888964,0.827496933605173,212.29199999999997,196.16399999999996,212.120115132,82,0.0829883747658443,-0.38807204092055403,0.38807204092055403,0.0829883747658443,0.9375,1.5625,2.1875,16.266078389325447,10.006289195538882,2.069742142147314,-2.1072106640509842,2.1789660783789326,-2.009250363373895,5.250301887094522,0.17821400361845985,2.085070944860585,430.75194762320365,11.380468888623982,9.427823068582764,9.427823068582764,7.7540201954234895,5.54072651296799,5.54072651296799,4.116204083348947,4.116204083348947,2.7339998160916257,2.7339998160916257,1.7438068228410388,1.7438068228410388,-1.5999999999999996,5689.016293492532,10.902614268848035,4.950941945405614,2.7067723730180067,96.37755742094683,5.106527394840706,0.0,0.0,0.0,0.0,0.0,0.0,60.160755107851486,18.050640183084617,6.4208216229260096,6.103966387748303,5.106527394840706,0.0,19.448525210364934,0.0,71.28765809124549,0.0,0.0,0.0,0.0,5.106527394840706,6.4208216229260096,6.923737199690624,22.79432086283929,54.59730361615449,0.0,20.23,6.103966387748303,5.106527394840706,0.0,6.4208216229260096,11.126902983393991,5.563451491696996,0.0,61.52104081584511,0.0,0.0,0.0,0.0,0.0,10.064839380196524,3.3617492336440753,0.0,18.10113200218359,0.25664777021919793,2.048964947089947,0.0,0.2,16,1,1,0,0,2,0,2,1,1,1,3,2,3.2711200000000016,66.28480000000003,1,1,0,0,1,2,0,0,0,0,0,0
PC13,O=C(C1=CC(C=CC=C2)=C2C=C1)C3=CC=CC=C3,12.28998441043084,0.07069727891156496,12.28998441043084,0.07069727891156496,0.6085507183252764,232.282,220.18599999999995,232.088815004,86,0.19254210504270847,-0.2886155685657239,0.2886155685657239,0.19254210504270847,0.6111111111111112,1.2777777777777777,2.0555555555555554,16.138272528689736,10.000312974195607,2.079009195022772,-2.0287462040487774,2.1754723466480055,-1.999229643391427,6.101205293079478,0.10341650668146875,2.0715297692545445,698.8917112285508,12.372032720186704,9.836451520739375,9.836451520739375,8.84333659290053,5.9301918886571015,5.9301918886571015,4.257079366224633,4.257079366224633,3.047632077603778,3.047632077603778,2.0867537274333223,2.0867537274333223,-2.4099999999999993,23536.829279105106,10.725684553830362,4.456327990512481,1.9091977297287808,105.69662607173659,0.0,0.0,5.783244946364939,0.0,0.0,4.794537184071822,0.0,0.0,66.73003775307771,16.838815497391202,11.126902983393991,0.0,4.794537184071822,16.55569337529453,0.0,0.0,0.0,83.92330780493333,0.0,0.0,0.0,0.0,0.0,5.783244946364939,0.0,15.921440167465814,72.79640482153933,0.0,10.772448428929591,17.07,0.0,4.794537184071822,5.783244946364939,0.0,21.899351412323583,0.0,0.0,72.79640482153933,0.0,0.0,0.0,0.0,12.28998441043084,2.251289630049551,1.4654454837490554,0.07069727891156496,23.255916530192323,0.0,0.0,0.0,0.0,18,0,1,0,0,0,3,0,3,1,0,1,2,3,4.070800000000003,73.82250000000003,0,0,1,1,0,0,0,0,0,0,3,1,0,0,1,0,0,0,Alc5,OC(CC1=CC=CC=C1)C2=CC=C(OC)C=C2,10.096727135298565,-0.4691609977324269,10.096727135298565,0.4691609977324269,0.8713621378125769,228.29099999999997,212.16299999999995,228.115029752,88,0.1183810048644517,-0.4967681917897237,0.4967681917897237,0.1183810048644517,1.0,1.6470588235294117,2.235294117647059,16.465293963471616,10.014481763052645,2.0766339002525425,-2.1114630586776655,2.2033628169898027,-2.0103111679180383,5.291757736922201,0.17813111737507337,2.062926536206509,448.10785282653126,12.08757566981053,9.836071359046628,9.836071359046628,8.292024997884274,5.653098948663784,5.653098948663784,3.9786802197867686,3.9786802197867686,2.772451506641763,2.772451506641763,1.7812643014063039,1.7812643014063039,-1.7999999999999998,10090.555572179177,11.678585581466239,5.50509077963688,3.0789697570071675,101.49110265045373,9.843390348640755,5.749511833283905,0.0,0.0,0.0,0.0,0.0,42.46456947923127,23.259637120317212,6.4208216229260096,13.213763929025836,9.843390348640755,0.0,12.524788010674312,7.109797541277533,65.72420659954848,5.749511833283905,4.736862953800049,5.749511833283905,0.0,12.216324936118239,6.4208216229260096,0.0,17.230869371142294,54.59730361615449,0.0,29.46,6.103966387748303,5.106527394840706,0.0,6.4208216229260096,16.876414816677897,0.0,7.109797541277533,54.59730361615449,0.0,4.736862953800049,5.085560668137779,0.0,0.0,10.096727135298565,2.0467325155370792,0.8061676954732513,17.500864937598344,0.16295091647770144,0.0,1.6343294648106155,0.2,17,1,2,0,0,2,0,2,2,1,2,4,2,2.971300000000001,68.09980000000004,1,1,0,0,0,2,0,0,1,1,0,0
PC13,O=C(C1=CC(C=CC=C2)=C2C=C1)C3=CC=CC=C3,12.28998441043084,0.07069727891156496,12.28998441043084,0.07069727891156496,0.6085507183252764,232.282,220.18599999999995,232.088815004,86,0.19254210504270847,-0.2886155685657239,0.2886155685657239,0.19254210504270847,0.6111111111111112,1.2777777777777777,2.0555555555555554,16.138272528689736,10.000312974195607,2.079009195022772,-2.0287462040487774,2.1754723466480055,-1.999229643391427,6.101205293079478,0.10341650668146875,2.0715297692545445,698.8917112285508,12.372032720186704,9.836451520739375,9.836451520739375,8.84333659290053,5.9301918886571015,5.9301918886571015,4.257079366224633,4.257079366224633,3.047632077603778,3.047632077603778,2.0867537274333223,2.0867537274333223,-2.4099999999999993,23536.829279105106,10.725684553830362,4.456327990512481,1.9091977297287808,105.69662607173659,0.0,0.0,5.783244946364939,0.0,0.0,4.794537184071822,0.0,0.0,66.73003775307771,16.838815497391202,11.126902983393991,0.0,4.794537184071822,16.55569337529453,0.0,0.0,0.0,83.92330780493333,0.0,0.0,0.0,0.0,0.0,5.783244946364939,0.0,15.921440167465814,72.79640482153933,0.0,10.772448428929591,17.07,0.0,4.794537184071822,5.783244946364939,0.0,21.899351412323583,0.0,0.0,72.79640482153933,0.0,0.0,0.0,0.0,12.28998441043084,2.251289630049551,1.4654454837490554,0.07069727891156496,23.255916530192323,0.0,0.0,0.0,0.0,18,0,1,0,0,0,3,0,3,1,0,1,2,3,4.070800000000003,73.82250000000003,0,0,1,1,0,0,0,0,0,0,3,1,0,0,1,0,0,0,Alc6,OC(CC1=CC=CC=C1)C2=CC=C(OC)C(OC)=C2,10.261137566137567,-0.5535128495842787,10.261137566137567,0.5535128495842787,0.8956990875329504,258.31699999999995,240.17299999999994,258.12559443600003,100,0.16058453750747206,-0.4928699503057866,0.4928699503057866,0.16058453750747206,0.9473684210526315,1.631578947368421,2.263157894736842,16.507840676524992,10.009678695325208,2.1172434065020065,-2.139118621146542,2.3039729637253057,-2.023299718872896,5.433081291348095,0.17759935416267483,2.170628055604028,522.7721843403044,13.664925939000156,11.166969380320865,11.166969380320865,9.240713402868018,6.182138051026246,6.182138051026246,4.319941212142852,4.319941212142852,3.0642462362819742,3.0642462362819742,2.0152864579650367,2.0152864579650367,-2.0,25290.518080230475,13.432098765432098,6.25,3.263267429760666,112.96958999435721,14.580253302440804,0.0,11.49902366656781,0.0,0.0,0.0,0.0,36.39820241076966,23.259637120317212,6.4208216229260096,20.323561470303368,14.580253302440804,0.0,12.524788010674312,14.219595082555067,59.65783953108687,11.49902366656781,9.473725907600098,11.49902366656781,0.0,19.32612247739577,6.4208216229260096,0.0,17.230869371142294,48.53093654769288,0.0,38.69,6.103966387748303,5.106527394840706,0.0,17.919845289493818,11.126902983393991,0.0,14.219595082555067,48.53093654769288,0.0,9.473725907600098,10.423739523013062,0.0,0.0,10.261137566137567,1.922488845846981,1.296548878810784,15.3862476431497,0.0261727607709743,0.0,3.1836647822709327,0.25,19,1,3,0,0,2,0,2,3,1,3,5,2,2.9799000000000015,74.65180000000005,1,1,0,0,0,2,0,0,2,2,0,0
PC13,O=C(C1=CC(C=CC=C2)=C2C=C1)C3=CC=CC=C3,12.28998441043084,0.07069727891156496,12.28998441043084,0.07069727891156496,0.6085507183252764,232.282,220.18599999999995,232.088815004,86,0.19254210504270847,-0.2886155685657239,0.2886155685657239,0.19254210504270847,0.6111111111111112,1.2777777777777777,2.0555555555555554,16.138272528689736,10.000312974195607,2.079009195022772,-2.0287462040487774,2.1754723466480055,-1.999229643391427,6.101205293079478,0.10341650668146875,2.0715297692545445,698.8917112285508,12.372032720186704,9.836451520739375,9.836451520739375,8.84333659290053,5.9301918886571015,5.9301918886571015,4.257079366224633,4.257079366224633,3.047632077603778,3.047632077603778,2.0867537274333223,2.0867537274333223,-2.4099999999999993,23536.829279105106,10.725684553830362,4.456327990512481,1.9091977297287808,105.69662607173659,0.0,0.0,5.783244946364939,0.0,0.0,4.794537184071822,0.0,0.0,66.73003775307771,16.838815497391202,11.126902983393991,0.0,4.794537184071822,16.55569337529453,0.0,0.0,0.0,83.92330780493333,0.0,0.0,0.0,0.0,0.0,5.783244946364939,0.0,15.921440167465814,72.79640482153933,0.0,10.772448428929591,17.07,0.0,4.794537184071822,5.783244946364939,0.0,21.899351412323583,0.0,0.0,72.79640482153933,0.0,0.0,0.0,0.0,12.28998441043084,2.251289630049551,1.4654454837490554,0.07069727891156496,23.255916530192323,0.0,0.0,0.0,0.0,18,0,1,0,0,0,3,0,3,1,0,1,2,3,4.070800000000003,73.82250000000003,0,0,1,1,0,0,0,0,0,0,3,1,0,0,1,0,0,0,Alc7,OC(CC1=CC=CC=C1)C2=C(OC)C=CC=C2OC,10.43783635676493,-0.6587962962962965,10.43783635676493,0.5253703703703706,0.8956990875329504,258.31699999999995,240.17299999999994,258.12559443600003,100,0.12790209537997485,-0.49622875863680643,0.49622875863680643,0.12790209537997485,0.8947368421052632,1.4736842105263157,2.0,16.477976847424276,9.995068210762046,2.1838950809298114,-2.1766985532877468,2.348905965119941,-2.0598899020398505,5.4636733049682915,0.16908465638196046,2.2969656304417856,500.52218434030453,13.664925939000156,11.166969380320865,11.166969380320865,9.257550155273625,6.1881211151699524,6.1881211151699524,4.281728869170134,4.281728869170134,3.0710430404017512,3.0710430404017512,2.147725380294945,2.147725380294945,-1.9999999999999998,25369.482589932766,13.432098765432098,6.25,3.0625,112.9695899943572,14.580253302440804,11.49902366656781,0.0,0.0,0.0,0.0,0.0,36.39820241076966,17.696185628620217,6.4208216229260096,25.887012962000366,14.580253302440804,0.0,12.524788010674312,14.219595082555067,59.65783953108687,11.49902366656781,9.473725907600098,11.49902366656781,0.0,19.32612247739577,6.4208216229260096,0.0,17.230869371142294,48.53093654769288,0.0,38.69,6.103966387748303,5.106527394840706,0.0,23.483296781190813,5.563451491696996,0.0,14.219595082555067,48.53093654769288,0.0,9.473725907600098,10.613328609221465,0.0,0.0,10.43783635676493,1.7632520786092218,1.2829280045351479,15.354512471655326,-0.13342592592592595,0.0,3.1815684051398336,0.25,19,1,3,0,0,2,0,2,3,1,3,5,2,2.9799000000000015,74.65180000000005,1,1,0,0,0,2,0,0,2,2,0,0
PC13,O=C(C1=CC(C=CC=C2)=C2C=C1)C3=CC=CC=C3,12.28998441043084,0.07069727891156496,12.28998441043084,0.07069727891156496,0.6085507183252764,232.282,220.18599999999995,232.088815004,86,0.19254210504270847,-0.2886155685657239,0.2886155685657239,0.19254210504270847,0.6111111111111112,1.2777777777777777,2.0555555555555554,16.138272528689736,10.000312974195607,2.079009195022772,-2.0287462040487774,2.1754723466480055,-1.999229643391427,6.101205293079478,0.10341650668146875,2.0715297692545445,698.8917112285508,12.372032720186704,9.836451520739375,9.836451520739375,8.84333659290053,5.9301918886571015,5.9301918886571015,4.257079366224633,4.257079366224633,3.047632077603778,3.047632077603778,2.0867537274333223,2.0867537274333223,-2.4099999999999993,23536.829279105106,10.725684553830362,4.456327990512481,1.9091977297287808,105.69662607173659,0.0,0.0,5.783244946364939,0.0,0.0,4.794537184071822,0.0,0.0,66.73003775307771,16.838815497391202,11.126902983393991,0.0,4.794537184071822,16.55569337529453,0.0,0.0,0.0,83.92330780493333,0.0,0.0,0.0,0.0,0.0,5.783244946364939,0.0,15.921440167465814,72.79640482153933,0.0,10.772448428929591,17.07,0.0,4.794537184071822,5.783244946364939,0.0,21.899351412323583,0.0,0.0,72.79640482153933,0.0,0.0,0.0,0.0,12.28998441043084,2.251289630049551,1.4654454837490554,0.07069727891156496,23.255916530192323,0.0,0.0,0.0,0.0,18,0,1,0,0,0,3,0,3,1,0,1,2,3,4.070800000000003,73.82250000000003,0,0,1,1,0,0,0,0,0,0,3,1,0,0,1,0,0,0,Alc8,OC(CC1=CC=CC=C1)(C)C2=CC=C(OC)C=C2,10.562004913076343,-0.8674357520786091,10.562004913076343,0.5973896919879061,0.8921056666605938,242.31799999999996,224.17399999999995,242.130679816,94,0.11838137186134988,-0.4967681887289843,0.4967681887289843,0.11838137186134988,1.0,1.6111111111111112,2.1666666666666665,16.465304335878308,9.889503760970026,2.22797150875665,-2.2385349345184125,2.2631394577439528,-2.2362172676827443,5.316379902260567,0.057569130157961716,2.1884279567800498,486.2652269194349,13.010225400620904,10.758721089857001,10.758721089857001,8.615321630085539,6.025136822201199,6.025136822201199,4.664730960695685,4.664730960695685,3.103088053135465,3.103088053135465,2.045469160275508,2.045469160275508,-1.7999999999999998,13287.836301449152,12.651595457003785,5.233467659312888,2.90182022893601,107.85604476485034,9.843390348640755,5.749511833283905,0.0,0.0,0.0,0.0,0.0,42.46456947923127,30.183374320007832,6.4208216229260096,12.710848352261221,9.843390348640755,0.0,18.94560963360032,7.109797541277533,65.72420659954848,5.749511833283905,4.736862953800049,5.749511833283905,0.0,12.216324936118239,12.021872433909698,0.0,18.050640183084614,54.59730361615449,0.0,29.46,5.601050810983688,5.106527394840706,0.0,6.4208216229260096,16.876414816677897,0.0,7.109797541277533,61.52104081584511,0.0,4.736862953800049,5.118487727850552,0.0,0.0,10.562004913076343,1.1515189856806924,0.8002417695473254,17.549198270931676,0.5973896919879061,1.8351284958427816,1.6360301450827244,0.25,18,1,2,0,0,2,0,2,2,1,2,4,2,3.1454000000000013,72.71080000000005,1,0,0,0,0,2,0,0,1,1,0,0
PC13,O=C(C1=CC(C=CC=C2)=C2C=C1)C3=CC=CC=C3,12.28998441043084,0.07069727891156496,12.28998441043084,0.07069727891156496,0.6085507183252764,232.282,220.18599999999995,232.088815004,86,0.19254210504270847,-0.2886155685657239,0.2886155685657239,0.19254210504270847,0.6111111111111112,1.2777777777777777,2.0555555555555554,16.138272528689736,10.000312974195607,2.079009195022772,-2.0287462040487774,2.1754723466480055,-1.999229643391427,6.101205293079478,0.10341650668146875,2.0715297692545445,698.8917112285508,12.372032720186704,9.836451520739375,9.836451520739375,8.84333659290053,5.9301918886571015,5.9301918886571015,4.257079366224633,4.257079366224633,3.047632077603778,3.047632077603778,2.0867537274333223,2.0867537274333223,-2.4099999999999993,23536.829279105106,10.725684553830362,4.456327990512481,1.9091977297287808,105.69662607173659,0.0,0.0,5.783244946364939,0.0,0.0,4.794537184071822,0.0,0.0,66.73003775307771,16.838815497391202,11.126902983393991,0.0,4.794537184071822,16.55569337529453,0.0,0.0,0.0,83.92330780493333,0.0,0.0,0.0,0.0,0.0,5.783244946364939,0.0,15.921440167465814,72.79640482153933,0.0,10.772448428929591,17.07,0.0,4.794537184071822,5.783244946364939,0.0,21.899351412323583,0.0,0.0,72.79640482153933,0.0,0.0,0.0,0.0,12.28998441043084,2.251289630049551,1.4654454837490554,0.07069727891156496,23.255916530192323,0.0,0.0,0.0,0.0,18,0,1,0,0,0,3,0,3,1,0,1,2,3,4.070800000000003,73.82250000000003,0,0,1,1,0,0,0,0,0,0,3,1,0,0,1,0,0,0,Alc9,OC(CC1=CC=CC=C1)(C)C2=CC(OC)=C(OC)C=C2,10.726415343915345,-0.9574357520786094,10.726415343915345,0.5449633881330308,0.9083721892957952,272.34399999999994,252.18399999999994,272.1412445,106,0.16059535666137958,-0.4928699470920177,0.4928699470920177,0.16059535666137958,0.95,1.6,2.2,16.507863905067826,9.886714685339358,2.2446519921947496,-2.246767402855474,2.332200446601139,-2.238535516915506,5.443974299613938,0.05730381851548327,2.2900575453340792,561.7027291484295,14.58757566981053,12.089619111131238,12.089619111131238,9.564010035069282,6.554175924563661,6.554175924563661,5.005991953051767,5.005991953051767,3.3966099446226505,3.3966099446226505,2.2666261378643466,2.2666261378643466,-2.0,33330.10718164373,14.409972299168976,5.969821673525377,3.114186851211073,119.3345321087538,14.580253302440804,0.0,11.49902366656781,0.0,0.0,0.0,0.0,36.39820241076966,30.183374320007832,6.4208216229260096,19.820645893538753,14.580253302440804,0.0,18.94560963360032,14.219595082555067,59.65783953108687,11.49902366656781,9.473725907600098,11.49902366656781,0.0,19.32612247739577,12.021872433909698,0.0,18.050640183084614,48.53093654769288,0.0,38.69,5.601050810983688,5.106527394840706,0.0,17.919845289493818,11.126902983393991,0.0,21.14333228224569,48.53093654769288,0.0,9.473725907600098,10.501666582725836,0.0,0.0,10.726415343915345,0.937275315990594,1.2824979528848581,15.429372643149698,0.5449633881330308,1.8067951625094483,3.187680277357857,0.29411764705882354,20,1,3,0,0,2,0,2,3,1,3,5,2,3.1540000000000017,79.26280000000006,1,0,0,0,0,2,0,0,2,2,0,1
PC13,O=C(C1=CC(C=CC=C2)=C2C=C1)C3=CC=CC=C3,12.28998441043084,0.07069727891156496,12.28998441043084,0.07069727891156496,0.6085507183252764,232.282,220.18599999999995,232.088815004,86,0.19254210504270847,-0.2886155685657239,0.2886155685657239,0.19254210504270847,0.6111111111111112,1.2777777777777777,2.0555555555555554,16.138272528689736,10.000312974195607,2.079009195022772,-2.0287462040487774,2.1754723466480055,-1.999229643391427,6.101205293079478,0.10341650668146875,2.0715297692545445,698.8917112285508,12.372032720186704,9.836451520739375,9.836451520739375,8.84333659290053,5.9301918886571015,5.9301918886571015,4.257079366224633,4.257079366224633,3.047632077603778,3.047632077603778,2.0867537274333223,2.0867537274333223,-2.4099999999999993,23536.829279105106,10.725684553830362,4.456327990512481,1.9091977297287808,105.69662607173659,0.0,0.0,5.783244946364939,0.0,0.0,4.794537184071822,0.0,0.0,66.73003775307771,16.838815497391202,11.126902983393991,0.0,4.794537184071822,16.55569337529453,0.0,0.0,0.0,83.92330780493333,0.0,0.0,0.0,0.0,0.0,5.783244946364939,0.0,15.921440167465814,72.79640482153933,0.0,10.772448428929591,17.07,0.0,4.794537184071822,5.783244946364939,0.0,21.899351412323583,0.0,0.0,72.79640482153933,0.0,0.0,0.0,0.0,12.28998441043084,2.251289630049551,1.4654454837490554,0.07069727891156496,23.255916530192323,0.0,0.0,0.0,0.0,18,0,1,0,0,0,3,0,3,1,0,1,2,3,4.070800000000003,73.82250000000003,0,0,1,1,0,0,0,0,0,0,3,1,0,0,1,0,0,0,Alc10,OC(CC1=CC=CC=C1)C2=CC=CS2,9.873253023431594,-0.363518518518519,9.873253023431594,0.363518518518519,0.8144390837938148,204.29399999999998,192.19799999999998,204.060886004,72,0.09216528017574561,-0.3872321395951382,0.3872321395951382,0.09216528017574561,1.0714285714285714,1.8571428571428572,2.5,32.13347351704487,10.076452642388125,2.0789213690058697,-2.072307396572147,2.2167942612728524,-1.9832437646643386,7.095204082273813,0.18207119399780475,2.0553179911767563,366.484957172308,9.803118619434356,7.758721089857002,8.575217670784728,6.860173345306137,4.614527514810998,5.4941803260658935,3.2209400579704255,4.200212366132882,2.1434838152946787,3.117025631515786,1.418819851357115,2.130640812291436,-1.1199999999999999,3066.3242502334906,9.435606308498535,4.39885050222963,2.218442359688379,87.65297857696171,5.106527394840706,0.0,0.0,0.0,0.0,0.0,11.336785877934737,36.39820241076966,17.00988133062452,11.297968816627309,6.103966387748303,5.106527394840706,11.336785877934737,12.524788010674312,0.0,58.28523093509548,0.0,0.0,0.0,11.336785877934737,5.106527394840706,6.4208216229260096,0.0,16.5445650731466,47.844632249697185,0.0,20.23,0.0,5.106527394840706,6.103966387748303,6.4208216229260096,4.877147193701299,5.563451491696996,11.336785877934737,47.844632249697185,0.0,0.0,0.0,1.6002690381708238,1.0359750566893426,11.862882653061224,1.1744444444444446,0.0,13.994160289115648,0.3322685185185179,0.0,0.0,0.16666666666666666,14,1,1,0,0,1,1,2,2,1,2,3,2,3.0242000000000013,59.42480000000003,1,1,0,0,0,1,0,0,0,0,1,0
PC13,O=C(C1=CC(C=CC=C2)=C2C=C1)C3=CC=CC=C3,12.28998441043084,0.07069727891156496,12.28998441043084,0.07069727891156496,0.6085507183252764,232.282,220.18599999999995,232.088815004,86,0.19254210504270847,-0.2886155685657239,0.2886155685657239,0.19254210504270847,0.6111111111111112,1.2777777777777777,2.0555555555555554,16.138272528689736,10.000312974195607,2.079009195022772,-2.0287462040487774,2.1754723466480055,-1.999229643391427,6.101205293079478,0.10341650668146875,2.0715297692545445,698.8917112285508,12.372032720186704,9.836451520739375,9.836451520739375,8.84333659290053,5.9301918886571015,5.9301918886571015,4.257079366224633,4.257079366224633,3.047632077603778,3.047632077603778,2.0867537274333223,2.0867537274333223,-2.4099999999999993,23536.829279105106,10.725684553830362,4.456327990512481,1.9091977297287808,105.69662607173659,0.0,0.0,5.783244946364939,0.0,0.0,4.794537184071822,0.0,0.0,66.73003775307771,16.838815497391202,11.126902983393991,0.0,4.794537184071822,16.55569337529453,0.0,0.0,0.0,83.92330780493333,0.0,0.0,0.0,0.0,0.0,5.783244946364939,0.0,15.921440167465814,72.79640482153933,0.0,10.772448428929591,17.07,0.0,4.794537184071822,5.783244946364939,0.0,21.899351412323583,0.0,0.0,72.79640482153933,0.0,0.0,0.0,0.0,12.28998441043084,2.251289630049551,1.4654454837490554,0.07069727891156496,23.255916530192323,0.0,0.0,0.0,0.0,18,0,1,0,0,0,3,0,3,1,0,1,2,3,4.070800000000003,73.82250000000003,0,0,1,1,0,0,0,0,0,0,3,1,0,0,1,0,0,0,Alc11,OC(CC1=CC=CC=C1)C2=CC=C3C(C=CC=C3)=C2,10.333416477702194,-0.45184618291761214,10.333416477702194,0.45184618291761214,0.7390124361646712,248.325,232.19699999999995,248.120115132,94,0.08300986627191954,-0.3880716629573365,0.3880716629573365,0.08300986627191954,0.7368421052631579,1.4210526315789473,2.210526315789474,16.266084676889072,9.986417291736672,2.0837478242584777,-2.1170473119725113,2.22495003462181,-2.010327051240819,5.8258821301024994,0.17837975584231427,1.8694641546477884,673.3497852752665,13.079139501373252,10.659873876151643,10.659873876151643,9.326499840494922,6.534743448824282,6.534743448824282,4.812108496772772,4.812108496772772,3.4301714223830455,3.4301714223830455,2.370271692755298,2.370271692755298,-2.119999999999999,36765.486524452244,11.941790792875613,5.2496193822875306,2.665278690398365,112.69427983828544,5.106527394840706,0.0,0.0,0.0,0.0,0.0,0.0,66.73003775307771,27.965718480785192,6.4208216229260096,6.103966387748303,5.106527394840706,10.772448428929591,12.524788010674312,0.0,83.92330780493333,0.0,0.0,0.0,0.0,5.106527394840706,6.4208216229260096,0.0,17.230869371142294,72.79640482153933,10.772448428929591,20.23,6.103966387748303,5.106527394840706,0.0,6.4208216229260096,11.126902983393991,10.772448428929591,0.0,48.53093654769288,24.26546827384644,0.0,0.0,0.0,0.0,12.713298689846312,2.1302885907449403,0.0,24.456294380406483,0.20011833900226683,0.0,0.0,0.1111111111111111,19,1,1,0,0,3,0,3,1,1,1,3,3,4.1159000000000034,79.05380000000005,1,1,0,0,0,3,1,0,0,0,0,0
PC13,O=C(C1=CC(C=CC=C2)=C2C=C1)C3=CC=CC=C3,12.28998441043084,0.07069727891156496,12.28998441043084,0.07069727891156496,0.6085507183252764,232.282,220.18599999999995,232.088815004,86,0.19254210504270847,-0.2886155685657239,0.2886155685657239,0.19254210504270847,0.6111111111111112,1.2777777777777777,2.0555555555555554,16.138272528689736,10.000312974195607,2.079009195022772,-2.0287462040487774,2.1754723466480055,-1.999229643391427,6.101205293079478,0.10341650668146875,2.0715297692545445,698.8917112285508,12.372032720186704,9.836451520739375,9.836451520739375,8.84333659290053,5.9301918886571015,5.9301918886571015,4.257079366224633,4.257079366224633,3.047632077603778,3.047632077603778,2.0867537274333223,2.0867537274333223,-2.4099999999999993,23536.829279105106,10.725684553830362,4.456327990512481,1.9091977297287808,105.69662607173659,0.0,0.0,5.783244946364939,0.0,0.0,4.794537184071822,0.0,0.0,66.73003775307771,16.838815497391202,11.126902983393991,0.0,4.794537184071822,16.55569337529453,0.0,0.0,0.0,83.92330780493333,0.0,0.0,0.0,0.0,0.0,5.783244946364939,0.0,15.921440167465814,72.79640482153933,0.0,10.772448428929591,17.07,0.0,4.794537184071822,5.783244946364939,0.0,21.899351412323583,0.0,0.0,72.79640482153933,0.0,0.0,0.0,0.0,12.28998441043084,2.251289630049551,1.4654454837490554,0.07069727891156496,23.255916530192323,0.0,0.0,0.0,0.0,18,0,1,0,0,0,3,0,3,1,0,1,2,3,4.070800000000003,73.82250000000003,0,0,1,1,0,0,0,0,0,0,3,1,0,0,1,0,0,0,Alc12,OC(CC1=CC=CC=C1)C2=C3C(C=CC=C3)=CC=C2,10.471969009826154,-0.4643518518518521,10.471969009826154,0.4643518518518521,0.7390124361646712,248.325,232.19699999999995,248.120115132,94,0.08358696226666694,-0.38804892064838004,0.38804892064838004,0.08358696226666694,0.7368421052631579,1.4210526315789473,2.263157894736842,16.266124497202814,9.961087361988065,2.108514386470234,-2.1353412666234526,2.259726004252622,-2.01936407132354,5.854953122949918,0.17978572251943617,1.955927549052766,668.0997852752665,13.079139501373252,10.659873876151643,10.659873876151643,9.34333659290053,6.540726512967988,6.540726512967988,4.773896153800053,4.773896153800053,3.454236172267494,3.454236172267494,2.4883469055147316,2.4883469055147316,-2.119999999999999,37234.02225887323,11.941790792875613,5.2496193822875306,2.5146438115478507,112.69427983828544,5.106527394840706,0.0,0.0,0.0,0.0,0.0,0.0,72.79640482153933,21.899351412323583,6.4208216229260096,6.103966387748303,5.106527394840706,10.772448428929591,12.524788010674312,0.0,83.92330780493333,0.0,0.0,0.0,0.0,5.106527394840706,6.4208216229260096,0.0,17.230869371142294,72.79640482153933,10.772448428929591,20.23,6.103966387748303,5.106527394840706,0.0,6.4208216229260096,16.513127197858786,5.386224214464796,0.0,54.59730361615449,18.19910120538483,0.0,0.0,0.0,0.0,12.778027158394224,2.157303004535148,0.0,24.381355400184763,0.18331443688586524,0.0,0.0,0.1111111111111111,19,1,1,0,0,3,0,3,1,1,1,3,3,4.1159000000000034,79.05380000000005,1,1,0,0,0,3,1,0,0,0,0,0
PC13,O=C(C1=CC(C=CC=C2)=C2C=C1)C3=CC=CC=C3,12.28998441043084,0.07069727891156496,12.28998441043084,0.07069727891156496,0.6085507183252764,232.282,220.18599999999995,232.088815004,86,0.19254210504270847,-0.2886155685657239,0.2886155685657239,0.19254210504270847,0.6111111111111112,1.2777777777777777,2.0555555555555554,16.138272528689736,10.000312974195607,2.079009195022772,-2.0287462040487774,2.1754723466480055,-1.999229643391427,6.101205293079478,0.10341650668146875,2.0715297692545445,698.8917112285508,12.372032720186704,9.836451520739375,9.836451520739375,8.84333659290053,5.9301918886571015,5.9301918886571015,4.257079366224633,4.257079366224633,3.047632077603778,3.047632077603778,2.0867537274333223,2.0867537274333223,-2.4099999999999993,23536.829279105106,10.725684553830362,4.456327990512481,1.9091977297287808,105.69662607173659,0.0,0.0,5.783244946364939,0.0,0.0,4.794537184071822,0.0,0.0,66.73003775307771,16.838815497391202,11.126902983393991,0.0,4.794537184071822,16.55569337529453,0.0,0.0,0.0,83.92330780493333,0.0,0.0,0.0,0.0,0.0,5.783244946364939,0.0,15.921440167465814,72.79640482153933,0.0,10.772448428929591,17.07,0.0,4.794537184071822,5.783244946364939,0.0,21.899351412323583,0.0,0.0,72.79640482153933,0.0,0.0,0.0,0.0,12.28998441043084,2.251289630049551,1.4654454837490554,0.07069727891156496,23.255916530192323,0.0,0.0,0.0,0.0,18,0,1,0,0,0,3,0,3,1,0,1,2,3,4.070800000000003,73.82250000000003,0,0,1,1,0,0,0,0,0,0,3,1,0,0,1,0,0,0,Alc13,OC(CC1=CC=CC=C1)C2=CC(OCO3)=C3C=C2,10.20884164777022,-0.5260185185185189,10.20884164777022,0.25750711414807714,0.8989449432481046,242.27399999999994,228.16199999999995,242.094294308,92,0.23080037765931263,-0.45359546622627495,0.45359546622627495,0.23080037765931263,1.0,1.7777777777777777,2.611111111111111,16.69672242832603,10.010456757448827,2.1618380133670794,-2.1120797030123173,2.3423428663928165,-2.0110859698250523,5.447982471537591,0.171222170739647,1.7820126966370167,536.6899070467601,12.372032720186704,9.874076161507412,9.874076161507412,8.826499840494922,5.9429917392881455,5.9429917392881455,4.31821918647156,4.31821918647156,3.053275194816359,3.053275194816359,2.0756028645147335,2.0756028645147335,-1.9999999999999996,27276.075850448757,11.11111111111111,4.704,2.172635445362718,105.59881672643137,14.580253302440804,0.0,11.49902366656781,6.792942306099827,0.0,0.0,0.0,36.39820241076966,23.259637120317212,6.4208216229260096,6.103966387748303,14.580253302440804,0.0,12.524788010674312,6.792942306099827,59.65783953108687,11.49902366656781,9.473725907600098,11.49902366656781,0.0,11.899469700940532,6.4208216229260096,0.0,17.230869371142294,48.53093654769288,0.0,38.69,6.103966387748303,5.106527394840706,6.792942306099827,12.170333456209914,16.876414816677897,0.0,0.0,48.53093654769288,0.0,9.473725907600098,10.55373952301306,0.0,0.0,10.20884164777022,1.9636758314436888,1.4493266565885616,15.495225553567005,0.0716836734693872,0.25750711414807714,0.0,0.2,18,1,3,1,1,2,0,2,3,1,3,3,3,2.6914000000000007,67.67080000000004,1,1,0,0,0,2,1,0,2,0,0,0
PC13,O=C(C1=CC(C=CC=C2)=C2C=C1)C3=CC=CC=C3,12.28998441043084,0.07069727891156496,12.28998441043084,0.07069727891156496,0.6085507183252764,232.282,220.18599999999995,232.088815004,86,0.19254210504270847,-0.2886155685657239,0.2886155685657239,0.19254210504270847,0.6111111111111112,1.2777777777777777,2.0555555555555554,16.138272528689736,10.000312974195607,2.079009195022772,-2.0287462040487774,2.1754723466480055,-1.999229643391427,6.101205293079478,0.10341650668146875,2.0715297692545445,698.8917112285508,12.372032720186704,9.836451520739375,9.836451520739375,8.84333659290053,5.9301918886571015,5.9301918886571015,4.257079366224633,4.257079366224633,3.047632077603778,3.047632077603778,2.0867537274333223,2.0867537274333223,-2.4099999999999993,23536.829279105106,10.725684553830362,4.456327990512481,1.9091977297287808,105.69662607173659,0.0,0.0,5.783244946364939,0.0,0.0,4.794537184071822,0.0,0.0,66.73003775307771,16.838815497391202,11.126902983393991,0.0,4.794537184071822,16.55569337529453,0.0,0.0,0.0,83.92330780493333,0.0,0.0,0.0,0.0,0.0,5.783244946364939,0.0,15.921440167465814,72.79640482153933,0.0,10.772448428929591,17.07,0.0,4.794537184071822,5.783244946364939,0.0,21.899351412323583,0.0,0.0,72.79640482153933,0.0,0.0,0.0,0.0,12.28998441043084,2.251289630049551,1.4654454837490554,0.07069727891156496,23.255916530192323,0.0,0.0,0.0,0.0,18,0,1,0,0,0,3,0,3,1,0,1,2,3,4.070800000000003,73.82250000000003,0,0,1,1,0,0,0,0,0,0,3,1,0,0,1,0,0,0,Alc14,OC(CC1=CC=CC=C1)C2=CC=C3C(OCCO3)=C2,10.279154147770221,-0.5294198790627365,10.279154147770221,0.5294198790627365,0.917331086007642,256.30099999999993,240.17299999999994,256.10994437200003,98,0.16122961165638874,-0.4861472727903348,0.4861472727903348,0.16122961165638874,0.9473684210526315,1.6842105263157894,2.473684210526316,16.562628442435113,10.008696216764893,2.1511380646401257,-2.1988672450591435,2.3280711304727224,-2.1537912220555357,5.441928645560842,0.1642102965101603,1.779518636946347,551.1754332522945,13.079139501373252,10.58118294269396,10.58118294269396,9.326499840494922,6.442991739288146,6.442991739288146,4.608616346737665,4.608616346737665,3.2228815431838655,3.2228815431838655,2.222419671269494,2.222419671269494,-1.9999999999999996,36765.486524452244,12.055401662049862,5.325443786982248,2.71280276816609,111.96375884082798,14.580253302440804,13.213763929025836,11.49902366656781,0.0,0.0,0.0,0.0,36.39820241076966,23.259637120317212,6.4208216229260096,6.103966387748303,14.580253302440804,0.0,12.524788010674312,13.213763929025836,59.65783953108687,11.49902366656781,9.473725907600098,11.49902366656781,0.0,18.32029132386654,6.4208216229260096,0.0,17.230869371142294,48.53093654769288,0.0,38.69,6.103966387748303,5.106527394840706,0.0,19.634585551951847,22.6259266499618,0.0,0.0,48.53093654769288,0.0,9.473725907600098,10.998183967457507,0.0,0.0,10.279154147770221,1.970363074242043,1.4701599899218951,15.570851127488034,0.06828231292516962,1.1430053801951348,0.0,0.25,19,1,3,1,1,2,0,2,3,1,3,3,3,2.733900000000001,72.53780000000005,1,1,0,0,0,2,1,0,2,0,0,0
PC14,O=C1C2=C(C=CC=C2)[Si](C3=CC=CC=C3)(C4=CC=CC=C4)C5=CC=CC=C51,13.28060153691106,-2.538850308641976,13.28060153691106,0.13535856009070324,0.44134052897697207,362.5040000000001,344.3600000000001,362.112691726,128,0.19236953347297864,-0.2886256284553961,0.2886256284553961,0.19236953347297864,0.4444444444444444,0.8148148148148148,1.2592592592592593,28.332426339931295,10.023301679556942,2.4774846655917453,-2.390932283982687,2.204588425877369,-2.7756739824115617,7.20815025453184,0.10353324252540297,2.0057354749028935,1042.0991590827832,18.26937394568524,14.800553135877133,15.800553135877133,13.331370464613117,9.1801918886571,11.180191888657102,6.90234251676623,10.634393324335107,5.564997882095189,10.451749228043317,4.4713973494884,9.618010229673242,-3.2331168831168813,3372302.0974989897,15.978099523114235,6.183465392132224,2.202541043215473,159.50430604397732,0.0,0.0,13.857117246898056,0.0,0.0,4.794537184071822,0.0,0.0,109.19460723230902,20.746902582749833,11.126902983393991,0.0,4.794537184071822,34.604019829647896,0.0,0.0,0.0,120.32151021570303,0.0,20.746902582749833,0.0,0.0,0.0,13.857117246898056,0.0,15.921440167465814,109.19460723230902,0.0,0.0,17.07,8.073872300533118,4.794537184071822,5.783244946364939,0.0,11.126902983393991,20.746902582749833,0.0,24.26546827384644,84.92913895846256,0.0,0.0,0.0,13.28060153691106,4.990185185185187,1.6862459057697157,0.13535856009070324,37.807570231796426,0.0,0.0,-2.538850308641976,0.0,27,0,1,0,1,1,4,0,4,1,0,2,2,5,2.6084000000000005,113.49050000000001,0,0,1,1,0,0,0,0,0,0,4,2,0,0,1,0,0,0,Alc1,OC(CC1=CC=CC=C1)C2=CC=C(C(OC)=O)C=C2,11.300882193186936,-0.5749102418745282,11.300882193186936,0.3712044724021635,0.8555190559485526,256.30099999999993,240.17299999999994,256.10994437200003,98,0.33734179298009886,-0.4654175212523233,0.4654175212523233,0.33734179298009886,1.105263157894737,1.736842105263158,2.3157894736842106,16.523293378425766,10.003236877957912,2.100617014517665,-2.111125286046951,2.185198707818772,-2.040609496672206,5.887593188002341,0.06002383438700396,2.073681425115431,531.6803207544581,13.664925939000156,10.74431964951049,10.74431964951049,9.202708600407233,6.107223093895716,6.107223093895716,4.31911057255133,4.31911057255133,2.9884308157697754,2.9884308157697754,1.9144073831934183,1.9144073831934183,-2.1299999999999994,25130.041075738343,13.30515171594639,6.15877056967385,3.421837675345536,112.01756686489409,9.843390348640755,0.0,0.0,0.0,5.969305287951849,4.794537184071822,0.0,42.46456947923127,23.259637120317212,6.4208216229260096,18.777215420722833,14.637927532712578,5.969305287951849,12.524788010674312,7.109797541277533,71.28765809124549,0.0,0.0,0.0,0.0,18.18563022407009,11.157684576726059,0.0,27.58885804691111,54.59730361615449,0.0,46.53,6.103966387748303,9.901064578912528,5.969305287951849,11.984273114623004,11.126902983393991,7.109797541277533,24.26546827384644,30.33183534230805,4.736862953800049,0.0,4.63082306110129,0.0,11.300882193186936,10.144462317334341,2.3488071092634595,-0.3712044724021635,16.619447777784718,-0.020931201184178128,0.0,1.347713214915596,0.1875,19,1,3,0,0,2,0,2,3,1,3,4,2,2.7493000000000007,72.88730000000004,1,1,1,1,0,2,0,1,1,1,0,8
PC14,O=C1C2=C(C=CC=C2)[Si](C3=CC=CC=C3)(C4=CC=CC=C4)C5=CC=CC=C51,13.28060153691106,-2.538850308641976,13.28060153691106,0.13535856009070324,0.44134052897697207,362.5040000000001,344.3600000000001,362.112691726,128,0.19236953347297864,-0.2886256284553961,0.2886256284553961,0.19236953347297864,0.4444444444444444,0.8148148148148148,1.2592592592592593,28.332426339931295,10.023301679556942,2.4774846655917453,-2.390932283982687,2.204588425877369,-2.7756739824115617,7.20815025453184,0.10353324252540297,2.0057354749028935,1042.0991590827832,18.26937394568524,14.800553135877133,15.800553135877133,13.331370464613117,9.1801918886571,11.180191888657102,6.90234251676623,10.634393324335107,5.564997882095189,10.451749228043317,4.4713973494884,9.618010229673242,-3.2331168831168813,3372302.0974989897,15.978099523114235,6.183465392132224,2.202541043215473,159.50430604397732,0.0,0.0,13.857117246898056,0.0,0.0,4.794537184071822,0.0,0.0,109.19460723230902,20.746902582749833,11.126902983393991,0.0,4.794537184071822,34.604019829647896,0.0,0.0,0.0,120.32151021570303,0.0,20.746902582749833,0.0,0.0,0.0,13.857117246898056,0.0,15.921440167465814,109.19460723230902,0.0,0.0,17.07,8.073872300533118,4.794537184071822,5.783244946364939,0.0,11.126902983393991,20.746902582749833,0.0,24.26546827384644,84.92913895846256,0.0,0.0,0.0,13.28060153691106,4.990185185185187,1.6862459057697157,0.13535856009070324,37.807570231796426,0.0,0.0,-2.538850308641976,0.0,27,0,1,0,1,1,4,0,4,1,0,2,2,5,2.6084000000000005,113.49050000000001,0,0,1,1,0,0,0,0,0,0,4,2,0,0,1,0,0,0,Alc2,OC(CC1=CC=CC=C1)C2=CC=CC=C2,9.973947467876041,-0.40870370370370424,9.973947467876041,0.40870370370370424,0.8035051734358308,198.265,184.15299999999996,198.104465068,76,0.08298804952950145,-0.3880720436533714,0.3880720436533714,0.08298804952950145,0.8,1.3333333333333333,1.9333333333333333,16.266076170609406,10.017292443134783,2.0630459693402803,-2.099774890735418,2.1679020868127488,-2.0051469961497723,5.216146633482743,0.17822792250631558,2.0784516078094564,394.1985815306015,10.510225400620904,8.50517333777239,8.50517333777239,7.360173345306137,5.13004291044503,5.13004291044503,3.6162040833489484,3.6162040833489484,2.4562220383138484,2.4562220383138484,1.6303928292672958,1.6303928292672958,-1.5999999999999996,4035.3008467528234,9.936265432098764,4.759877126654065,2.6729591836734703,90.01261530655025,5.106527394840706,0.0,0.0,0.0,0.0,0.0,0.0,60.6636706846161,11.126902983393991,6.4208216229260096,6.103966387748303,5.106527394840706,0.0,12.524788010674312,0.0,71.7905736680101,0.0,0.0,0.0,0.0,5.106527394840706,6.4208216229260096,0.0,17.230869371142294,60.6636706846161,0.0,20.23,6.103966387748303,5.106527394840706,0.0,6.4208216229260096,11.126902983393991,0.0,0.0,60.6636706846161,0.0,0.0,0.0,0.0,0.0,9.973947467876041,2.1344501133786853,0.0,19.795491307634165,0.2627777777777772,0.0,0.0,0.14285714285714285,15,1,1,0,0,2,0,2,1,1,1,3,2,2.9627000000000008,61.54780000000004,1,1,0,0,0,2,0,0,0,0,0,3
PC14,O=C1C2=C(C=CC=C2)[Si](C3=CC=CC=C3)(C4=CC=CC=C4)C5=CC=CC=C51,13.28060153691106,-2.538850308641976,13.28060153691106,0.13535856009070324,0.44134052897697207,362.5040000000001,344.3600000000001,362.112691726,128,0.19236953347297864,-0.2886256284553961,0.2886256284553961,0.19236953347297864,0.4444444444444444,0.8148148148148148,1.2592592592592593,28.332426339931295,10.023301679556942,2.4774846655917453,-2.390932283982687,2.204588425877369,-2.7756739824115617,7.20815025453184,0.10353324252540297,2.0057354749028935,1042.0991590827832,18.26937394568524,14.800553135877133,15.800553135877133,13.331370464613117,9.1801918886571,11.180191888657102,6.90234251676623,10.634393324335107,5.564997882095189,10.451749228043317,4.4713973494884,9.618010229673242,-3.2331168831168813,3372302.0974989897,15.978099523114235,6.183465392132224,2.202541043215473,159.50430604397732,0.0,0.0,13.857117246898056,0.0,0.0,4.794537184071822,0.0,0.0,109.19460723230902,20.746902582749833,11.126902983393991,0.0,4.794537184071822,34.604019829647896,0.0,0.0,0.0,120.32151021570303,0.0,20.746902582749833,0.0,0.0,0.0,13.857117246898056,0.0,15.921440167465814,109.19460723230902,0.0,0.0,17.07,8.073872300533118,4.794537184071822,5.783244946364939,0.0,11.126902983393991,20.746902582749833,0.0,24.26546827384644,84.92913895846256,0.0,0.0,0.0,13.28060153691106,4.990185185185187,1.6862459057697157,0.13535856009070324,37.807570231796426,0.0,0.0,-2.538850308641976,0.0,27,0,1,0,1,1,4,0,4,1,0,2,2,5,2.6084000000000005,113.49050000000001,0,0,1,1,0,0,0,0,0,0,4,2,0,0,1,0,0,0,Alc3,OC(CC1=CC=CC=C1)C2=CC=C(C3=CC=CC=C3)C=C2,10.335407533383725,-0.46090429999160243,10.335407533383725,0.46090429999160243,0.7351163069128532,274.363,256.21899999999994,274.135765196,104,0.08298875307923671,-0.388072037808165,0.388072037808165,0.08298875307923671,0.6190476190476191,1.1428571428571428,1.7619047619047619,16.266083292964606,9.982653573837602,2.0818451903734125,-2.1170537852257123,2.231560758845956,-2.009876154068321,5.629945446690994,0.17824227821530972,1.7483318000385286,672.0487817325015,14.493353063746348,11.814574414530895,11.814574414530895,10.326499840494922,7.2014101154909484,7.2014101154909484,5.193554352538573,5.193554352538573,3.674455551106933,3.674455551106933,2.483526521520132,2.483526521520132,-2.379999999999999,104293.42426850586,13.596094137037953,6.379998762558589,3.3882865583782404,125.06970951261428,5.106527394840706,0.0,0.0,0.0,0.0,0.0,0.0,84.92913895846256,22.253805966787983,6.4208216229260096,6.103966387748303,5.106527394840706,0.0,12.524788010674312,0.0,96.05604194185656,11.126902983393991,0.0,0.0,0.0,5.106527394840706,6.4208216229260096,0.0,17.230869371142294,84.92913895846256,11.126902983393991,20.23,6.103966387748303,5.106527394840706,0.0,6.4208216229260096,11.126902983393991,11.126902983393991,0.0,60.6636706846161,24.26546827384644,0.0,0.0,0.0,0.0,10.335407533383725,4.475491082490542,0.0,28.505636982933158,0.1834644011925748,0.0,0.0,0.1,21,1,1,0,0,3,0,3,1,1,1,4,3,4.629700000000004,86.98380000000003,1,1,0,0,0,3,0,0,0,0,0,2
PC14,O=C1C2=C(C=CC=C2)[Si](C3=CC=CC=C3)(C4=CC=CC=C4)C5=CC=CC=C51,13.28060153691106,-2.538850308641976,13.28060153691106,0.13535856009070324,0.44134052897697207,362.5040000000001,344.3600000000001,362.112691726,128,0.19236953347297864,-0.2886256284553961,0.2886256284553961,0.19236953347297864,0.4444444444444444,0.8148148148148148,1.2592592592592593,28.332426339931295,10.023301679556942,2.4774846655917453,-2.390932283982687,2.204588425877369,-2.7756739824115617,7.20815025453184,0.10353324252540297,2.0057354749028935,1042.0991590827832,18.26937394568524,14.800553135877133,15.800553135877133,13.331370464613117,9.1801918886571,11.180191888657102,6.90234251676623,10.634393324335107,5.564997882095189,10.451749228043317,4.4713973494884,9.618010229673242,-3.2331168831168813,3372302.0974989897,15.978099523114235,6.183465392132224,2.202541043215473,159.50430604397732,0.0,0.0,13.857117246898056,0.0,0.0,4.794537184071822,0.0,0.0,109.19460723230902,20.746902582749833,11.126902983393991,0.0,4.794537184071822,34.604019829647896,0.0,0.0,0.0,120.32151021570303,0.0,20.746902582749833,0.0,0.0,0.0,13.857117246898056,0.0,15.921440167465814,109.19460723230902,0.0,0.0,17.07,8.073872300533118,4.794537184071822,5.783244946364939,0.0,11.126902983393991,20.746902582749833,0.0,24.26546827384644,84.92913895846256,0.0,0.0,0.0,13.28060153691106,4.990185185185187,1.6862459057697157,0.13535856009070324,37.807570231796426,0.0,0.0,-2.538850308641976,0.0,27,0,1,0,1,1,4,0,4,1,0,2,2,5,2.6084000000000005,113.49050000000001,0,0,1,1,0,0,0,0,0,0,4,2,0,0,1,0,0,0,Alc4,OC(CC1=CC=CC=C1)C2=CC=C(C)C=C2,10.064839380196524,-0.41388888888888964,10.064839380196524,0.41388888888888964,0.827496933605173,212.29199999999997,196.16399999999996,212.120115132,82,0.0829883747658443,-0.38807204092055403,0.38807204092055403,0.0829883747658443,0.9375,1.5625,2.1875,16.266078389325447,10.006289195538882,2.069742142147314,-2.1072106640509842,2.1789660783789326,-2.009250363373895,5.250301887094522,0.17821400361845985,2.085070944860585,430.75194762320365,11.380468888623982,9.427823068582764,9.427823068582764,7.7540201954234895,5.54072651296799,5.54072651296799,4.116204083348947,4.116204083348947,2.7339998160916257,2.7339998160916257,1.7438068228410388,1.7438068228410388,-1.5999999999999996,5689.016293492532,10.902614268848035,4.950941945405614,2.7067723730180067,96.37755742094683,5.106527394840706,0.0,0.0,0.0,0.0,0.0,0.0,60.160755107851486,18.050640183084617,6.4208216229260096,6.103966387748303,5.106527394840706,0.0,19.448525210364934,0.0,71.28765809124549,0.0,0.0,0.0,0.0,5.106527394840706,6.4208216229260096,6.923737199690624,22.79432086283929,54.59730361615449,0.0,20.23,6.103966387748303,5.106527394840706,0.0,6.4208216229260096,11.126902983393991,5.563451491696996,0.0,61.52104081584511,0.0,0.0,0.0,0.0,0.0,10.064839380196524,3.3617492336440753,0.0,18.10113200218359,0.25664777021919793,2.048964947089947,0.0,0.2,16,1,1,0,0,2,0,2,1,1,1,3,2,3.2711200000000016,66.28480000000003,1,1,0,0,1,2,0,0,0,0,0,13
PC14,O=C1C2=C(C=CC=C2)[Si](C3=CC=CC=C3)(C4=CC=CC=C4)C5=CC=CC=C51,13.28060153691106,-2.538850308641976,13.28060153691106,0.13535856009070324,0.44134052897697207,362.5040000000001,344.3600000000001,362.112691726,128,0.19236953347297864,-0.2886256284553961,0.2886256284553961,0.19236953347297864,0.4444444444444444,0.8148148148148148,1.2592592592592593,28.332426339931295,10.023301679556942,2.4774846655917453,-2.390932283982687,2.204588425877369,-2.7756739824115617,7.20815025453184,0.10353324252540297,2.0057354749028935,1042.0991590827832,18.26937394568524,14.800553135877133,15.800553135877133,13.331370464613117,9.1801918886571,11.180191888657102,6.90234251676623,10.634393324335107,5.564997882095189,10.451749228043317,4.4713973494884,9.618010229673242,-3.2331168831168813,3372302.0974989897,15.978099523114235,6.183465392132224,2.202541043215473,159.50430604397732,0.0,0.0,13.857117246898056,0.0,0.0,4.794537184071822,0.0,0.0,109.19460723230902,20.746902582749833,11.126902983393991,0.0,4.794537184071822,34.604019829647896,0.0,0.0,0.0,120.32151021570303,0.0,20.746902582749833,0.0,0.0,0.0,13.857117246898056,0.0,15.921440167465814,109.19460723230902,0.0,0.0,17.07,8.073872300533118,4.794537184071822,5.783244946364939,0.0,11.126902983393991,20.746902582749833,0.0,24.26546827384644,84.92913895846256,0.0,0.0,0.0,13.28060153691106,4.990185185185187,1.6862459057697157,0.13535856009070324,37.807570231796426,0.0,0.0,-2.538850308641976,0.0,27,0,1,0,1,1,4,0,4,1,0,2,2,5,2.6084000000000005,113.49050000000001,0,0,1,1,0,0,0,0,0,0,4,2,0,0,1,0,0,0,Alc5,OC(CC1=CC=CC=C1)C2=CC=C(OC)C=C2,10.096727135298565,-0.4691609977324269,10.096727135298565,0.4691609977324269,0.8713621378125769,228.29099999999997,212.16299999999995,228.115029752,88,0.1183810048644517,-0.4967681917897237,0.4967681917897237,0.1183810048644517,1.0,1.6470588235294117,2.235294117647059,16.465293963471616,10.014481763052645,2.0766339002525425,-2.1114630586776655,2.2033628169898027,-2.0103111679180383,5.291757736922201,0.17813111737507337,2.062926536206509,448.10785282653126,12.08757566981053,9.836071359046628,9.836071359046628,8.292024997884274,5.653098948663784,5.653098948663784,3.9786802197867686,3.9786802197867686,2.772451506641763,2.772451506641763,1.7812643014063039,1.7812643014063039,-1.7999999999999998,10090.555572179177,11.678585581466239,5.50509077963688,3.0789697570071675,101.49110265045373,9.843390348640755,5.749511833283905,0.0,0.0,0.0,0.0,0.0,42.46456947923127,23.259637120317212,6.4208216229260096,13.213763929025836,9.843390348640755,0.0,12.524788010674312,7.109797541277533,65.72420659954848,5.749511833283905,4.736862953800049,5.749511833283905,0.0,12.216324936118239,6.4208216229260096,0.0,17.230869371142294,54.59730361615449,0.0,29.46,6.103966387748303,5.106527394840706,0.0,6.4208216229260096,16.876414816677897,0.0,7.109797541277533,54.59730361615449,0.0,4.736862953800049,5.085560668137779,0.0,0.0,10.096727135298565,2.0467325155370792,0.8061676954732513,17.500864937598344,0.16295091647770144,0.0,1.6343294648106155,0.2,17,1,2,0,0,2,0,2,2,1,2,4,2,2.971300000000001,68.09980000000004,1,1,0,0,0,2,0,0,1,1,0,88
PC14,O=C1C2=C(C=CC=C2)[Si](C3=CC=CC=C3)(C4=CC=CC=C4)C5=CC=CC=C51,13.28060153691106,-2.538850308641976,13.28060153691106,0.13535856009070324,0.44134052897697207,362.5040000000001,344.3600000000001,362.112691726,128,0.19236953347297864,-0.2886256284553961,0.2886256284553961,0.19236953347297864,0.4444444444444444,0.8148148148148148,1.2592592592592593,28.332426339931295,10.023301679556942,2.4774846655917453,-2.390932283982687,2.204588425877369,-2.7756739824115617,7.20815025453184,0.10353324252540297,2.0057354749028935,1042.0991590827832,18.26937394568524,14.800553135877133,15.800553135877133,13.331370464613117,9.1801918886571,11.180191888657102,6.90234251676623,10.634393324335107,5.564997882095189,10.451749228043317,4.4713973494884,9.618010229673242,-3.2331168831168813,3372302.0974989897,15.978099523114235,6.183465392132224,2.202541043215473,159.50430604397732,0.0,0.0,13.857117246898056,0.0,0.0,4.794537184071822,0.0,0.0,109.19460723230902,20.746902582749833,11.126902983393991,0.0,4.794537184071822,34.604019829647896,0.0,0.0,0.0,120.32151021570303,0.0,20.746902582749833,0.0,0.0,0.0,13.857117246898056,0.0,15.921440167465814,109.19460723230902,0.0,0.0,17.07,8.073872300533118,4.794537184071822,5.783244946364939,0.0,11.126902983393991,20.746902582749833,0.0,24.26546827384644,84.92913895846256,0.0,0.0,0.0,13.28060153691106,4.990185185185187,1.6862459057697157,0.13535856009070324,37.807570231796426,0.0,0.0,-2.538850308641976,0.0,27,0,1,0,1,1,4,0,4,1,0,2,2,5,2.6084000000000005,113.49050000000001,0,0,1,1,0,0,0,0,0,0,4,2,0,0,1,0,0,0,Alc6,OC(CC1=CC=CC=C1)C2=CC=C(OC)C(OC)=C2,10.261137566137567,-0.5535128495842787,10.261137566137567,0.5535128495842787,0.8956990875329504,258.31699999999995,240.17299999999994,258.12559443600003,100,0.16058453750747206,-0.4928699503057866,0.4928699503057866,0.16058453750747206,0.9473684210526315,1.631578947368421,2.263157894736842,16.507840676524992,10.009678695325208,2.1172434065020065,-2.139118621146542,2.3039729637253057,-2.023299718872896,5.433081291348095,0.17759935416267483,2.170628055604028,522.7721843403044,13.664925939000156,11.166969380320865,11.166969380320865,9.240713402868018,6.182138051026246,6.182138051026246,4.319941212142852,4.319941212142852,3.0642462362819742,3.0642462362819742,2.0152864579650367,2.0152864579650367,-2.0,25290.518080230475,13.432098765432098,6.25,3.263267429760666,112.96958999435721,14.580253302440804,0.0,11.49902366656781,0.0,0.0,0.0,0.0,36.39820241076966,23.259637120317212,6.4208216229260096,20.323561470303368,14.580253302440804,0.0,12.524788010674312,14.219595082555067,59.65783953108687,11.49902366656781,9.473725907600098,11.49902366656781,0.0,19.32612247739577,6.4208216229260096,0.0,17.230869371142294,48.53093654769288,0.0,38.69,6.103966387748303,5.106527394840706,0.0,17.919845289493818,11.126902983393991,0.0,14.219595082555067,48.53093654769288,0.0,9.473725907600098,10.423739523013062,0.0,0.0,10.261137566137567,1.922488845846981,1.296548878810784,15.3862476431497,0.0261727607709743,0.0,3.1836647822709327,0.25,19,1,3,0,0,2,0,2,3,1,3,5,2,2.9799000000000015,74.65180000000005,1,1,0,0,0,2,0,0,2,2,0,90
PC14,O=C1C2=C(C=CC=C2)[Si](C3=CC=CC=C3)(C4=CC=CC=C4)C5=CC=CC=C51,13.28060153691106,-2.538850308641976,13.28060153691106,0.13535856009070324,0.44134052897697207,362.5040000000001,344.3600000000001,362.112691726,128,0.19236953347297864,-0.2886256284553961,0.2886256284553961,0.19236953347297864,0.4444444444444444,0.8148148148148148,1.2592592592592593,28.332426339931295,10.023301679556942,2.4774846655917453,-2.390932283982687,2.204588425877369,-2.7756739824115617,7.20815025453184,0.10353324252540297,2.0057354749028935,1042.0991590827832,18.26937394568524,14.800553135877133,15.800553135877133,13.331370464613117,9.1801918886571,11.180191888657102,6.90234251676623,10.634393324335107,5.564997882095189,10.451749228043317,4.4713973494884,9.618010229673242,-3.2331168831168813,3372302.0974989897,15.978099523114235,6.183465392132224,2.202541043215473,159.50430604397732,0.0,0.0,13.857117246898056,0.0,0.0,4.794537184071822,0.0,0.0,109.19460723230902,20.746902582749833,11.126902983393991,0.0,4.794537184071822,34.604019829647896,0.0,0.0,0.0,120.32151021570303,0.0,20.746902582749833,0.0,0.0,0.0,13.857117246898056,0.0,15.921440167465814,109.19460723230902,0.0,0.0,17.07,8.073872300533118,4.794537184071822,5.783244946364939,0.0,11.126902983393991,20.746902582749833,0.0,24.26546827384644,84.92913895846256,0.0,0.0,0.0,13.28060153691106,4.990185185185187,1.6862459057697157,0.13535856009070324,37.807570231796426,0.0,0.0,-2.538850308641976,0.0,27,0,1,0,1,1,4,0,4,1,0,2,2,5,2.6084000000000005,113.49050000000001,0,0,1,1,0,0,0,0,0,0,4,2,0,0,1,0,0,0,Alc7,OC(CC1=CC=CC=C1)C2=C(OC)C=CC=C2OC,10.43783635676493,-0.6587962962962965,10.43783635676493,0.5253703703703706,0.8956990875329504,258.31699999999995,240.17299999999994,258.12559443600003,100,0.12790209537997485,-0.49622875863680643,0.49622875863680643,0.12790209537997485,0.8947368421052632,1.4736842105263157,2.0,16.477976847424276,9.995068210762046,2.1838950809298114,-2.1766985532877468,2.348905965119941,-2.0598899020398505,5.4636733049682915,0.16908465638196046,2.2969656304417856,500.52218434030453,13.664925939000156,11.166969380320865,11.166969380320865,9.257550155273625,6.1881211151699524,6.1881211151699524,4.281728869170134,4.281728869170134,3.0710430404017512,3.0710430404017512,2.147725380294945,2.147725380294945,-1.9999999999999998,25369.482589932766,13.432098765432098,6.25,3.0625,112.9695899943572,14.580253302440804,11.49902366656781,0.0,0.0,0.0,0.0,0.0,36.39820241076966,17.696185628620217,6.4208216229260096,25.887012962000366,14.580253302440804,0.0,12.524788010674312,14.219595082555067,59.65783953108687,11.49902366656781,9.473725907600098,11.49902366656781,0.0,19.32612247739577,6.4208216229260096,0.0,17.230869371142294,48.53093654769288,0.0,38.69,6.103966387748303,5.106527394840706,0.0,23.483296781190813,5.563451491696996,0.0,14.219595082555067,48.53093654769288,0.0,9.473725907600098,10.613328609221465,0.0,0.0,10.43783635676493,1.7632520786092218,1.2829280045351479,15.354512471655326,-0.13342592592592595,0.0,3.1815684051398336,0.25,19,1,3,0,0,2,0,2,3,1,3,5,2,2.9799000000000015,74.65180000000005,1,1,0,0,0,2,0,0,2,2,0,17
PC14,O=C1C2=C(C=CC=C2)[Si](C3=CC=CC=C3)(C4=CC=CC=C4)C5=CC=CC=C51,13.28060153691106,-2.538850308641976,13.28060153691106,0.13535856009070324,0.44134052897697207,362.5040000000001,344.3600000000001,362.112691726,128,0.19236953347297864,-0.2886256284553961,0.2886256284553961,0.19236953347297864,0.4444444444444444,0.8148148148148148,1.2592592592592593,28.332426339931295,10.023301679556942,2.4774846655917453,-2.390932283982687,2.204588425877369,-2.7756739824115617,7.20815025453184,0.10353324252540297,2.0057354749028935,1042.0991590827832,18.26937394568524,14.800553135877133,15.800553135877133,13.331370464613117,9.1801918886571,11.180191888657102,6.90234251676623,10.634393324335107,5.564997882095189,10.451749228043317,4.4713973494884,9.618010229673242,-3.2331168831168813,3372302.0974989897,15.978099523114235,6.183465392132224,2.202541043215473,159.50430604397732,0.0,0.0,13.857117246898056,0.0,0.0,4.794537184071822,0.0,0.0,109.19460723230902,20.746902582749833,11.126902983393991,0.0,4.794537184071822,34.604019829647896,0.0,0.0,0.0,120.32151021570303,0.0,20.746902582749833,0.0,0.0,0.0,13.857117246898056,0.0,15.921440167465814,109.19460723230902,0.0,0.0,17.07,8.073872300533118,4.794537184071822,5.783244946364939,0.0,11.126902983393991,20.746902582749833,0.0,24.26546827384644,84.92913895846256,0.0,0.0,0.0,13.28060153691106,4.990185185185187,1.6862459057697157,0.13535856009070324,37.807570231796426,0.0,0.0,-2.538850308641976,0.0,27,0,1,0,1,1,4,0,4,1,0,2,2,5,2.6084000000000005,113.49050000000001,0,0,1,1,0,0,0,0,0,0,4,2,0,0,1,0,0,0,Alc8,OC(CC1=CC=CC=C1)(C)C2=CC=C(OC)C=C2,10.562004913076343,-0.8674357520786091,10.562004913076343,0.5973896919879061,0.8921056666605938,242.31799999999996,224.17399999999995,242.130679816,94,0.11838137186134988,-0.4967681887289843,0.4967681887289843,0.11838137186134988,1.0,1.6111111111111112,2.1666666666666665,16.465304335878308,9.889503760970026,2.22797150875665,-2.2385349345184125,2.2631394577439528,-2.2362172676827443,5.316379902260567,0.057569130157961716,2.1884279567800498,486.2652269194349,13.010225400620904,10.758721089857001,10.758721089857001,8.615321630085539,6.025136822201199,6.025136822201199,4.664730960695685,4.664730960695685,3.103088053135465,3.103088053135465,2.045469160275508,2.045469160275508,-1.7999999999999998,13287.836301449152,12.651595457003785,5.233467659312888,2.90182022893601,107.85604476485034,9.843390348640755,5.749511833283905,0.0,0.0,0.0,0.0,0.0,42.46456947923127,30.183374320007832,6.4208216229260096,12.710848352261221,9.843390348640755,0.0,18.94560963360032,7.109797541277533,65.72420659954848,5.749511833283905,4.736862953800049,5.749511833283905,0.0,12.216324936118239,12.021872433909698,0.0,18.050640183084614,54.59730361615449,0.0,29.46,5.601050810983688,5.106527394840706,0.0,6.4208216229260096,16.876414816677897,0.0,7.109797541277533,61.52104081584511,0.0,4.736862953800049,5.118487727850552,0.0,0.0,10.562004913076343,1.1515189856806924,0.8002417695473254,17.549198270931676,0.5973896919879061,1.8351284958427816,1.6360301450827244,0.25,18,1,2,0,0,2,0,2,2,1,2,4,2,3.1454000000000013,72.71080000000005,1,0,0,0,0,2,0,0,1,1,0,56
PC14,O=C1C2=C(C=CC=C2)[Si](C3=CC=CC=C3)(C4=CC=CC=C4)C5=CC=CC=C51,13.28060153691106,-2.538850308641976,13.28060153691106,0.13535856009070324,0.44134052897697207,362.5040000000001,344.3600000000001,362.112691726,128,0.19236953347297864,-0.2886256284553961,0.2886256284553961,0.19236953347297864,0.4444444444444444,0.8148148148148148,1.2592592592592593,28.332426339931295,10.023301679556942,2.4774846655917453,-2.390932283982687,2.204588425877369,-2.7756739824115617,7.20815025453184,0.10353324252540297,2.0057354749028935,1042.0991590827832,18.26937394568524,14.800553135877133,15.800553135877133,13.331370464613117,9.1801918886571,11.180191888657102,6.90234251676623,10.634393324335107,5.564997882095189,10.451749228043317,4.4713973494884,9.618010229673242,-3.2331168831168813,3372302.0974989897,15.978099523114235,6.183465392132224,2.202541043215473,159.50430604397732,0.0,0.0,13.857117246898056,0.0,0.0,4.794537184071822,0.0,0.0,109.19460723230902,20.746902582749833,11.126902983393991,0.0,4.794537184071822,34.604019829647896,0.0,0.0,0.0,120.32151021570303,0.0,20.746902582749833,0.0,0.0,0.0,13.857117246898056,0.0,15.921440167465814,109.19460723230902,0.0,0.0,17.07,8.073872300533118,4.794537184071822,5.783244946364939,0.0,11.126902983393991,20.746902582749833,0.0,24.26546827384644,84.92913895846256,0.0,0.0,0.0,13.28060153691106,4.990185185185187,1.6862459057697157,0.13535856009070324,37.807570231796426,0.0,0.0,-2.538850308641976,0.0,27,0,1,0,1,1,4,0,4,1,0,2,2,5,2.6084000000000005,113.49050000000001,0,0,1,1,0,0,0,0,0,0,4,2,0,0,1,0,0,0,Alc9,OC(CC1=CC=CC=C1)(C)C2=CC(OC)=C(OC)C=C2,10.726415343915345,-0.9574357520786094,10.726415343915345,0.5449633881330308,0.9083721892957952,272.34399999999994,252.18399999999994,272.1412445,106,0.16059535666137958,-0.4928699470920177,0.4928699470920177,0.16059535666137958,0.95,1.6,2.2,16.507863905067826,9.886714685339358,2.2446519921947496,-2.246767402855474,2.332200446601139,-2.238535516915506,5.443974299613938,0.05730381851548327,2.2900575453340792,561.7027291484295,14.58757566981053,12.089619111131238,12.089619111131238,9.564010035069282,6.554175924563661,6.554175924563661,5.005991953051767,5.005991953051767,3.3966099446226505,3.3966099446226505,2.2666261378643466,2.2666261378643466,-2.0,33330.10718164373,14.409972299168976,5.969821673525377,3.114186851211073,119.3345321087538,14.580253302440804,0.0,11.49902366656781,0.0,0.0,0.0,0.0,36.39820241076966,30.183374320007832,6.4208216229260096,19.820645893538753,14.580253302440804,0.0,18.94560963360032,14.219595082555067,59.65783953108687,11.49902366656781,9.473725907600098,11.49902366656781,0.0,19.32612247739577,12.021872433909698,0.0,18.050640183084614,48.53093654769288,0.0,38.69,5.601050810983688,5.106527394840706,0.0,17.919845289493818,11.126902983393991,0.0,21.14333228224569,48.53093654769288,0.0,9.473725907600098,10.501666582725836,0.0,0.0,10.726415343915345,0.937275315990594,1.2824979528848581,15.429372643149698,0.5449633881330308,1.8067951625094483,3.187680277357857,0.29411764705882354,20,1,3,0,0,2,0,2,3,1,3,5,2,3.1540000000000017,79.26280000000006,1,0,0,0,0,2,0,0,2,2,0,70
PC14,O=C1C2=C(C=CC=C2)[Si](C3=CC=CC=C3)(C4=CC=CC=C4)C5=CC=CC=C51,13.28060153691106,-2.538850308641976,13.28060153691106,0.13535856009070324,0.44134052897697207,362.5040000000001,344.3600000000001,362.112691726,128,0.19236953347297864,-0.2886256284553961,0.2886256284553961,0.19236953347297864,0.4444444444444444,0.8148148148148148,1.2592592592592593,28.332426339931295,10.023301679556942,2.4774846655917453,-2.390932283982687,2.204588425877369,-2.7756739824115617,7.20815025453184,0.10353324252540297,2.0057354749028935,1042.0991590827832,18.26937394568524,14.800553135877133,15.800553135877133,13.331370464613117,9.1801918886571,11.180191888657102,6.90234251676623,10.634393324335107,5.564997882095189,10.451749228043317,4.4713973494884,9.618010229673242,-3.2331168831168813,3372302.0974989897,15.978099523114235,6.183465392132224,2.202541043215473,159.50430604397732,0.0,0.0,13.857117246898056,0.0,0.0,4.794537184071822,0.0,0.0,109.19460723230902,20.746902582749833,11.126902983393991,0.0,4.794537184071822,34.604019829647896,0.0,0.0,0.0,120.32151021570303,0.0,20.746902582749833,0.0,0.0,0.0,13.857117246898056,0.0,15.921440167465814,109.19460723230902,0.0,0.0,17.07,8.073872300533118,4.794537184071822,5.783244946364939,0.0,11.126902983393991,20.746902582749833,0.0,24.26546827384644,84.92913895846256,0.0,0.0,0.0,13.28060153691106,4.990185185185187,1.6862459057697157,0.13535856009070324,37.807570231796426,0.0,0.0,-2.538850308641976,0.0,27,0,1,0,1,1,4,0,4,1,0,2,2,5,2.6084000000000005,113.49050000000001,0,0,1,1,0,0,0,0,0,0,4,2,0,0,1,0,0,0,Alc10,OC(CC1=CC=CC=C1)C2=CC=CS2,9.873253023431594,-0.363518518518519,9.873253023431594,0.363518518518519,0.8144390837938148,204.29399999999998,192.19799999999998,204.060886004,72,0.09216528017574561,-0.3872321395951382,0.3872321395951382,0.09216528017574561,1.0714285714285714,1.8571428571428572,2.5,32.13347351704487,10.076452642388125,2.0789213690058697,-2.072307396572147,2.2167942612728524,-1.9832437646643386,7.095204082273813,0.18207119399780475,2.0553179911767563,366.484957172308,9.803118619434356,7.758721089857002,8.575217670784728,6.860173345306137,4.614527514810998,5.4941803260658935,3.2209400579704255,4.200212366132882,2.1434838152946787,3.117025631515786,1.418819851357115,2.130640812291436,-1.1199999999999999,3066.3242502334906,9.435606308498535,4.39885050222963,2.218442359688379,87.65297857696171,5.106527394840706,0.0,0.0,0.0,0.0,0.0,11.336785877934737,36.39820241076966,17.00988133062452,11.297968816627309,6.103966387748303,5.106527394840706,11.336785877934737,12.524788010674312,0.0,58.28523093509548,0.0,0.0,0.0,11.336785877934737,5.106527394840706,6.4208216229260096,0.0,16.5445650731466,47.844632249697185,0.0,20.23,0.0,5.106527394840706,6.103966387748303,6.4208216229260096,4.877147193701299,5.563451491696996,11.336785877934737,47.844632249697185,0.0,0.0,0.0,1.6002690381708238,1.0359750566893426,11.862882653061224,1.1744444444444446,0.0,13.994160289115648,0.3322685185185179,0.0,0.0,0.16666666666666666,14,1,1,0,0,1,1,2,2,1,2,3,2,3.0242000000000013,59.42480000000003,1,1,0,0,0,1,0,0,0,0,1,5
PC14,O=C1C2=C(C=CC=C2)[Si](C3=CC=CC=C3)(C4=CC=CC=C4)C5=CC=CC=C51,13.28060153691106,-2.538850308641976,13.28060153691106,0.13535856009070324,0.44134052897697207,362.5040000000001,344.3600000000001,362.112691726,128,0.19236953347297864,-0.2886256284553961,0.2886256284553961,0.19236953347297864,0.4444444444444444,0.8148148148148148,1.2592592592592593,28.332426339931295,10.023301679556942,2.4774846655917453,-2.390932283982687,2.204588425877369,-2.7756739824115617,7.20815025453184,0.10353324252540297,2.0057354749028935,1042.0991590827832,18.26937394568524,14.800553135877133,15.800553135877133,13.331370464613117,9.1801918886571,11.180191888657102,6.90234251676623,10.634393324335107,5.564997882095189,10.451749228043317,4.4713973494884,9.618010229673242,-3.2331168831168813,3372302.0974989897,15.978099523114235,6.183465392132224,2.202541043215473,159.50430604397732,0.0,0.0,13.857117246898056,0.0,0.0,4.794537184071822,0.0,0.0,109.19460723230902,20.746902582749833,11.126902983393991,0.0,4.794537184071822,34.604019829647896,0.0,0.0,0.0,120.32151021570303,0.0,20.746902582749833,0.0,0.0,0.0,13.857117246898056,0.0,15.921440167465814,109.19460723230902,0.0,0.0,17.07,8.073872300533118,4.794537184071822,5.783244946364939,0.0,11.126902983393991,20.746902582749833,0.0,24.26546827384644,84.92913895846256,0.0,0.0,0.0,13.28060153691106,4.990185185185187,1.6862459057697157,0.13535856009070324,37.807570231796426,0.0,0.0,-2.538850308641976,0.0,27,0,1,0,1,1,4,0,4,1,0,2,2,5,2.6084000000000005,113.49050000000001,0,0,1,1,0,0,0,0,0,0,4,2,0,0,1,0,0,0,Alc11,OC(CC1=CC=CC=C1)C2=CC=C3C(C=CC=C3)=C2,10.333416477702194,-0.45184618291761214,10.333416477702194,0.45184618291761214,0.7390124361646712,248.325,232.19699999999995,248.120115132,94,0.08300986627191954,-0.3880716629573365,0.3880716629573365,0.08300986627191954,0.7368421052631579,1.4210526315789473,2.210526315789474,16.266084676889072,9.986417291736672,2.0837478242584777,-2.1170473119725113,2.22495003462181,-2.010327051240819,5.8258821301024994,0.17837975584231427,1.8694641546477884,673.3497852752665,13.079139501373252,10.659873876151643,10.659873876151643,9.326499840494922,6.534743448824282,6.534743448824282,4.812108496772772,4.812108496772772,3.4301714223830455,3.4301714223830455,2.370271692755298,2.370271692755298,-2.119999999999999,36765.486524452244,11.941790792875613,5.2496193822875306,2.665278690398365,112.69427983828544,5.106527394840706,0.0,0.0,0.0,0.0,0.0,0.0,66.73003775307771,27.965718480785192,6.4208216229260096,6.103966387748303,5.106527394840706,10.772448428929591,12.524788010674312,0.0,83.92330780493333,0.0,0.0,0.0,0.0,5.106527394840706,6.4208216229260096,0.0,17.230869371142294,72.79640482153933,10.772448428929591,20.23,6.103966387748303,5.106527394840706,0.0,6.4208216229260096,11.126902983393991,10.772448428929591,0.0,48.53093654769288,24.26546827384644,0.0,0.0,0.0,0.0,12.713298689846312,2.1302885907449403,0.0,24.456294380406483,0.20011833900226683,0.0,0.0,0.1111111111111111,19,1,1,0,0,3,0,3,1,1,1,3,3,4.1159000000000034,79.05380000000005,1,1,0,0,0,3,1,0,0,0,0,0
PC14,O=C1C2=C(C=CC=C2)[Si](C3=CC=CC=C3)(C4=CC=CC=C4)C5=CC=CC=C51,13.28060153691106,-2.538850308641976,13.28060153691106,0.13535856009070324,0.44134052897697207,362.5040000000001,344.3600000000001,362.112691726,128,0.19236953347297864,-0.2886256284553961,0.2886256284553961,0.19236953347297864,0.4444444444444444,0.8148148148148148,1.2592592592592593,28.332426339931295,10.023301679556942,2.4774846655917453,-2.390932283982687,2.204588425877369,-2.7756739824115617,7.20815025453184,0.10353324252540297,2.0057354749028935,1042.0991590827832,18.26937394568524,14.800553135877133,15.800553135877133,13.331370464613117,9.1801918886571,11.180191888657102,6.90234251676623,10.634393324335107,5.564997882095189,10.451749228043317,4.4713973494884,9.618010229673242,-3.2331168831168813,3372302.0974989897,15.978099523114235,6.183465392132224,2.202541043215473,159.50430604397732,0.0,0.0,13.857117246898056,0.0,0.0,4.794537184071822,0.0,0.0,109.19460723230902,20.746902582749833,11.126902983393991,0.0,4.794537184071822,34.604019829647896,0.0,0.0,0.0,120.32151021570303,0.0,20.746902582749833,0.0,0.0,0.0,13.857117246898056,0.0,15.921440167465814,109.19460723230902,0.0,0.0,17.07,8.073872300533118,4.794537184071822,5.783244946364939,0.0,11.126902983393991,20.746902582749833,0.0,24.26546827384644,84.92913895846256,0.0,0.0,0.0,13.28060153691106,4.990185185185187,1.6862459057697157,0.13535856009070324,37.807570231796426,0.0,0.0,-2.538850308641976,0.0,27,0,1,0,1,1,4,0,4,1,0,2,2,5,2.6084000000000005,113.49050000000001,0,0,1,1,0,0,0,0,0,0,4,2,0,0,1,0,0,0,Alc12,OC(CC1=CC=CC=C1)C2=C3C(C=CC=C3)=CC=C2,10.471969009826154,-0.4643518518518521,10.471969009826154,0.4643518518518521,0.7390124361646712,248.325,232.19699999999995,248.120115132,94,0.08358696226666694,-0.38804892064838004,0.38804892064838004,0.08358696226666694,0.7368421052631579,1.4210526315789473,2.263157894736842,16.266124497202814,9.961087361988065,2.108514386470234,-2.1353412666234526,2.259726004252622,-2.01936407132354,5.854953122949918,0.17978572251943617,1.955927549052766,668.0997852752665,13.079139501373252,10.659873876151643,10.659873876151643,9.34333659290053,6.540726512967988,6.540726512967988,4.773896153800053,4.773896153800053,3.454236172267494,3.454236172267494,2.4883469055147316,2.4883469055147316,-2.119999999999999,37234.02225887323,11.941790792875613,5.2496193822875306,2.5146438115478507,112.69427983828544,5.106527394840706,0.0,0.0,0.0,0.0,0.0,0.0,72.79640482153933,21.899351412323583,6.4208216229260096,6.103966387748303,5.106527394840706,10.772448428929591,12.524788010674312,0.0,83.92330780493333,0.0,0.0,0.0,0.0,5.106527394840706,6.4208216229260096,0.0,17.230869371142294,72.79640482153933,10.772448428929591,20.23,6.103966387748303,5.106527394840706,0.0,6.4208216229260096,16.513127197858786,5.386224214464796,0.0,54.59730361615449,18.19910120538483,0.0,0.0,0.0,0.0,12.778027158394224,2.157303004535148,0.0,24.381355400184763,0.18331443688586524,0.0,0.0,0.1111111111111111,19,1,1,0,0,3,0,3,1,1,1,3,3,4.1159000000000034,79.05380000000005,1,1,0,0,0,3,1,0,0,0,0,0
PC14,O=C1C2=C(C=CC=C2)[Si](C3=CC=CC=C3)(C4=CC=CC=C4)C5=CC=CC=C51,13.28060153691106,-2.538850308641976,13.28060153691106,0.13535856009070324,0.44134052897697207,362.5040000000001,344.3600000000001,362.112691726,128,0.19236953347297864,-0.2886256284553961,0.2886256284553961,0.19236953347297864,0.4444444444444444,0.8148148148148148,1.2592592592592593,28.332426339931295,10.023301679556942,2.4774846655917453,-2.390932283982687,2.204588425877369,-2.7756739824115617,7.20815025453184,0.10353324252540297,2.0057354749028935,1042.0991590827832,18.26937394568524,14.800553135877133,15.800553135877133,13.331370464613117,9.1801918886571,11.180191888657102,6.90234251676623,10.634393324335107,5.564997882095189,10.451749228043317,4.4713973494884,9.618010229673242,-3.2331168831168813,3372302.0974989897,15.978099523114235,6.183465392132224,2.202541043215473,159.50430604397732,0.0,0.0,13.857117246898056,0.0,0.0,4.794537184071822,0.0,0.0,109.19460723230902,20.746902582749833,11.126902983393991,0.0,4.794537184071822,34.604019829647896,0.0,0.0,0.0,120.32151021570303,0.0,20.746902582749833,0.0,0.0,0.0,13.857117246898056,0.0,15.921440167465814,109.19460723230902,0.0,0.0,17.07,8.073872300533118,4.794537184071822,5.783244946364939,0.0,11.126902983393991,20.746902582749833,0.0,24.26546827384644,84.92913895846256,0.0,0.0,0.0,13.28060153691106,4.990185185185187,1.6862459057697157,0.13535856009070324,37.807570231796426,0.0,0.0,-2.538850308641976,0.0,27,0,1,0,1,1,4,0,4,1,0,2,2,5,2.6084000000000005,113.49050000000001,0,0,1,1,0,0,0,0,0,0,4,2,0,0,1,0,0,0,Alc13,OC(CC1=CC=CC=C1)C2=CC(OCO3)=C3C=C2,10.20884164777022,-0.5260185185185189,10.20884164777022,0.25750711414807714,0.8989449432481046,242.27399999999994,228.16199999999995,242.094294308,92,0.23080037765931263,-0.45359546622627495,0.45359546622627495,0.23080037765931263,1.0,1.7777777777777777,2.611111111111111,16.69672242832603,10.010456757448827,2.1618380133670794,-2.1120797030123173,2.3423428663928165,-2.0110859698250523,5.447982471537591,0.171222170739647,1.7820126966370167,536.6899070467601,12.372032720186704,9.874076161507412,9.874076161507412,8.826499840494922,5.9429917392881455,5.9429917392881455,4.31821918647156,4.31821918647156,3.053275194816359,3.053275194816359,2.0756028645147335,2.0756028645147335,-1.9999999999999996,27276.075850448757,11.11111111111111,4.704,2.172635445362718,105.59881672643137,14.580253302440804,0.0,11.49902366656781,6.792942306099827,0.0,0.0,0.0,36.39820241076966,23.259637120317212,6.4208216229260096,6.103966387748303,14.580253302440804,0.0,12.524788010674312,6.792942306099827,59.65783953108687,11.49902366656781,9.473725907600098,11.49902366656781,0.0,11.899469700940532,6.4208216229260096,0.0,17.230869371142294,48.53093654769288,0.0,38.69,6.103966387748303,5.106527394840706,6.792942306099827,12.170333456209914,16.876414816677897,0.0,0.0,48.53093654769288,0.0,9.473725907600098,10.55373952301306,0.0,0.0,10.20884164777022,1.9636758314436888,1.4493266565885616,15.495225553567005,0.0716836734693872,0.25750711414807714,0.0,0.2,18,1,3,1,1,2,0,2,3,1,3,3,3,2.6914000000000007,67.67080000000004,1,1,0,0,0,2,1,0,2,0,0,36
PC14,O=C1C2=C(C=CC=C2)[Si](C3=CC=CC=C3)(C4=CC=CC=C4)C5=CC=CC=C51,13.28060153691106,-2.538850308641976,13.28060153691106,0.13535856009070324,0.44134052897697207,362.5040000000001,344.3600000000001,362.112691726,128,0.19236953347297864,-0.2886256284553961,0.2886256284553961,0.19236953347297864,0.4444444444444444,0.8148148148148148,1.2592592592592593,28.332426339931295,10.023301679556942,2.4774846655917453,-2.390932283982687,2.204588425877369,-2.7756739824115617,7.20815025453184,0.10353324252540297,2.0057354749028935,1042.0991590827832,18.26937394568524,14.800553135877133,15.800553135877133,13.331370464613117,9.1801918886571,11.180191888657102,6.90234251676623,10.634393324335107,5.564997882095189,10.451749228043317,4.4713973494884,9.618010229673242,-3.2331168831168813,3372302.0974989897,15.978099523114235,6.183465392132224,2.202541043215473,159.50430604397732,0.0,0.0,13.857117246898056,0.0,0.0,4.794537184071822,0.0,0.0,109.19460723230902,20.746902582749833,11.126902983393991,0.0,4.794537184071822,34.604019829647896,0.0,0.0,0.0,120.32151021570303,0.0,20.746902582749833,0.0,0.0,0.0,13.857117246898056,0.0,15.921440167465814,109.19460723230902,0.0,0.0,17.07,8.073872300533118,4.794537184071822,5.783244946364939,0.0,11.126902983393991,20.746902582749833,0.0,24.26546827384644,84.92913895846256,0.0,0.0,0.0,13.28060153691106,4.990185185185187,1.6862459057697157,0.13535856009070324,37.807570231796426,0.0,0.0,-2.538850308641976,0.0,27,0,1,0,1,1,4,0,4,1,0,2,2,5,2.6084000000000005,113.49050000000001,0,0,1,1,0,0,0,0,0,0,4,2,0,0,1,0,0,0,Alc14,OC(CC1=CC=CC=C1)C2=CC=C3C(OCCO3)=C2,10.279154147770221,-0.5294198790627365,10.279154147770221,0.5294198790627365,0.917331086007642,256.30099999999993,240.17299999999994,256.10994437200003,98,0.16122961165638874,-0.4861472727903348,0.4861472727903348,0.16122961165638874,0.9473684210526315,1.6842105263157894,2.473684210526316,16.562628442435113,10.008696216764893,2.1511380646401257,-2.1988672450591435,2.3280711304727224,-2.1537912220555357,5.441928645560842,0.1642102965101603,1.779518636946347,551.1754332522945,13.079139501373252,10.58118294269396,10.58118294269396,9.326499840494922,6.442991739288146,6.442991739288146,4.608616346737665,4.608616346737665,3.2228815431838655,3.2228815431838655,2.222419671269494,2.222419671269494,-1.9999999999999996,36765.486524452244,12.055401662049862,5.325443786982248,2.71280276816609,111.96375884082798,14.580253302440804,13.213763929025836,11.49902366656781,0.0,0.0,0.0,0.0,36.39820241076966,23.259637120317212,6.4208216229260096,6.103966387748303,14.580253302440804,0.0,12.524788010674312,13.213763929025836,59.65783953108687,11.49902366656781,9.473725907600098,11.49902366656781,0.0,18.32029132386654,6.4208216229260096,0.0,17.230869371142294,48.53093654769288,0.0,38.69,6.103966387748303,5.106527394840706,0.0,19.634585551951847,22.6259266499618,0.0,0.0,48.53093654769288,0.0,9.473725907600098,10.998183967457507,0.0,0.0,10.279154147770221,1.970363074242043,1.4701599899218951,15.570851127488034,0.06828231292516962,1.1430053801951348,0.0,0.25,19,1,3,1,1,2,0,2,3,1,3,3,3,2.733900000000001,72.53780000000005,1,1,0,0,0,2,1,0,2,0,0,61
