PC_ID,PC_SMILES,PC_HOMO,PC_LUMO,PC_S1,PC_T1_a,RDKit_PC_MaxEStateIndex,RDKit_PC_MinEStateIndex,RDKit_PC_MaxAbsEStateIndex,RDKit_PC_MinAbsEStateIndex,RDKit_PC_qed,RDKit_PC_MolWt,RDKit_PC_HeavyAtomMolWt,RDKit_PC_ExactMolWt,RDKit_PC_NumValenceElectrons,RDKit_PC_MaxPartialCharge,RDKit_PC_MinPartialCharge,RDKit_PC_MaxAbsPartialCharge,RDKit_PC_MinAbsPartialCharge,RDKit_PC_FpDensityMorgan1,RDKit_PC_FpDensityMorgan2,RDKit_PC_FpDensityMorgan3,RDKit_PC_BCUT2D_MWHI,RDKit_PC_BCUT2D_MWLOW,RDKit_PC_BCUT2D_CHGHI,RDKit_PC_BCUT2D_CHGLO,RDKit_PC_BCUT2D_LOGPHI,RDKit_PC_BCUT2D_LOGPLOW,RDKit_PC_BCUT2D_MRHI,RDKit_PC_BCUT2D_MRLOW,RDKit_PC_BalabanJ,RDKit_PC_BertzCT,RDKit_PC_Chi0,RDKit_PC_Chi0n,RDKit_PC_Chi0v,RDKit_PC_Chi1,RDKit_PC_Chi1n,RDKit_PC_Chi1v,RDKit_PC_Chi2n,RDKit_PC_Chi2v,RDKit_PC_Chi3n,RDKit_PC_Chi3v,RDKit_PC_Chi4n,RDKit_PC_Chi4v,RDKit_PC_HallKierAlpha,RDKit_PC_Ipc,RDKit_PC_Kappa1,RDKit_PC_Kappa2,RDKit_PC_Kappa3,RDKit_PC_LabuteASA,RDKit_PC_PEOE_VSA1,RDKit_PC_PEOE_VSA10,RDKit_PC_PEOE_VSA11,RDKit_PC_PEOE_VSA12,RDKit_PC_PEOE_VSA14,RDKit_PC_PEOE_VSA2,RDKit_PC_PEOE_VSA4,RDKit_PC_PEOE_VSA5,RDKit_PC_PEOE_VSA6,RDKit_PC_PEOE_VSA7,RDKit_PC_PEOE_VSA8,RDKit_PC_PEOE_VSA9,RDKit_PC_SMR_VSA1,RDKit_PC_SMR_VSA10,RDKit_PC_SMR_VSA3,RDKit_PC_SMR_VSA5,RDKit_PC_SMR_VSA6,RDKit_PC_SMR_VSA7,RDKit_PC_SMR_VSA9,RDKit_PC_SlogP_VSA1,RDKit_PC_SlogP_VSA10,RDKit_PC_SlogP_VSA11,RDKit_PC_SlogP_VSA12,RDKit_PC_SlogP_VSA2,RDKit_PC_SlogP_VSA3,RDKit_PC_SlogP_VSA5,RDKit_PC_SlogP_VSA6,RDKit_PC_SlogP_VSA7,RDKit_PC_SlogP_VSA8,RDKit_PC_TPSA,RDKit_PC_EState_VSA1,RDKit_PC_EState_VSA10,RDKit_PC_EState_VSA2,RDKit_PC_EState_VSA3,RDKit_PC_EState_VSA4,RDKit_PC_EState_VSA5,RDKit_PC_EState_VSA6,RDKit_PC_EState_VSA7,RDKit_PC_EState_VSA8,RDKit_PC_EState_VSA9,RDKit_PC_VSA_EState1,RDKit_PC_VSA_EState10,RDKit_PC_VSA_EState2,RDKit_PC_VSA_EState3,RDKit_PC_VSA_EState4,RDKit_PC_VSA_EState5,RDKit_PC_VSA_EState6,RDKit_PC_VSA_EState7,RDKit_PC_VSA_EState8,RDKit_PC_VSA_EState9,RDKit_PC_FractionCSP3,RDKit_PC_HeavyAtomCount,RDKit_PC_NHOHCount,RDKit_PC_NOCount,RDKit_PC_NumAliphaticCarbocycles,RDKit_PC_NumAliphaticHeterocycles,RDKit_PC_NumAliphaticRings,RDKit_PC_NumAromaticCarbocycles,RDKit_PC_NumAromaticHeterocycles,RDKit_PC_NumAromaticRings,RDKit_PC_NumHAcceptors,RDKit_PC_NumHDonors,RDKit_PC_NumHeteroatoms,RDKit_PC_NumRotatableBonds,RDKit_PC_RingCount,RDKit_PC_MolLogP,RDKit_PC_MolMR,RDKit_PC_fr_Ar_N,RDKit_PC_fr_Ar_NH,RDKit_PC_fr_C_O,RDKit_PC_fr_C_O_noCOO,RDKit_PC_fr_NH0,RDKit_PC_fr_NH1,RDKit_PC_fr_Nhpyrrole,RDKit_PC_fr_alkyl_halide,RDKit_PC_fr_aniline,RDKit_PC_fr_aryl_methyl,RDKit_PC_fr_benzene,RDKit_PC_fr_bicyclic,RDKit_PC_fr_ether,RDKit_PC_fr_halogen,RDKit_PC_fr_ketone,RDKit_PC_fr_methoxy,RDKit_PC_fr_para_hydroxylation,RDKit_PC_fr_pyridine,Alc_ID,Alc_SMILES,Alc_HOMO,Alc_LUMO,Alc_BDE,RDKit_Alc_MaxEStateIndex,RDKit_Alc_MinEStateIndex,RDKit_Alc_MaxAbsEStateIndex,RDKit_Alc_MinAbsEStateIndex,RDKit_Alc_qed,RDKit_Alc_MolWt,RDKit_Alc_HeavyAtomMolWt,RDKit_Alc_ExactMolWt,RDKit_Alc_NumValenceElectrons,RDKit_Alc_MaxPartialCharge,RDKit_Alc_MinPartialCharge,RDKit_Alc_MaxAbsPartialCharge,RDKit_Alc_MinAbsPartialCharge,RDKit_Alc_FpDensityMorgan1,RDKit_Alc_FpDensityMorgan2,RDKit_Alc_FpDensityMorgan3,RDKit_Alc_BCUT2D_MWHI,RDKit_Alc_BCUT2D_MWLOW,RDKit_Alc_BCUT2D_CHGHI,RDKit_Alc_BCUT2D_CHGLO,RDKit_Alc_BCUT2D_LOGPHI,RDKit_Alc_BCUT2D_LOGPLOW,RDKit_Alc_BCUT2D_MRHI,RDKit_Alc_BCUT2D_MRLOW,RDKit_Alc_BalabanJ,RDKit_Alc_BertzCT,RDKit_Alc_Chi0,RDKit_Alc_Chi0n,RDKit_Alc_Chi0v,RDKit_Alc_Chi1,RDKit_Alc_Chi1n,RDKit_Alc_Chi1v,RDKit_Alc_Chi2n,RDKit_Alc_Chi2v,RDKit_Alc_Chi3n,RDKit_Alc_Chi3v,RDKit_Alc_Chi4n,RDKit_Alc_Chi4v,RDKit_Alc_HallKierAlpha,RDKit_Alc_Ipc,RDKit_Alc_Kappa1,RDKit_Alc_Kappa2,RDKit_Alc_Kappa3,RDKit_Alc_LabuteASA,RDKit_Alc_PEOE_VSA1,RDKit_Alc_PEOE_VSA10,RDKit_Alc_PEOE_VSA11,RDKit_Alc_PEOE_VSA12,RDKit_Alc_PEOE_VSA14,RDKit_Alc_PEOE_VSA3,RDKit_Alc_PEOE_VSA5,RDKit_Alc_PEOE_VSA6,RDKit_Alc_PEOE_VSA7,RDKit_Alc_PEOE_VSA8,RDKit_Alc_PEOE_VSA9,RDKit_Alc_SMR_VSA1,RDKit_Alc_SMR_VSA10,RDKit_Alc_SMR_VSA5,RDKit_Alc_SMR_VSA6,RDKit_Alc_SMR_VSA7,RDKit_Alc_SMR_VSA9,RDKit_Alc_SlogP_VSA1,RDKit_Alc_SlogP_VSA11,RDKit_Alc_SlogP_VSA12,RDKit_Alc_SlogP_VSA2,RDKit_Alc_SlogP_VSA3,RDKit_Alc_SlogP_VSA4,RDKit_Alc_SlogP_VSA5,RDKit_Alc_SlogP_VSA6,RDKit_Alc_SlogP_VSA8,RDKit_Alc_TPSA,RDKit_Alc_EState_VSA1,RDKit_Alc_EState_VSA10,RDKit_Alc_EState_VSA2,RDKit_Alc_EState_VSA3,RDKit_Alc_EState_VSA4,RDKit_Alc_EState_VSA5,RDKit_Alc_EState_VSA6,RDKit_Alc_EState_VSA7,RDKit_Alc_EState_VSA8,RDKit_Alc_EState_VSA9,RDKit_Alc_VSA_EState1,RDKit_Alc_VSA_EState10,RDKit_Alc_VSA_EState2,RDKit_Alc_VSA_EState3,RDKit_Alc_VSA_EState4,RDKit_Alc_VSA_EState5,RDKit_Alc_VSA_EState6,RDKit_Alc_VSA_EState7,RDKit_Alc_VSA_EState8,RDKit_Alc_VSA_EState9,RDKit_Alc_FractionCSP3,RDKit_Alc_HeavyAtomCount,RDKit_Alc_NHOHCount,RDKit_Alc_NOCount,RDKit_Alc_NumAliphaticHeterocycles,RDKit_Alc_NumAliphaticRings,RDKit_Alc_NumAromaticCarbocycles,RDKit_Alc_NumAromaticHeterocycles,RDKit_Alc_NumAromaticRings,RDKit_Alc_NumHAcceptors,RDKit_Alc_NumHDonors,RDKit_Alc_NumHeteroatoms,RDKit_Alc_NumRotatableBonds,RDKit_Alc_RingCount,RDKit_Alc_MolLogP,RDKit_Alc_MolMR,RDKit_Alc_fr_Al_OH,RDKit_Alc_fr_Al_OH_noTert,RDKit_Alc_fr_C_O,RDKit_Alc_fr_C_O_noCOO,RDKit_Alc_fr_aryl_methyl,RDKit_Alc_fr_benzene,RDKit_Alc_fr_bicyclic,RDKit_Alc_fr_ester,RDKit_Alc_fr_ether,RDKit_Alc_fr_methoxy,RDKit_Alc_fr_thiophene,Yield
PC1,O=C1C2=C(C=CC=C2)[Si](C)(C)C3=CC=CC=C31,-9.22316845,-0.58857393,3.7691,2.606,12.41796296,-1.694436728,12.41796296,0.183356481,0.64206688,238.362,224.25,238.0813916,84,0.192321986,-0.288626457,0.288626457,0.192321986,0.764705882,1.176470588,1.647058824,28.33178537,10.02413472,2.370664541,-2.317431812,2.18980096,-2.591684231,7.021872963,0.103524375,2.379332571,562.3238142,12.0436056,10.02705044,11.02705044,8.121027034,5.858824684,8.858824684,5.045291709,9.372641978,3.690069476,7.255453617,2.742420744,5.798791643,-1.673116883,10412.75495,10.47891674,3.407443763,1.338655914,102.1200019,0,8.073872301,5.783244946,0,0,4.794537184,0,0,61.62495926,10.37345129,11.12690298,0,4.794537184,24.23056854,0,13.09402271,0,59.65783953,0,10.37345129,0,0,0,13.85711725,0,15.92144017,48.53093655,13.09402271,0,17.07,8.073872301,4.794537184,5.783244946,0,11.12690298,10.37345129,0,36.39820241,25.22675684,0,0,0,12.41796296,2.53462963,1.810864198,0.183356481,16.14225309,0,4.633148148,-1.694436728,0.133333333,17,0,1,0,1,1,2,0,2,1,0,2,0,3,2.0536,73.0665,0,0,1,1,0,0,0,0,0,0,2,2,0,0,1,0,0,0,Alc1,OC(CC1=CC=CC=C1)C2=CC=C(C(OC)=O)C=C2,-8.93854139,0.12353794,110.2839659,11.30088219,-0.574910242,11.30088219,0.371204472,0.855519056,256.301,240.173,256.1099444,98,0.337341793,-0.465417521,0.465417521,0.337341793,1.105263158,1.736842105,2.315789474,16.52329338,10.00323688,2.100617015,-2.111125286,2.185198708,-2.040609497,5.887593188,0.060023834,2.073681425,531.6803208,13.66492594,10.74431965,10.74431965,9.2027086,6.107223094,6.107223094,4.319110573,4.319110573,2.988430816,2.988430816,1.914407383,1.914407383,-2.13,25130.04108,13.30515172,6.15877057,3.421837675,112.0175669,9.843390349,0,0,0,5.969305288,4.794537184,0,42.46456948,23.25963712,6.420821623,18.77721542,14.63792753,5.969305288,12.52478801,7.109797541,71.28765809,0,0,0,0,18.18563022,11.15768458,0,27.58885805,54.59730362,0,46.53,6.103966388,9.901064579,5.969305288,11.98427311,11.12690298,7.109797541,24.26546827,30.33183534,4.736862954,0,4.630823061,0,11.30088219,10.14446232,2.348807109,-0.371204472,16.61944778,-0.020931201,0,1.347713215,0.1875,19,1,3,0,0,2,0,2,3,1,3,4,2,2.7493,72.8873,1,1,1,1,0,2,0,1,1,1,0,14
PC1,O=C1C2=C(C=CC=C2)[Si](C)(C)C3=CC=CC=C31,-9.22316845,-0.58857393,3.7691,2.606,12.41796296,-1.694436728,12.41796296,0.183356481,0.64206688,238.362,224.25,238.0813916,84,0.192321986,-0.288626457,0.288626457,0.192321986,0.764705882,1.176470588,1.647058824,28.33178537,10.02413472,2.370664541,-2.317431812,2.18980096,-2.591684231,7.021872963,0.103524375,2.379332571,562.3238142,12.0436056,10.02705044,11.02705044,8.121027034,5.858824684,8.858824684,5.045291709,9.372641978,3.690069476,7.255453617,2.742420744,5.798791643,-1.673116883,10412.75495,10.47891674,3.407443763,1.338655914,102.1200019,0,8.073872301,5.783244946,0,0,4.794537184,0,0,61.62495926,10.37345129,11.12690298,0,4.794537184,24.23056854,0,13.09402271,0,59.65783953,0,10.37345129,0,0,0,13.85711725,0,15.92144017,48.53093655,13.09402271,0,17.07,8.073872301,4.794537184,5.783244946,0,11.12690298,10.37345129,0,36.39820241,25.22675684,0,0,0,12.41796296,2.53462963,1.810864198,0.183356481,16.14225309,0,4.633148148,-1.694436728,0.133333333,17,0,1,0,1,1,2,0,2,1,0,2,0,3,2.0536,73.0665,0,0,1,1,0,0,0,0,0,0,2,2,0,0,1,0,0,0,Alc2,OC(CC1=CC=CC=C1)C2=CC=CC=C2,-8.90697663,1.05415414,110.1584658,9.973947468,-0.408703704,9.973947468,0.408703704,0.803505173,198.265,184.153,198.1044651,76,0.08298805,-0.388072044,0.388072044,0.08298805,0.8,1.333333333,1.933333333,16.26607617,10.01729244,2.063045969,-2.099774891,2.167902087,-2.005146996,5.216146633,0.178227923,2.078451608,394.1985815,10.5102254,8.505173338,8.505173338,7.360173345,5.13004291,5.13004291,3.616204083,3.616204083,2.456222038,2.456222038,1.630392829,1.630392829,-1.6,4035.300847,9.936265432,4.759877127,2.672959184,90.01261531,5.106527395,0,0,0,0,0,0,60.66367068,11.12690298,6.420821623,6.103966388,5.106527395,0,12.52478801,0,71.79057367,0,0,0,0,5.106527395,6.420821623,0,17.23086937,60.66367068,0,20.23,6.103966388,5.106527395,0,6.420821623,11.12690298,0,0,60.66367068,0,0,0,0,0,9.973947468,2.134450113,0,19.79549131,0.262777778,0,0,0.142857143,15,1,1,0,0,2,0,2,1,1,1,3,2,2.9627,61.5478,1,1,0,0,0,2,0,0,0,0,0,4
PC1,O=C1C2=C(C=CC=C2)[Si](C)(C)C3=CC=CC=C31,-9.22316845,-0.58857393,3.7691,2.606,12.41796296,-1.694436728,12.41796296,0.183356481,0.64206688,238.362,224.25,238.0813916,84,0.192321986,-0.288626457,0.288626457,0.192321986,0.764705882,1.176470588,1.647058824,28.33178537,10.02413472,2.370664541,-2.317431812,2.18980096,-2.591684231,7.021872963,0.103524375,2.379332571,562.3238142,12.0436056,10.02705044,11.02705044,8.121027034,5.858824684,8.858824684,5.045291709,9.372641978,3.690069476,7.255453617,2.742420744,5.798791643,-1.673116883,10412.75495,10.47891674,3.407443763,1.338655914,102.1200019,0,8.073872301,5.783244946,0,0,4.794537184,0,0,61.62495926,10.37345129,11.12690298,0,4.794537184,24.23056854,0,13.09402271,0,59.65783953,0,10.37345129,0,0,0,13.85711725,0,15.92144017,48.53093655,13.09402271,0,17.07,8.073872301,4.794537184,5.783244946,0,11.12690298,10.37345129,0,36.39820241,25.22675684,0,0,0,12.41796296,2.53462963,1.810864198,0.183356481,16.14225309,0,4.633148148,-1.694436728,0.133333333,17,0,1,0,1,1,2,0,2,1,0,2,0,3,2.0536,73.0665,0,0,1,1,0,0,0,0,0,0,2,2,0,0,1,0,0,0,Alc3,OC(CC1=CC=CC=C1)C2=CC=C(C3=CC=CC=C3)C=C2,-8.36030764,0.54884587,110.1647408,10.33540753,-0.4609043,10.33540753,0.4609043,0.735116307,274.363,256.219,274.1357652,104,0.082988753,-0.388072038,0.388072038,0.082988753,0.619047619,1.142857143,1.761904762,16.26608329,9.982653574,2.08184519,-2.117053785,2.231560759,-2.009876154,5.629945447,0.178242278,1.7483318,672.0487817,14.49335306,11.81457441,11.81457441,10.32649984,7.201410115,7.201410115,5.193554353,5.193554353,3.674455551,3.674455551,2.483526522,2.483526522,-2.38,104293.4243,13.59609414,6.379998763,3.388286558,125.0697095,5.106527395,0,0,0,0,0,0,84.92913896,22.25380597,6.420821623,6.103966388,5.106527395,0,12.52478801,0,96.05604194,11.12690298,0,0,0,5.106527395,6.420821623,0,17.23086937,84.92913896,11.12690298,20.23,6.103966388,5.106527395,0,6.420821623,11.12690298,11.12690298,0,60.66367068,24.26546827,0,0,0,0,10.33540753,4.475491082,0,28.50563698,0.183464401,0,0,0.1,21,1,1,0,0,3,0,3,1,1,1,4,3,4.6297,86.9838,1,1,0,0,0,3,0,0,0,0,0,18
PC1,O=C1C2=C(C=CC=C2)[Si](C)(C)C3=CC=CC=C31,-9.22316845,-0.58857393,3.7691,2.606,12.41796296,-1.694436728,12.41796296,0.183356481,0.64206688,238.362,224.25,238.0813916,84,0.192321986,-0.288626457,0.288626457,0.192321986,0.764705882,1.176470588,1.647058824,28.33178537,10.02413472,2.370664541,-2.317431812,2.18980096,-2.591684231,7.021872963,0.103524375,2.379332571,562.3238142,12.0436056,10.02705044,11.02705044,8.121027034,5.858824684,8.858824684,5.045291709,9.372641978,3.690069476,7.255453617,2.742420744,5.798791643,-1.673116883,10412.75495,10.47891674,3.407443763,1.338655914,102.1200019,0,8.073872301,5.783244946,0,0,4.794537184,0,0,61.62495926,10.37345129,11.12690298,0,4.794537184,24.23056854,0,13.09402271,0,59.65783953,0,10.37345129,0,0,0,13.85711725,0,15.92144017,48.53093655,13.09402271,0,17.07,8.073872301,4.794537184,5.783244946,0,11.12690298,10.37345129,0,36.39820241,25.22675684,0,0,0,12.41796296,2.53462963,1.810864198,0.183356481,16.14225309,0,4.633148148,-1.694436728,0.133333333,17,0,1,0,1,1,2,0,2,1,0,2,0,3,2.0536,73.0665,0,0,1,1,0,0,0,0,0,0,2,2,0,0,1,0,0,0,Alc4,OC(CC1=CC=CC=C1)C2=CC=C(C)C=C2,-8.66833616,1.06231744,110.0894409,10.06483938,-0.413888889,10.06483938,0.413888889,0.827496934,212.292,196.164,212.1201151,82,0.082988375,-0.388072041,0.388072041,0.082988375,0.9375,1.5625,2.1875,16.26607839,10.0062892,2.069742142,-2.107210664,2.178966078,-2.009250363,5.250301887,0.178214004,2.085070945,430.7519476,11.38046889,9.427823069,9.427823069,7.754020195,5.540726513,5.540726513,4.116204083,4.116204083,2.733999816,2.733999816,1.743806823,1.743806823,-1.6,5689.016293,10.90261427,4.950941945,2.706772373,96.37755742,5.106527395,0,0,0,0,0,0,60.16075511,18.05064018,6.420821623,6.103966388,5.106527395,0,19.44852521,0,71.28765809,0,0,0,0,5.106527395,6.420821623,6.9237372,22.79432086,54.59730362,0,20.23,6.103966388,5.106527395,0,6.420821623,11.12690298,5.563451492,0,61.52104082,0,0,0,0,0,10.06483938,3.361749234,0,18.101132,0.25664777,2.048964947,0,0.2,16,1,1,0,0,2,0,2,1,1,1,3,2,3.27112,66.2848,1,1,0,0,1,2,0,0,0,0,0,11
PC1,O=C1C2=C(C=CC=C2)[Si](C)(C)C3=CC=CC=C31,-9.22316845,-0.58857393,3.7691,2.606,12.41796296,-1.694436728,12.41796296,0.183356481,0.64206688,238.362,224.25,238.0813916,84,0.192321986,-0.288626457,0.288626457,0.192321986,0.764705882,1.176470588,1.647058824,28.33178537,10.02413472,2.370664541,-2.317431812,2.18980096,-2.591684231,7.021872963,0.103524375,2.379332571,562.3238142,12.0436056,10.02705044,11.02705044,8.121027034,5.858824684,8.858824684,5.045291709,9.372641978,3.690069476,7.255453617,2.742420744,5.798791643,-1.673116883,10412.75495,10.47891674,3.407443763,1.338655914,102.1200019,0,8.073872301,5.783244946,0,0,4.794537184,0,0,61.62495926,10.37345129,11.12690298,0,4.794537184,24.23056854,0,13.09402271,0,59.65783953,0,10.37345129,0,0,0,13.85711725,0,15.92144017,48.53093655,13.09402271,0,17.07,8.073872301,4.794537184,5.783244946,0,11.12690298,10.37345129,0,36.39820241,25.22675684,0,0,0,12.41796296,2.53462963,1.810864198,0.183356481,16.14225309,0,4.633148148,-1.694436728,0.133333333,17,0,1,0,1,1,2,0,2,1,0,2,0,3,2.0536,73.0665,0,0,1,1,0,0,0,0,0,0,2,2,0,0,1,0,0,0,Alc5,OC(CC1=CC=CC=C1)C2=CC=C(OC)C=C2,-8.23187172,1.04735139,110.4094658,10.09672714,-0.469160998,10.09672714,0.469160998,0.871362138,228.291,212.163,228.1150298,88,0.118381005,-0.496768192,0.496768192,0.118381005,1,1.647058824,2.235294118,16.46529396,10.01448176,2.0766339,-2.111463059,2.203362817,-2.010311168,5.291757737,0.178131117,2.062926536,448.1078528,12.08757567,9.836071359,9.836071359,8.292024998,5.653098949,5.653098949,3.97868022,3.97868022,2.772451507,2.772451507,1.781264301,1.781264301,-1.8,10090.55557,11.67858558,5.50509078,3.078969757,101.4911027,9.843390349,5.749511833,0,0,0,0,0,42.46456948,23.25963712,6.420821623,13.21376393,9.843390349,0,12.52478801,7.109797541,65.7242066,5.749511833,4.736862954,5.749511833,0,12.21632494,6.420821623,0,17.23086937,54.59730362,0,29.46,6.103966388,5.106527395,0,6.420821623,16.87641482,0,7.109797541,54.59730362,0,4.736862954,5.085560668,0,0,10.09672714,2.046732516,0.806167695,17.50086494,0.162950916,0,1.634329465,0.2,17,1,2,0,0,2,0,2,2,1,2,4,2,2.9713,68.0998,1,1,0,0,0,2,0,0,1,1,0,78
PC1,O=C1C2=C(C=CC=C2)[Si](C)(C)C3=CC=CC=C31,-9.22316845,-0.58857393,3.7691,2.606,12.41796296,-1.694436728,12.41796296,0.183356481,0.64206688,238.362,224.25,238.0813916,84,0.192321986,-0.288626457,0.288626457,0.192321986,0.764705882,1.176470588,1.647058824,28.33178537,10.02413472,2.370664541,-2.317431812,2.18980096,-2.591684231,7.021872963,0.103524375,2.379332571,562.3238142,12.0436056,10.02705044,11.02705044,8.121027034,5.858824684,8.858824684,5.045291709,9.372641978,3.690069476,7.255453617,2.742420744,5.798791643,-1.673116883,10412.75495,10.47891674,3.407443763,1.338655914,102.1200019,0,8.073872301,5.783244946,0,0,4.794537184,0,0,61.62495926,10.37345129,11.12690298,0,4.794537184,24.23056854,0,13.09402271,0,59.65783953,0,10.37345129,0,0,0,13.85711725,0,15.92144017,48.53093655,13.09402271,0,17.07,8.073872301,4.794537184,5.783244946,0,11.12690298,10.37345129,0,36.39820241,25.22675684,0,0,0,12.41796296,2.53462963,1.810864198,0.183356481,16.14225309,0,4.633148148,-1.694436728,0.133333333,17,0,1,0,1,1,2,0,2,1,0,2,0,3,2.0536,73.0665,0,0,1,1,0,0,0,0,0,0,2,2,0,0,1,0,0,0,Alc6,OC(CC1=CC=CC=C1)C2=CC=C(OC)C(OC)=C2,-7.88792468,1.04517451,110.5224158,10.26113757,-0.55351285,10.26113757,0.55351285,0.895699088,258.317,240.173,258.1255944,100,0.160584538,-0.49286995,0.49286995,0.160584538,0.947368421,1.631578947,2.263157895,16.50784068,10.0096787,2.117243407,-2.139118621,2.303972964,-2.023299719,5.433081291,0.177599354,2.170628056,522.7721843,13.66492594,11.16696938,11.16696938,9.240713403,6.182138051,6.182138051,4.319941212,4.319941212,3.064246236,3.064246236,2.015286458,2.015286458,-2,25290.51808,13.43209877,6.25,3.26326743,112.96959,14.5802533,0,11.49902367,0,0,0,0,36.39820241,23.25963712,6.420821623,20.32356147,14.5802533,0,12.52478801,14.21959508,59.65783953,11.49902367,9.473725908,11.49902367,0,19.32612248,6.420821623,0,17.23086937,48.53093655,0,38.69,6.103966388,5.106527395,0,17.91984529,11.12690298,0,14.21959508,48.53093655,0,9.473725908,10.42373952,0,0,10.26113757,1.922488846,1.296548879,15.38624764,0.026172761,0,3.183664782,0.25,19,1,3,0,0,2,0,2,3,1,3,5,2,2.9799,74.6518,1,1,0,0,0,2,0,0,2,2,0,90
PC1,O=C1C2=C(C=CC=C2)[Si](C)(C)C3=CC=CC=C31,-9.22316845,-0.58857393,3.7691,2.606,12.41796296,-1.694436728,12.41796296,0.183356481,0.64206688,238.362,224.25,238.0813916,84,0.192321986,-0.288626457,0.288626457,0.192321986,0.764705882,1.176470588,1.647058824,28.33178537,10.02413472,2.370664541,-2.317431812,2.18980096,-2.591684231,7.021872963,0.103524375,2.379332571,562.3238142,12.0436056,10.02705044,11.02705044,8.121027034,5.858824684,8.858824684,5.045291709,9.372641978,3.690069476,7.255453617,2.742420744,5.798791643,-1.673116883,10412.75495,10.47891674,3.407443763,1.338655914,102.1200019,0,8.073872301,5.783244946,0,0,4.794537184,0,0,61.62495926,10.37345129,11.12690298,0,4.794537184,24.23056854,0,13.09402271,0,59.65783953,0,10.37345129,0,0,0,13.85711725,0,15.92144017,48.53093655,13.09402271,0,17.07,8.073872301,4.794537184,5.783244946,0,11.12690298,10.37345129,0,36.39820241,25.22675684,0,0,0,12.41796296,2.53462963,1.810864198,0.183356481,16.14225309,0,4.633148148,-1.694436728,0.133333333,17,0,1,0,1,1,2,0,2,1,0,2,0,3,2.0536,73.0665,0,0,1,1,0,0,0,0,0,0,2,2,0,0,1,0,0,0,Alc7,OC(CC1=CC=CC=C1)C2=C(OC)C=CC=C2OC,-8.24683777,1.0149703,107.1841159,10.43783636,-0.658796296,10.43783636,0.52537037,0.895699088,258.317,240.173,258.1255944,100,0.127902095,-0.496228759,0.496228759,0.127902095,0.894736842,1.473684211,2,16.47797685,9.995068211,2.183895081,-2.176698553,2.348905965,-2.059889902,5.463673305,0.169084656,2.29696563,500.5221843,13.66492594,11.16696938,11.16696938,9.257550155,6.188121115,6.188121115,4.281728869,4.281728869,3.07104304,3.07104304,2.14772538,2.14772538,-2,25369.48259,13.43209877,6.25,3.0625,112.96959,14.5802533,11.49902367,0,0,0,0,0,36.39820241,17.69618563,6.420821623,25.88701296,14.5802533,0,12.52478801,14.21959508,59.65783953,11.49902367,9.473725908,11.49902367,0,19.32612248,6.420821623,0,17.23086937,48.53093655,0,38.69,6.103966388,5.106527395,0,23.48329678,5.563451492,0,14.21959508,48.53093655,0,9.473725908,10.61332861,0,0,10.43783636,1.763252079,1.282928005,15.35451247,-0.133425926,0,3.181568405,0.25,19,1,3,0,0,2,0,2,3,1,3,5,2,2.9799,74.6518,1,1,0,0,0,2,0,0,2,2,0,13
PC1,O=C1C2=C(C=CC=C2)[Si](C)(C)C3=CC=CC=C31,-9.22316845,-0.58857393,3.7691,2.606,12.41796296,-1.694436728,12.41796296,0.183356481,0.64206688,238.362,224.25,238.0813916,84,0.192321986,-0.288626457,0.288626457,0.192321986,0.764705882,1.176470588,1.647058824,28.33178537,10.02413472,2.370664541,-2.317431812,2.18980096,-2.591684231,7.021872963,0.103524375,2.379332571,562.3238142,12.0436056,10.02705044,11.02705044,8.121027034,5.858824684,8.858824684,5.045291709,9.372641978,3.690069476,7.255453617,2.742420744,5.798791643,-1.673116883,10412.75495,10.47891674,3.407443763,1.338655914,102.1200019,0,8.073872301,5.783244946,0,0,4.794537184,0,0,61.62495926,10.37345129,11.12690298,0,4.794537184,24.23056854,0,13.09402271,0,59.65783953,0,10.37345129,0,0,0,13.85711725,0,15.92144017,48.53093655,13.09402271,0,17.07,8.073872301,4.794537184,5.783244946,0,11.12690298,10.37345129,0,36.39820241,25.22675684,0,0,0,12.41796296,2.53462963,1.810864198,0.183356481,16.14225309,0,4.633148148,-1.694436728,0.133333333,17,0,1,0,1,1,2,0,2,1,0,2,0,3,2.0536,73.0665,0,0,1,1,0,0,0,0,0,0,2,2,0,0,1,0,0,0,Alc8,OC(CC1=CC=CC=C1)(C)C2=CC=C(OC)C=C2,-8.17772183,1.02993635,110.2274909,10.56200491,-0.867435752,10.56200491,0.597389692,0.892105667,242.318,224.174,242.1306798,94,0.118381372,-0.496768189,0.496768189,0.118381372,1,1.611111111,2.166666667,16.46530434,9.889503761,2.227971509,-2.238534935,2.263139458,-2.236217268,5.316379902,0.05756913,2.188427957,486.2652269,13.0102254,10.75872109,10.75872109,8.61532163,6.025136822,6.025136822,4.664730961,4.664730961,3.103088053,3.103088053,2.04546916,2.04546916,-1.8,13287.8363,12.65159546,5.233467659,2.901820229,107.8560448,9.843390349,5.749511833,0,0,0,0,0,42.46456948,30.18337432,6.420821623,12.71084835,9.843390349,0,18.94560963,7.109797541,65.7242066,5.749511833,4.736862954,5.749511833,0,12.21632494,12.02187243,0,18.05064018,54.59730362,0,29.46,5.601050811,5.106527395,0,6.420821623,16.87641482,0,7.109797541,61.52104082,0,4.736862954,5.118487728,0,0,10.56200491,1.151518986,0.80024177,17.54919827,0.597389692,1.835128496,1.636030145,0.25,18,1,2,0,0,2,0,2,2,1,2,4,2,3.1454,72.7108,1,0,0,0,0,2,0,0,1,1,0,53
PC1,O=C1C2=C(C=CC=C2)[Si](C)(C)C3=CC=CC=C31,-9.22316845,-0.58857393,3.7691,2.606,12.41796296,-1.694436728,12.41796296,0.183356481,0.64206688,238.362,224.25,238.0813916,84,0.192321986,-0.288626457,0.288626457,0.192321986,0.764705882,1.176470588,1.647058824,28.33178537,10.02413472,2.370664541,-2.317431812,2.18980096,-2.591684231,7.021872963,0.103524375,2.379332571,562.3238142,12.0436056,10.02705044,11.02705044,8.121027034,5.858824684,8.858824684,5.045291709,9.372641978,3.690069476,7.255453617,2.742420744,5.798791643,-1.673116883,10412.75495,10.47891674,3.407443763,1.338655914,102.1200019,0,8.073872301,5.783244946,0,0,4.794537184,0,0,61.62495926,10.37345129,11.12690298,0,4.794537184,24.23056854,0,13.09402271,0,59.65783953,0,10.37345129,0,0,0,13.85711725,0,15.92144017,48.53093655,13.09402271,0,17.07,8.073872301,4.794537184,5.783244946,0,11.12690298,10.37345129,0,36.39820241,25.22675684,0,0,0,12.41796296,2.53462963,1.810864198,0.183356481,16.14225309,0,4.633148148,-1.694436728,0.133333333,17,0,1,0,1,1,2,0,2,1,0,2,0,3,2.0536,73.0665,0,0,1,1,0,0,0,0,0,0,2,2,0,0,1,0,0,0,Alc9,OC(CC1=CC=CC=C1)(C)C2=CC(OC)=C(OC)C=C2,-7.83976121,1.02803158,110.3090658,10.72641534,-0.957435752,10.72641534,0.544963388,0.908372189,272.344,252.184,272.1412445,106,0.160595357,-0.492869947,0.492869947,0.160595357,0.95,1.6,2.2,16.50786391,9.886714685,2.244651992,-2.246767403,2.332200447,-2.238535517,5.4439743,0.057303819,2.290057545,561.7027291,14.58757567,12.08961911,12.08961911,9.564010035,6.554175925,6.554175925,5.005991953,5.005991953,3.396609945,3.396609945,2.266626138,2.266626138,-2,33330.10718,14.4099723,5.969821674,3.114186851,119.3345321,14.5802533,0,11.49902367,0,0,0,0,36.39820241,30.18337432,6.420821623,19.82064589,14.5802533,0,18.94560963,14.21959508,59.65783953,11.49902367,9.473725908,11.49902367,0,19.32612248,12.02187243,0,18.05064018,48.53093655,0,38.69,5.601050811,5.106527395,0,17.91984529,11.12690298,0,21.14333228,48.53093655,0,9.473725908,10.50166658,0,0,10.72641534,0.937275316,1.282497953,15.42937264,0.544963388,1.806795163,3.187680277,0.294117647,20,1,3,0,0,2,0,2,3,1,3,5,2,3.154,79.2628,1,0,0,0,0,2,0,0,2,2,0,86
PC1,O=C1C2=C(C=CC=C2)[Si](C)(C)C3=CC=CC=C31,-9.22316845,-0.58857393,3.7691,2.606,12.41796296,-1.694436728,12.41796296,0.183356481,0.64206688,238.362,224.25,238.0813916,84,0.192321986,-0.288626457,0.288626457,0.192321986,0.764705882,1.176470588,1.647058824,28.33178537,10.02413472,2.370664541,-2.317431812,2.18980096,-2.591684231,7.021872963,0.103524375,2.379332571,562.3238142,12.0436056,10.02705044,11.02705044,8.121027034,5.858824684,8.858824684,5.045291709,9.372641978,3.690069476,7.255453617,2.742420744,5.798791643,-1.673116883,10412.75495,10.47891674,3.407443763,1.338655914,102.1200019,0,8.073872301,5.783244946,0,0,4.794537184,0,0,61.62495926,10.37345129,11.12690298,0,4.794537184,24.23056854,0,13.09402271,0,59.65783953,0,10.37345129,0,0,0,13.85711725,0,15.92144017,48.53093655,13.09402271,0,17.07,8.073872301,4.794537184,5.783244946,0,11.12690298,10.37345129,0,36.39820241,25.22675684,0,0,0,12.41796296,2.53462963,1.810864198,0.183356481,16.14225309,0,4.633148148,-1.694436728,0.133333333,17,0,1,0,1,1,2,0,2,1,0,2,0,3,2.0536,73.0665,0,0,1,1,0,0,0,0,0,0,2,2,0,0,1,0,0,0,Alc10,OC(CC1=CC=CC=C1)C2=CC=CS2,-8.64139727,1.03292956,111.8150659,9.873253023,-0.363518519,9.873253023,0.363518519,0.814439084,204.294,192.198,204.060886,72,0.09216528,-0.38723214,0.38723214,0.09216528,1.071428571,1.857142857,2.5,32.13347352,10.07645264,2.078921369,-2.072307397,2.216794261,-1.983243765,7.095204082,0.182071194,2.055317991,366.4849572,9.803118619,7.75872109,8.575217671,6.860173345,4.614527515,5.494180326,3.220940058,4.200212366,2.143483815,3.117025632,1.418819851,2.130640812,-1.12,3066.32425,9.435606308,4.398850502,2.21844236,87.65297858,5.106527395,0,0,0,0,0,11.33678588,36.39820241,17.00988133,11.29796882,6.103966388,5.106527395,11.33678588,12.52478801,0,58.28523094,0,0,0,11.33678588,5.106527395,6.420821623,0,16.54456507,47.84463225,0,20.23,0,5.106527395,6.103966388,6.420821623,4.877147194,5.563451492,11.33678588,47.84463225,0,0,0,1.600269038,1.035975057,11.86288265,1.174444444,0,13.99416029,0.332268519,0,0,0.166666667,14,1,1,0,0,1,1,2,2,1,2,3,2,3.0242,59.4248,1,1,0,0,0,1,0,0,0,0,1,5
PC1,O=C1C2=C(C=CC=C2)[Si](C)(C)C3=CC=CC=C31,-9.22316845,-0.58857393,3.7691,2.606,12.41796296,-1.694436728,12.41796296,0.183356481,0.64206688,238.362,224.25,238.0813916,84,0.192321986,-0.288626457,0.288626457,0.192321986,0.764705882,1.176470588,1.647058824,28.33178537,10.02413472,2.370664541,-2.317431812,2.18980096,-2.591684231,7.021872963,0.103524375,2.379332571,562.3238142,12.0436056,10.02705044,11.02705044,8.121027034,5.858824684,8.858824684,5.045291709,9.372641978,3.690069476,7.255453617,2.742420744,5.798791643,-1.673116883,10412.75495,10.47891674,3.407443763,1.338655914,102.1200019,0,8.073872301,5.783244946,0,0,4.794537184,0,0,61.62495926,10.37345129,11.12690298,0,4.794537184,24.23056854,0,13.09402271,0,59.65783953,0,10.37345129,0,0,0,13.85711725,0,15.92144017,48.53093655,13.09402271,0,17.07,8.073872301,4.794537184,5.783244946,0,11.12690298,10.37345129,0,36.39820241,25.22675684,0,0,0,12.41796296,2.53462963,1.810864198,0.183356481,16.14225309,0,4.633148148,-1.694436728,0.133333333,17,0,1,0,1,1,2,0,2,1,0,2,0,3,2.0536,73.0665,0,0,1,1,0,0,0,0,0,0,2,2,0,0,1,0,0,0,Alc11,OC(CC1=CC=CC=C1)C2=CC=C3C(C=CC=C3)=C2,-8.12765359,0.32353879,110.1333659,10.33341648,-0.451846183,10.33341648,0.451846183,0.739012436,248.325,232.197,248.1201151,94,0.083009866,-0.388071663,0.388071663,0.083009866,0.736842105,1.421052632,2.210526316,16.26608468,9.986417292,2.083747824,-2.117047312,2.224950035,-2.010327051,5.82588213,0.178379756,1.869464155,673.3497853,13.0791395,10.65987388,10.65987388,9.32649984,6.534743449,6.534743449,4.812108497,4.812108497,3.430171422,3.430171422,2.370271693,2.370271693,-2.12,36765.48652,11.94179079,5.249619382,2.66527869,112.6942798,5.106527395,0,0,0,0,0,0,66.73003775,27.96571848,6.420821623,6.103966388,5.106527395,10.77244843,12.52478801,0,83.9233078,0,0,0,0,5.106527395,6.420821623,0,17.23086937,72.79640482,10.77244843,20.23,6.103966388,5.106527395,0,6.420821623,11.12690298,10.77244843,0,48.53093655,24.26546827,0,0,0,0,12.71329869,2.130288591,0,24.45629438,0.200118339,0,0,0.111111111,19,1,1,0,0,3,0,3,1,1,1,3,3,4.1159,79.0538,1,1,0,0,0,3,1,0,0,0,0,0
PC1,O=C1C2=C(C=CC=C2)[Si](C)(C)C3=CC=CC=C31,-9.22316845,-0.58857393,3.7691,2.606,12.41796296,-1.694436728,12.41796296,0.183356481,0.64206688,238.362,224.25,238.0813916,84,0.192321986,-0.288626457,0.288626457,0.192321986,0.764705882,1.176470588,1.647058824,28.33178537,10.02413472,2.370664541,-2.317431812,2.18980096,-2.591684231,7.021872963,0.103524375,2.379332571,562.3238142,12.0436056,10.02705044,11.02705044,8.121027034,5.858824684,8.858824684,5.045291709,9.372641978,3.690069476,7.255453617,2.742420744,5.798791643,-1.673116883,10412.75495,10.47891674,3.407443763,1.338655914,102.1200019,0,8.073872301,5.783244946,0,0,4.794537184,0,0,61.62495926,10.37345129,11.12690298,0,4.794537184,24.23056854,0,13.09402271,0,59.65783953,0,10.37345129,0,0,0,13.85711725,0,15.92144017,48.53093655,13.09402271,0,17.07,8.073872301,4.794537184,5.783244946,0,11.12690298,10.37345129,0,36.39820241,25.22675684,0,0,0,12.41796296,2.53462963,1.810864198,0.183356481,16.14225309,0,4.633148148,-1.694436728,0.133333333,17,0,1,0,1,1,2,0,2,1,0,2,0,3,2.0536,73.0665,0,0,1,1,0,0,0,0,0,0,2,2,0,0,1,0,0,0,Alc12,OC(CC1=CC=CC=C1)C2=C3C(C=CC=C3)=CC=C2,-8.02670078,0.27891275,110.2902409,10.47196901,-0.464351852,10.47196901,0.464351852,0.739012436,248.325,232.197,248.1201151,94,0.083586962,-0.388048921,0.388048921,0.083586962,0.736842105,1.421052632,2.263157895,16.2661245,9.961087362,2.108514386,-2.135341267,2.259726004,-2.019364071,5.854953123,0.179785723,1.955927549,668.0997853,13.0791395,10.65987388,10.65987388,9.343336593,6.540726513,6.540726513,4.773896154,4.773896154,3.454236172,3.454236172,2.488346906,2.488346906,-2.12,37234.02226,11.94179079,5.249619382,2.514643812,112.6942798,5.106527395,0,0,0,0,0,0,72.79640482,21.89935141,6.420821623,6.103966388,5.106527395,10.77244843,12.52478801,0,83.9233078,0,0,0,0,5.106527395,6.420821623,0,17.23086937,72.79640482,10.77244843,20.23,6.103966388,5.106527395,0,6.420821623,16.5131272,5.386224214,0,54.59730362,18.19910121,0,0,0,0,12.77802716,2.157303005,0,24.3813554,0.183314437,0,0,0.111111111,19,1,1,0,0,3,0,3,1,1,1,3,3,4.1159,79.0538,1,1,0,0,0,3,1,0,0,0,0,0
PC1,O=C1C2=C(C=CC=C2)[Si](C)(C)C3=CC=CC=C31,-9.22316845,-0.58857393,3.7691,2.606,12.41796296,-1.694436728,12.41796296,0.183356481,0.64206688,238.362,224.25,238.0813916,84,0.192321986,-0.288626457,0.288626457,0.192321986,0.764705882,1.176470588,1.647058824,28.33178537,10.02413472,2.370664541,-2.317431812,2.18980096,-2.591684231,7.021872963,0.103524375,2.379332571,562.3238142,12.0436056,10.02705044,11.02705044,8.121027034,5.858824684,8.858824684,5.045291709,9.372641978,3.690069476,7.255453617,2.742420744,5.798791643,-1.673116883,10412.75495,10.47891674,3.407443763,1.338655914,102.1200019,0,8.073872301,5.783244946,0,0,4.794537184,0,0,61.62495926,10.37345129,11.12690298,0,4.794537184,24.23056854,0,13.09402271,0,59.65783953,0,10.37345129,0,0,0,13.85711725,0,15.92144017,48.53093655,13.09402271,0,17.07,8.073872301,4.794537184,5.783244946,0,11.12690298,10.37345129,0,36.39820241,25.22675684,0,0,0,12.41796296,2.53462963,1.810864198,0.183356481,16.14225309,0,4.633148148,-1.694436728,0.133333333,17,0,1,0,1,1,2,0,2,1,0,2,0,3,2.0536,73.0665,0,0,1,1,0,0,0,0,0,0,2,2,0,0,1,0,0,0,Alc13,OC(CC1=CC=CC=C1)C2=CC(OCO3)=C3C=C2,-7.9864285,1.08381413,109.9953158,10.20884165,-0.526018519,10.20884165,0.257507114,0.898944943,242.274,228.162,242.0942943,92,0.230800378,-0.453595466,0.453595466,0.230800378,1,1.777777778,2.611111111,16.69672243,10.01045676,2.161838013,-2.112079703,2.342342866,-2.01108597,5.447982472,0.171222171,1.782012697,536.689907,12.37203272,9.874076162,9.874076162,8.82649984,5.942991739,5.942991739,4.318219186,4.318219186,3.053275195,3.053275195,2.075602865,2.075602865,-2,27276.07585,11.11111111,4.704,2.172635445,105.5988167,14.5802533,0,11.49902367,6.792942306,0,0,0,36.39820241,23.25963712,6.420821623,6.103966388,14.5802533,0,12.52478801,6.792942306,59.65783953,11.49902367,9.473725908,11.49902367,0,11.8994697,6.420821623,0,17.23086937,48.53093655,0,38.69,6.103966388,5.106527395,6.792942306,12.17033346,16.87641482,0,0,48.53093655,0,9.473725908,10.55373952,0,0,10.20884165,1.963675831,1.449326657,15.49522555,0.071683673,0.257507114,0,0.2,18,1,3,1,1,2,0,2,3,1,3,3,3,2.6914,67.6708,1,1,0,0,0,2,1,0,2,0,0,45
PC1,O=C1C2=C(C=CC=C2)[Si](C)(C)C3=CC=CC=C31,-9.22316845,-0.58857393,3.7691,2.606,12.41796296,-1.694436728,12.41796296,0.183356481,0.64206688,238.362,224.25,238.0813916,84,0.192321986,-0.288626457,0.288626457,0.192321986,0.764705882,1.176470588,1.647058824,28.33178537,10.02413472,2.370664541,-2.317431812,2.18980096,-2.591684231,7.021872963,0.103524375,2.379332571,562.3238142,12.0436056,10.02705044,11.02705044,8.121027034,5.858824684,8.858824684,5.045291709,9.372641978,3.690069476,7.255453617,2.742420744,5.798791643,-1.673116883,10412.75495,10.47891674,3.407443763,1.338655914,102.1200019,0,8.073872301,5.783244946,0,0,4.794537184,0,0,61.62495926,10.37345129,11.12690298,0,4.794537184,24.23056854,0,13.09402271,0,59.65783953,0,10.37345129,0,0,0,13.85711725,0,15.92144017,48.53093655,13.09402271,0,17.07,8.073872301,4.794537184,5.783244946,0,11.12690298,10.37345129,0,36.39820241,25.22675684,0,0,0,12.41796296,2.53462963,1.810864198,0.183356481,16.14225309,0,4.633148148,-1.694436728,0.133333333,17,0,1,0,1,1,2,0,2,1,0,2,0,3,2.0536,73.0665,0,0,1,1,0,0,0,0,0,0,2,2,0,0,1,0,0,0,Alc14,OC(CC1=CC=CC=C1)C2=CC=C3C(OCCO3)=C2,-8.04792536,1.06912019,110.6792909,10.27915415,-0.529419879,10.27915415,0.529419879,0.917331086,256.301,240.173,256.1099444,98,0.161229612,-0.486147273,0.486147273,0.161229612,0.947368421,1.684210526,2.473684211,16.56262844,10.00869622,2.151138065,-2.198867245,2.32807113,-2.153791222,5.441928646,0.164210297,1.779518637,551.1754333,13.0791395,10.58118294,10.58118294,9.32649984,6.442991739,6.442991739,4.608616347,4.608616347,3.222881543,3.222881543,2.222419671,2.222419671,-2,36765.48652,12.05540166,5.325443787,2.712802768,111.9637588,14.5802533,13.21376393,11.49902367,0,0,0,0,36.39820241,23.25963712,6.420821623,6.103966388,14.5802533,0,12.52478801,13.21376393,59.65783953,11.49902367,9.473725908,11.49902367,0,18.32029132,6.420821623,0,17.23086937,48.53093655,0,38.69,6.103966388,5.106527395,0,19.63458555,22.62592665,0,0,48.53093655,0,9.473725908,10.99818397,0,0,10.27915415,1.970363074,1.47015999,15.57085113,0.068282313,1.14300538,0,0.25,19,1,3,1,1,2,0,2,3,1,3,3,3,2.7339,72.5378,1,1,0,0,0,2,1,0,2,0,0,48
PC2,O=C1C2=C(C=CC=C2)SC3=CC=CC=C31,-8.12683726,-0.62231557,3.8874,2.6368,12.09462963,0.138842593,12.09462963,0.138842593,0.521763309,212.273,204.209,212.0295859,72,0.195365242,-0.288503188,0.288503188,0.195365242,0.733333333,1.2,1.733333333,32.13349928,10.16534903,2.02862388,-1.986099595,2.230710442,-1.99384685,7.240827245,1.746623808,2.662766691,640.2898406,10.25071238,7.935298734,8.751795315,7.360173345,4.767072974,5.583569555,3.423505053,4.507282009,2.483286575,3.635104913,1.750001556,2.82153408,-1.67,4959.094332,8.62327017,3.174281589,1.258787178,90.60710511,0,0,5.428790392,0,0,4.794537184,0,11.33678588,24.26546827,24.26546827,20.17228826,0,0,31.50907414,0,0,0,58.75426412,0,5.428790392,0,0,11.33678588,0,0,0,53.32547373,0,20.17228826,17.07,0,4.794537184,5.428790392,0,20.17228826,0,11.33678588,48.53093655,0,0,2.113333333,1.665416667,12.09462963,1.641111111,0.138842593,0,15.51333333,0,0,0,0,15,0,1,0,0,0,2,1,3,2,0,2,0,3,3.4147,65.601,0,0,0,0,0,0,0,0,0,0,2,2,0,0,0,0,0,0,Alc1,OC(CC1=CC=CC=C1)C2=CC=C(C(OC)=O)C=C2,-8.93854139,0.12353794,110.2839659,11.30088219,-0.574910242,11.30088219,0.371204472,0.855519056,256.301,240.173,256.1099444,98,0.337341793,-0.465417521,0.465417521,0.337341793,1.105263158,1.736842105,2.315789474,16.52329338,10.00323688,2.100617015,-2.111125286,2.185198708,-2.040609497,5.887593188,0.060023834,2.073681425,531.6803208,13.66492594,10.74431965,10.74431965,9.2027086,6.107223094,6.107223094,4.319110573,4.319110573,2.988430816,2.988430816,1.914407383,1.914407383,-2.13,25130.04108,13.30515172,6.15877057,3.421837675,112.0175669,9.843390349,0,0,0,5.969305288,4.794537184,0,42.46456948,23.25963712,6.420821623,18.77721542,14.63792753,5.969305288,12.52478801,7.109797541,71.28765809,0,0,0,0,18.18563022,11.15768458,0,27.58885805,54.59730362,0,46.53,6.103966388,9.901064579,5.969305288,11.98427311,11.12690298,7.109797541,24.26546827,30.33183534,4.736862954,0,4.630823061,0,11.30088219,10.14446232,2.348807109,-0.371204472,16.61944778,-0.020931201,0,1.347713215,0.1875,19,1,3,0,0,2,0,2,3,1,3,4,2,2.7493,72.8873,1,1,1,1,0,2,0,1,1,1,0,2
PC2,O=C1C2=C(C=CC=C2)SC3=CC=CC=C31,-8.12683726,-0.62231557,3.8874,2.6368,12.09462963,0.138842593,12.09462963,0.138842593,0.521763309,212.273,204.209,212.0295859,72,0.195365242,-0.288503188,0.288503188,0.195365242,0.733333333,1.2,1.733333333,32.13349928,10.16534903,2.02862388,-1.986099595,2.230710442,-1.99384685,7.240827245,1.746623808,2.662766691,640.2898406,10.25071238,7.935298734,8.751795315,7.360173345,4.767072974,5.583569555,3.423505053,4.507282009,2.483286575,3.635104913,1.750001556,2.82153408,-1.67,4959.094332,8.62327017,3.174281589,1.258787178,90.60710511,0,0,5.428790392,0,0,4.794537184,0,11.33678588,24.26546827,24.26546827,20.17228826,0,0,31.50907414,0,0,0,58.75426412,0,5.428790392,0,0,11.33678588,0,0,0,53.32547373,0,20.17228826,17.07,0,4.794537184,5.428790392,0,20.17228826,0,11.33678588,48.53093655,0,0,2.113333333,1.665416667,12.09462963,1.641111111,0.138842593,0,15.51333333,0,0,0,0,15,0,1,0,0,0,2,1,3,2,0,2,0,3,3.4147,65.601,0,0,0,0,0,0,0,0,0,0,2,2,0,0,0,0,0,0,Alc2,OC(CC1=CC=CC=C1)C2=CC=CC=C2,-8.90697663,1.05415414,110.1584658,9.973947468,-0.408703704,9.973947468,0.408703704,0.803505173,198.265,184.153,198.1044651,76,0.08298805,-0.388072044,0.388072044,0.08298805,0.8,1.333333333,1.933333333,16.26607617,10.01729244,2.063045969,-2.099774891,2.167902087,-2.005146996,5.216146633,0.178227923,2.078451608,394.1985815,10.5102254,8.505173338,8.505173338,7.360173345,5.13004291,5.13004291,3.616204083,3.616204083,2.456222038,2.456222038,1.630392829,1.630392829,-1.6,4035.300847,9.936265432,4.759877127,2.672959184,90.01261531,5.106527395,0,0,0,0,0,0,60.66367068,11.12690298,6.420821623,6.103966388,5.106527395,0,12.52478801,0,71.79057367,0,0,0,0,5.106527395,6.420821623,0,17.23086937,60.66367068,0,20.23,6.103966388,5.106527395,0,6.420821623,11.12690298,0,0,60.66367068,0,0,0,0,0,9.973947468,2.134450113,0,19.79549131,0.262777778,0,0,0.142857143,15,1,1,0,0,2,0,2,1,1,1,3,2,2.9627,61.5478,1,1,0,0,0,2,0,0,0,0,0,1
PC2,O=C1C2=C(C=CC=C2)SC3=CC=CC=C31,-8.12683726,-0.62231557,3.8874,2.6368,12.09462963,0.138842593,12.09462963,0.138842593,0.521763309,212.273,204.209,212.0295859,72,0.195365242,-0.288503188,0.288503188,0.195365242,0.733333333,1.2,1.733333333,32.13349928,10.16534903,2.02862388,-1.986099595,2.230710442,-1.99384685,7.240827245,1.746623808,2.662766691,640.2898406,10.25071238,7.935298734,8.751795315,7.360173345,4.767072974,5.583569555,3.423505053,4.507282009,2.483286575,3.635104913,1.750001556,2.82153408,-1.67,4959.094332,8.62327017,3.174281589,1.258787178,90.60710511,0,0,5.428790392,0,0,4.794537184,0,11.33678588,24.26546827,24.26546827,20.17228826,0,0,31.50907414,0,0,0,58.75426412,0,5.428790392,0,0,11.33678588,0,0,0,53.32547373,0,20.17228826,17.07,0,4.794537184,5.428790392,0,20.17228826,0,11.33678588,48.53093655,0,0,2.113333333,1.665416667,12.09462963,1.641111111,0.138842593,0,15.51333333,0,0,0,0,15,0,1,0,0,0,2,1,3,2,0,2,0,3,3.4147,65.601,0,0,0,0,0,0,0,0,0,0,2,2,0,0,0,0,0,0,Alc3,OC(CC1=CC=CC=C1)C2=CC=C(C3=CC=CC=C3)C=C2,-8.36030764,0.54884587,110.1647408,10.33540753,-0.4609043,10.33540753,0.4609043,0.735116307,274.363,256.219,274.1357652,104,0.082988753,-0.388072038,0.388072038,0.082988753,0.619047619,1.142857143,1.761904762,16.26608329,9.982653574,2.08184519,-2.117053785,2.231560759,-2.009876154,5.629945447,0.178242278,1.7483318,672.0487817,14.49335306,11.81457441,11.81457441,10.32649984,7.201410115,7.201410115,5.193554353,5.193554353,3.674455551,3.674455551,2.483526522,2.483526522,-2.38,104293.4243,13.59609414,6.379998763,3.388286558,125.0697095,5.106527395,0,0,0,0,0,0,84.92913896,22.25380597,6.420821623,6.103966388,5.106527395,0,12.52478801,0,96.05604194,11.12690298,0,0,0,5.106527395,6.420821623,0,17.23086937,84.92913896,11.12690298,20.23,6.103966388,5.106527395,0,6.420821623,11.12690298,11.12690298,0,60.66367068,24.26546827,0,0,0,0,10.33540753,4.475491082,0,28.50563698,0.183464401,0,0,0.1,21,1,1,0,0,3,0,3,1,1,1,4,3,4.6297,86.9838,1,1,0,0,0,3,0,0,0,0,0,1
PC2,O=C1C2=C(C=CC=C2)SC3=CC=CC=C31,-8.12683726,-0.62231557,3.8874,2.6368,12.09462963,0.138842593,12.09462963,0.138842593,0.521763309,212.273,204.209,212.0295859,72,0.195365242,-0.288503188,0.288503188,0.195365242,0.733333333,1.2,1.733333333,32.13349928,10.16534903,2.02862388,-1.986099595,2.230710442,-1.99384685,7.240827245,1.746623808,2.662766691,640.2898406,10.25071238,7.935298734,8.751795315,7.360173345,4.767072974,5.583569555,3.423505053,4.507282009,2.483286575,3.635104913,1.750001556,2.82153408,-1.67,4959.094332,8.62327017,3.174281589,1.258787178,90.60710511,0,0,5.428790392,0,0,4.794537184,0,11.33678588,24.26546827,24.26546827,20.17228826,0,0,31.50907414,0,0,0,58.75426412,0,5.428790392,0,0,11.33678588,0,0,0,53.32547373,0,20.17228826,17.07,0,4.794537184,5.428790392,0,20.17228826,0,11.33678588,48.53093655,0,0,2.113333333,1.665416667,12.09462963,1.641111111,0.138842593,0,15.51333333,0,0,0,0,15,0,1,0,0,0,2,1,3,2,0,2,0,3,3.4147,65.601,0,0,0,0,0,0,0,0,0,0,2,2,0,0,0,0,0,0,Alc4,OC(CC1=CC=CC=C1)C2=CC=C(C)C=C2,-8.66833616,1.06231744,110.0894409,10.06483938,-0.413888889,10.06483938,0.413888889,0.827496934,212.292,196.164,212.1201151,82,0.082988375,-0.388072041,0.388072041,0.082988375,0.9375,1.5625,2.1875,16.26607839,10.0062892,2.069742142,-2.107210664,2.178966078,-2.009250363,5.250301887,0.178214004,2.085070945,430.7519476,11.38046889,9.427823069,9.427823069,7.754020195,5.540726513,5.540726513,4.116204083,4.116204083,2.733999816,2.733999816,1.743806823,1.743806823,-1.6,5689.016293,10.90261427,4.950941945,2.706772373,96.37755742,5.106527395,0,0,0,0,0,0,60.16075511,18.05064018,6.420821623,6.103966388,5.106527395,0,19.44852521,0,71.28765809,0,0,0,0,5.106527395,6.420821623,6.9237372,22.79432086,54.59730362,0,20.23,6.103966388,5.106527395,0,6.420821623,11.12690298,5.563451492,0,61.52104082,0,0,0,0,0,10.06483938,3.361749234,0,18.101132,0.25664777,2.048964947,0,0.2,16,1,1,0,0,2,0,2,1,1,1,3,2,3.27112,66.2848,1,1,0,0,1,2,0,0,0,0,0,8
PC2,O=C1C2=C(C=CC=C2)SC3=CC=CC=C31,-8.12683726,-0.62231557,3.8874,2.6368,12.09462963,0.138842593,12.09462963,0.138842593,0.521763309,212.273,204.209,212.0295859,72,0.195365242,-0.288503188,0.288503188,0.195365242,0.733333333,1.2,1.733333333,32.13349928,10.16534903,2.02862388,-1.986099595,2.230710442,-1.99384685,7.240827245,1.746623808,2.662766691,640.2898406,10.25071238,7.935298734,8.751795315,7.360173345,4.767072974,5.583569555,3.423505053,4.507282009,2.483286575,3.635104913,1.750001556,2.82153408,-1.67,4959.094332,8.62327017,3.174281589,1.258787178,90.60710511,0,0,5.428790392,0,0,4.794537184,0,11.33678588,24.26546827,24.26546827,20.17228826,0,0,31.50907414,0,0,0,58.75426412,0,5.428790392,0,0,11.33678588,0,0,0,53.32547373,0,20.17228826,17.07,0,4.794537184,5.428790392,0,20.17228826,0,11.33678588,48.53093655,0,0,2.113333333,1.665416667,12.09462963,1.641111111,0.138842593,0,15.51333333,0,0,0,0,15,0,1,0,0,0,2,1,3,2,0,2,0,3,3.4147,65.601,0,0,0,0,0,0,0,0,0,0,2,2,0,0,0,0,0,0,Alc5,OC(CC1=CC=CC=C1)C2=CC=C(OC)C=C2,-8.23187172,1.04735139,110.4094658,10.09672714,-0.469160998,10.09672714,0.469160998,0.871362138,228.291,212.163,228.1150298,88,0.118381005,-0.496768192,0.496768192,0.118381005,1,1.647058824,2.235294118,16.46529396,10.01448176,2.0766339,-2.111463059,2.203362817,-2.010311168,5.291757737,0.178131117,2.062926536,448.1078528,12.08757567,9.836071359,9.836071359,8.292024998,5.653098949,5.653098949,3.97868022,3.97868022,2.772451507,2.772451507,1.781264301,1.781264301,-1.8,10090.55557,11.67858558,5.50509078,3.078969757,101.4911027,9.843390349,5.749511833,0,0,0,0,0,42.46456948,23.25963712,6.420821623,13.21376393,9.843390349,0,12.52478801,7.109797541,65.7242066,5.749511833,4.736862954,5.749511833,0,12.21632494,6.420821623,0,17.23086937,54.59730362,0,29.46,6.103966388,5.106527395,0,6.420821623,16.87641482,0,7.109797541,54.59730362,0,4.736862954,5.085560668,0,0,10.09672714,2.046732516,0.806167695,17.50086494,0.162950916,0,1.634329465,0.2,17,1,2,0,0,2,0,2,2,1,2,4,2,2.9713,68.0998,1,1,0,0,0,2,0,0,1,1,0,11
PC2,O=C1C2=C(C=CC=C2)SC3=CC=CC=C31,-8.12683726,-0.62231557,3.8874,2.6368,12.09462963,0.138842593,12.09462963,0.138842593,0.521763309,212.273,204.209,212.0295859,72,0.195365242,-0.288503188,0.288503188,0.195365242,0.733333333,1.2,1.733333333,32.13349928,10.16534903,2.02862388,-1.986099595,2.230710442,-1.99384685,7.240827245,1.746623808,2.662766691,640.2898406,10.25071238,7.935298734,8.751795315,7.360173345,4.767072974,5.583569555,3.423505053,4.507282009,2.483286575,3.635104913,1.750001556,2.82153408,-1.67,4959.094332,8.62327017,3.174281589,1.258787178,90.60710511,0,0,5.428790392,0,0,4.794537184,0,11.33678588,24.26546827,24.26546827,20.17228826,0,0,31.50907414,0,0,0,58.75426412,0,5.428790392,0,0,11.33678588,0,0,0,53.32547373,0,20.17228826,17.07,0,4.794537184,5.428790392,0,20.17228826,0,11.33678588,48.53093655,0,0,2.113333333,1.665416667,12.09462963,1.641111111,0.138842593,0,15.51333333,0,0,0,0,15,0,1,0,0,0,2,1,3,2,0,2,0,3,3.4147,65.601,0,0,0,0,0,0,0,0,0,0,2,2,0,0,0,0,0,0,Alc6,OC(CC1=CC=CC=C1)C2=CC=C(OC)C(OC)=C2,-7.88792468,1.04517451,110.5224158,10.26113757,-0.55351285,10.26113757,0.55351285,0.895699088,258.317,240.173,258.1255944,100,0.160584538,-0.49286995,0.49286995,0.160584538,0.947368421,1.631578947,2.263157895,16.50784068,10.0096787,2.117243407,-2.139118621,2.303972964,-2.023299719,5.433081291,0.177599354,2.170628056,522.7721843,13.66492594,11.16696938,11.16696938,9.240713403,6.182138051,6.182138051,4.319941212,4.319941212,3.064246236,3.064246236,2.015286458,2.015286458,-2,25290.51808,13.43209877,6.25,3.26326743,112.96959,14.5802533,0,11.49902367,0,0,0,0,36.39820241,23.25963712,6.420821623,20.32356147,14.5802533,0,12.52478801,14.21959508,59.65783953,11.49902367,9.473725908,11.49902367,0,19.32612248,6.420821623,0,17.23086937,48.53093655,0,38.69,6.103966388,5.106527395,0,17.91984529,11.12690298,0,14.21959508,48.53093655,0,9.473725908,10.42373952,0,0,10.26113757,1.922488846,1.296548879,15.38624764,0.026172761,0,3.183664782,0.25,19,1,3,0,0,2,0,2,3,1,3,5,2,2.9799,74.6518,1,1,0,0,0,2,0,0,2,2,0,63
PC2,O=C1C2=C(C=CC=C2)SC3=CC=CC=C31,-8.12683726,-0.62231557,3.8874,2.6368,12.09462963,0.138842593,12.09462963,0.138842593,0.521763309,212.273,204.209,212.0295859,72,0.195365242,-0.288503188,0.288503188,0.195365242,0.733333333,1.2,1.733333333,32.13349928,10.16534903,2.02862388,-1.986099595,2.230710442,-1.99384685,7.240827245,1.746623808,2.662766691,640.2898406,10.25071238,7.935298734,8.751795315,7.360173345,4.767072974,5.583569555,3.423505053,4.507282009,2.483286575,3.635104913,1.750001556,2.82153408,-1.67,4959.094332,8.62327017,3.174281589,1.258787178,90.60710511,0,0,5.428790392,0,0,4.794537184,0,11.33678588,24.26546827,24.26546827,20.17228826,0,0,31.50907414,0,0,0,58.75426412,0,5.428790392,0,0,11.33678588,0,0,0,53.32547373,0,20.17228826,17.07,0,4.794537184,5.428790392,0,20.17228826,0,11.33678588,48.53093655,0,0,2.113333333,1.665416667,12.09462963,1.641111111,0.138842593,0,15.51333333,0,0,0,0,15,0,1,0,0,0,2,1,3,2,0,2,0,3,3.4147,65.601,0,0,0,0,0,0,0,0,0,0,2,2,0,0,0,0,0,0,Alc7,OC(CC1=CC=CC=C1)C2=C(OC)C=CC=C2OC,-8.24683777,1.0149703,107.1841159,10.43783636,-0.658796296,10.43783636,0.52537037,0.895699088,258.317,240.173,258.1255944,100,0.127902095,-0.496228759,0.496228759,0.127902095,0.894736842,1.473684211,2,16.47797685,9.995068211,2.183895081,-2.176698553,2.348905965,-2.059889902,5.463673305,0.169084656,2.29696563,500.5221843,13.66492594,11.16696938,11.16696938,9.257550155,6.188121115,6.188121115,4.281728869,4.281728869,3.07104304,3.07104304,2.14772538,2.14772538,-2,25369.48259,13.43209877,6.25,3.0625,112.96959,14.5802533,11.49902367,0,0,0,0,0,36.39820241,17.69618563,6.420821623,25.88701296,14.5802533,0,12.52478801,14.21959508,59.65783953,11.49902367,9.473725908,11.49902367,0,19.32612248,6.420821623,0,17.23086937,48.53093655,0,38.69,6.103966388,5.106527395,0,23.48329678,5.563451492,0,14.21959508,48.53093655,0,9.473725908,10.61332861,0,0,10.43783636,1.763252079,1.282928005,15.35451247,-0.133425926,0,3.181568405,0.25,19,1,3,0,0,2,0,2,3,1,3,5,2,2.9799,74.6518,1,1,0,0,0,2,0,0,2,2,0,9
PC2,O=C1C2=C(C=CC=C2)SC3=CC=CC=C31,-8.12683726,-0.62231557,3.8874,2.6368,12.09462963,0.138842593,12.09462963,0.138842593,0.521763309,212.273,204.209,212.0295859,72,0.195365242,-0.288503188,0.288503188,0.195365242,0.733333333,1.2,1.733333333,32.13349928,10.16534903,2.02862388,-1.986099595,2.230710442,-1.99384685,7.240827245,1.746623808,2.662766691,640.2898406,10.25071238,7.935298734,8.751795315,7.360173345,4.767072974,5.583569555,3.423505053,4.507282009,2.483286575,3.635104913,1.750001556,2.82153408,-1.67,4959.094332,8.62327017,3.174281589,1.258787178,90.60710511,0,0,5.428790392,0,0,4.794537184,0,11.33678588,24.26546827,24.26546827,20.17228826,0,0,31.50907414,0,0,0,58.75426412,0,5.428790392,0,0,11.33678588,0,0,0,53.32547373,0,20.17228826,17.07,0,4.794537184,5.428790392,0,20.17228826,0,11.33678588,48.53093655,0,0,2.113333333,1.665416667,12.09462963,1.641111111,0.138842593,0,15.51333333,0,0,0,0,15,0,1,0,0,0,2,1,3,2,0,2,0,3,3.4147,65.601,0,0,0,0,0,0,0,0,0,0,2,2,0,0,0,0,0,0,Alc8,OC(CC1=CC=CC=C1)(C)C2=CC=C(OC)C=C2,-8.17772183,1.02993635,110.2274909,10.56200491,-0.867435752,10.56200491,0.597389692,0.892105667,242.318,224.174,242.1306798,94,0.118381372,-0.496768189,0.496768189,0.118381372,1,1.611111111,2.166666667,16.46530434,9.889503761,2.227971509,-2.238534935,2.263139458,-2.236217268,5.316379902,0.05756913,2.188427957,486.2652269,13.0102254,10.75872109,10.75872109,8.61532163,6.025136822,6.025136822,4.664730961,4.664730961,3.103088053,3.103088053,2.04546916,2.04546916,-1.8,13287.8363,12.65159546,5.233467659,2.901820229,107.8560448,9.843390349,5.749511833,0,0,0,0,0,42.46456948,30.18337432,6.420821623,12.71084835,9.843390349,0,18.94560963,7.109797541,65.7242066,5.749511833,4.736862954,5.749511833,0,12.21632494,12.02187243,0,18.05064018,54.59730362,0,29.46,5.601050811,5.106527395,0,6.420821623,16.87641482,0,7.109797541,61.52104082,0,4.736862954,5.118487728,0,0,10.56200491,1.151518986,0.80024177,17.54919827,0.597389692,1.835128496,1.636030145,0.25,18,1,2,0,0,2,0,2,2,1,2,4,2,3.1454,72.7108,1,0,0,0,0,2,0,0,1,1,0,18
PC2,O=C1C2=C(C=CC=C2)SC3=CC=CC=C31,-8.12683726,-0.62231557,3.8874,2.6368,12.09462963,0.138842593,12.09462963,0.138842593,0.521763309,212.273,204.209,212.0295859,72,0.195365242,-0.288503188,0.288503188,0.195365242,0.733333333,1.2,1.733333333,32.13349928,10.16534903,2.02862388,-1.986099595,2.230710442,-1.99384685,7.240827245,1.746623808,2.662766691,640.2898406,10.25071238,7.935298734,8.751795315,7.360173345,4.767072974,5.583569555,3.423505053,4.507282009,2.483286575,3.635104913,1.750001556,2.82153408,-1.67,4959.094332,8.62327017,3.174281589,1.258787178,90.60710511,0,0,5.428790392,0,0,4.794537184,0,11.33678588,24.26546827,24.26546827,20.17228826,0,0,31.50907414,0,0,0,58.75426412,0,5.428790392,0,0,11.33678588,0,0,0,53.32547373,0,20.17228826,17.07,0,4.794537184,5.428790392,0,20.17228826,0,11.33678588,48.53093655,0,0,2.113333333,1.665416667,12.09462963,1.641111111,0.138842593,0,15.51333333,0,0,0,0,15,0,1,0,0,0,2,1,3,2,0,2,0,3,3.4147,65.601,0,0,0,0,0,0,0,0,0,0,2,2,0,0,0,0,0,0,Alc9,OC(CC1=CC=CC=C1)(C)C2=CC(OC)=C(OC)C=C2,-7.83976121,1.02803158,110.3090658,10.72641534,-0.957435752,10.72641534,0.544963388,0.908372189,272.344,252.184,272.1412445,106,0.160595357,-0.492869947,0.492869947,0.160595357,0.95,1.6,2.2,16.50786391,9.886714685,2.244651992,-2.246767403,2.332200447,-2.238535517,5.4439743,0.057303819,2.290057545,561.7027291,14.58757567,12.08961911,12.08961911,9.564010035,6.554175925,6.554175925,5.005991953,5.005991953,3.396609945,3.396609945,2.266626138,2.266626138,-2,33330.10718,14.4099723,5.969821674,3.114186851,119.3345321,14.5802533,0,11.49902367,0,0,0,0,36.39820241,30.18337432,6.420821623,19.82064589,14.5802533,0,18.94560963,14.21959508,59.65783953,11.49902367,9.473725908,11.49902367,0,19.32612248,12.02187243,0,18.05064018,48.53093655,0,38.69,5.601050811,5.106527395,0,17.91984529,11.12690298,0,21.14333228,48.53093655,0,9.473725908,10.50166658,0,0,10.72641534,0.937275316,1.282497953,15.42937264,0.544963388,1.806795163,3.187680277,0.294117647,20,1,3,0,0,2,0,2,3,1,3,5,2,3.154,79.2628,1,0,0,0,0,2,0,0,2,2,0,86
PC2,O=C1C2=C(C=CC=C2)SC3=CC=CC=C31,-8.12683726,-0.62231557,3.8874,2.6368,12.09462963,0.138842593,12.09462963,0.138842593,0.521763309,212.273,204.209,212.0295859,72,0.195365242,-0.288503188,0.288503188,0.195365242,0.733333333,1.2,1.733333333,32.13349928,10.16534903,2.02862388,-1.986099595,2.230710442,-1.99384685,7.240827245,1.746623808,2.662766691,640.2898406,10.25071238,7.935298734,8.751795315,7.360173345,4.767072974,5.583569555,3.423505053,4.507282009,2.483286575,3.635104913,1.750001556,2.82153408,-1.67,4959.094332,8.62327017,3.174281589,1.258787178,90.60710511,0,0,5.428790392,0,0,4.794537184,0,11.33678588,24.26546827,24.26546827,20.17228826,0,0,31.50907414,0,0,0,58.75426412,0,5.428790392,0,0,11.33678588,0,0,0,53.32547373,0,20.17228826,17.07,0,4.794537184,5.428790392,0,20.17228826,0,11.33678588,48.53093655,0,0,2.113333333,1.665416667,12.09462963,1.641111111,0.138842593,0,15.51333333,0,0,0,0,15,0,1,0,0,0,2,1,3,2,0,2,0,3,3.4147,65.601,0,0,0,0,0,0,0,0,0,0,2,2,0,0,0,0,0,0,Alc10,OC(CC1=CC=CC=C1)C2=CC=CS2,-8.64139727,1.03292956,111.8150659,9.873253023,-0.363518519,9.873253023,0.363518519,0.814439084,204.294,192.198,204.060886,72,0.09216528,-0.38723214,0.38723214,0.09216528,1.071428571,1.857142857,2.5,32.13347352,10.07645264,2.078921369,-2.072307397,2.216794261,-1.983243765,7.095204082,0.182071194,2.055317991,366.4849572,9.803118619,7.75872109,8.575217671,6.860173345,4.614527515,5.494180326,3.220940058,4.200212366,2.143483815,3.117025632,1.418819851,2.130640812,-1.12,3066.32425,9.435606308,4.398850502,2.21844236,87.65297858,5.106527395,0,0,0,0,0,11.33678588,36.39820241,17.00988133,11.29796882,6.103966388,5.106527395,11.33678588,12.52478801,0,58.28523094,0,0,0,11.33678588,5.106527395,6.420821623,0,16.54456507,47.84463225,0,20.23,0,5.106527395,6.103966388,6.420821623,4.877147194,5.563451492,11.33678588,47.84463225,0,0,0,1.600269038,1.035975057,11.86288265,1.174444444,0,13.99416029,0.332268519,0,0,0.166666667,14,1,1,0,0,1,1,2,2,1,2,3,2,3.0242,59.4248,1,1,0,0,0,1,0,0,0,0,1,1
PC2,O=C1C2=C(C=CC=C2)SC3=CC=CC=C31,-8.12683726,-0.62231557,3.8874,2.6368,12.09462963,0.138842593,12.09462963,0.138842593,0.521763309,212.273,204.209,212.0295859,72,0.195365242,-0.288503188,0.288503188,0.195365242,0.733333333,1.2,1.733333333,32.13349928,10.16534903,2.02862388,-1.986099595,2.230710442,-1.99384685,7.240827245,1.746623808,2.662766691,640.2898406,10.25071238,7.935298734,8.751795315,7.360173345,4.767072974,5.583569555,3.423505053,4.507282009,2.483286575,3.635104913,1.750001556,2.82153408,-1.67,4959.094332,8.62327017,3.174281589,1.258787178,90.60710511,0,0,5.428790392,0,0,4.794537184,0,11.33678588,24.26546827,24.26546827,20.17228826,0,0,31.50907414,0,0,0,58.75426412,0,5.428790392,0,0,11.33678588,0,0,0,53.32547373,0,20.17228826,17.07,0,4.794537184,5.428790392,0,20.17228826,0,11.33678588,48.53093655,0,0,2.113333333,1.665416667,12.09462963,1.641111111,0.138842593,0,15.51333333,0,0,0,0,15,0,1,0,0,0,2,1,3,2,0,2,0,3,3.4147,65.601,0,0,0,0,0,0,0,0,0,0,2,2,0,0,0,0,0,0,Alc11,OC(CC1=CC=CC=C1)C2=CC=C3C(C=CC=C3)=C2,-8.12765359,0.32353879,110.1333659,10.33341648,-0.451846183,10.33341648,0.451846183,0.739012436,248.325,232.197,248.1201151,94,0.083009866,-0.388071663,0.388071663,0.083009866,0.736842105,1.421052632,2.210526316,16.26608468,9.986417292,2.083747824,-2.117047312,2.224950035,-2.010327051,5.82588213,0.178379756,1.869464155,673.3497853,13.0791395,10.65987388,10.65987388,9.32649984,6.534743449,6.534743449,4.812108497,4.812108497,3.430171422,3.430171422,2.370271693,2.370271693,-2.12,36765.48652,11.94179079,5.249619382,2.66527869,112.6942798,5.106527395,0,0,0,0,0,0,66.73003775,27.96571848,6.420821623,6.103966388,5.106527395,10.77244843,12.52478801,0,83.9233078,0,0,0,0,5.106527395,6.420821623,0,17.23086937,72.79640482,10.77244843,20.23,6.103966388,5.106527395,0,6.420821623,11.12690298,10.77244843,0,48.53093655,24.26546827,0,0,0,0,12.71329869,2.130288591,0,24.45629438,0.200118339,0,0,0.111111111,19,1,1,0,0,3,0,3,1,1,1,3,3,4.1159,79.0538,1,1,0,0,0,3,1,0,0,0,0,1
PC2,O=C1C2=C(C=CC=C2)SC3=CC=CC=C31,-8.12683726,-0.62231557,3.8874,2.6368,12.09462963,0.138842593,12.09462963,0.138842593,0.521763309,212.273,204.209,212.0295859,72,0.195365242,-0.288503188,0.288503188,0.195365242,0.733333333,1.2,1.733333333,32.13349928,10.16534903,2.02862388,-1.986099595,2.230710442,-1.99384685,7.240827245,1.746623808,2.662766691,640.2898406,10.25071238,7.935298734,8.751795315,7.360173345,4.767072974,5.583569555,3.423505053,4.507282009,2.483286575,3.635104913,1.750001556,2.82153408,-1.67,4959.094332,8.62327017,3.174281589,1.258787178,90.60710511,0,0,5.428790392,0,0,4.794537184,0,11.33678588,24.26546827,24.26546827,20.17228826,0,0,31.50907414,0,0,0,58.75426412,0,5.428790392,0,0,11.33678588,0,0,0,53.32547373,0,20.17228826,17.07,0,4.794537184,5.428790392,0,20.17228826,0,11.33678588,48.53093655,0,0,2.113333333,1.665416667,12.09462963,1.641111111,0.138842593,0,15.51333333,0,0,0,0,15,0,1,0,0,0,2,1,3,2,0,2,0,3,3.4147,65.601,0,0,0,0,0,0,0,0,0,0,2,2,0,0,0,0,0,0,Alc12,OC(CC1=CC=CC=C1)C2=C3C(C=CC=C3)=CC=C2,-8.02670078,0.27891275,110.2902409,10.47196901,-0.464351852,10.47196901,0.464351852,0.739012436,248.325,232.197,248.1201151,94,0.083586962,-0.388048921,0.388048921,0.083586962,0.736842105,1.421052632,2.263157895,16.2661245,9.961087362,2.108514386,-2.135341267,2.259726004,-2.019364071,5.854953123,0.179785723,1.955927549,668.0997853,13.0791395,10.65987388,10.65987388,9.343336593,6.540726513,6.540726513,4.773896154,4.773896154,3.454236172,3.454236172,2.488346906,2.488346906,-2.12,37234.02226,11.94179079,5.249619382,2.514643812,112.6942798,5.106527395,0,0,0,0,0,0,72.79640482,21.89935141,6.420821623,6.103966388,5.106527395,10.77244843,12.52478801,0,83.9233078,0,0,0,0,5.106527395,6.420821623,0,17.23086937,72.79640482,10.77244843,20.23,6.103966388,5.106527395,0,6.420821623,16.5131272,5.386224214,0,54.59730362,18.19910121,0,0,0,0,12.77802716,2.157303005,0,24.3813554,0.183314437,0,0,0.111111111,19,1,1,0,0,3,0,3,1,1,1,3,3,4.1159,79.0538,1,1,0,0,0,3,1,0,0,0,0,0
PC2,O=C1C2=C(C=CC=C2)SC3=CC=CC=C31,-8.12683726,-0.62231557,3.8874,2.6368,12.09462963,0.138842593,12.09462963,0.138842593,0.521763309,212.273,204.209,212.0295859,72,0.195365242,-0.288503188,0.288503188,0.195365242,0.733333333,1.2,1.733333333,32.13349928,10.16534903,2.02862388,-1.986099595,2.230710442,-1.99384685,7.240827245,1.746623808,2.662766691,640.2898406,10.25071238,7.935298734,8.751795315,7.360173345,4.767072974,5.583569555,3.423505053,4.507282009,2.483286575,3.635104913,1.750001556,2.82153408,-1.67,4959.094332,8.62327017,3.174281589,1.258787178,90.60710511,0,0,5.428790392,0,0,4.794537184,0,11.33678588,24.26546827,24.26546827,20.17228826,0,0,31.50907414,0,0,0,58.75426412,0,5.428790392,0,0,11.33678588,0,0,0,53.32547373,0,20.17228826,17.07,0,4.794537184,5.428790392,0,20.17228826,0,11.33678588,48.53093655,0,0,2.113333333,1.665416667,12.09462963,1.641111111,0.138842593,0,15.51333333,0,0,0,0,15,0,1,0,0,0,2,1,3,2,0,2,0,3,3.4147,65.601,0,0,0,0,0,0,0,0,0,0,2,2,0,0,0,0,0,0,Alc13,OC(CC1=CC=CC=C1)C2=CC(OCO3)=C3C=C2,-7.9864285,1.08381413,109.9953158,10.20884165,-0.526018519,10.20884165,0.257507114,0.898944943,242.274,228.162,242.0942943,92,0.230800378,-0.453595466,0.453595466,0.230800378,1,1.777777778,2.611111111,16.69672243,10.01045676,2.161838013,-2.112079703,2.342342866,-2.01108597,5.447982472,0.171222171,1.782012697,536.689907,12.37203272,9.874076162,9.874076162,8.82649984,5.942991739,5.942991739,4.318219186,4.318219186,3.053275195,3.053275195,2.075602865,2.075602865,-2,27276.07585,11.11111111,4.704,2.172635445,105.5988167,14.5802533,0,11.49902367,6.792942306,0,0,0,36.39820241,23.25963712,6.420821623,6.103966388,14.5802533,0,12.52478801,6.792942306,59.65783953,11.49902367,9.473725908,11.49902367,0,11.8994697,6.420821623,0,17.23086937,48.53093655,0,38.69,6.103966388,5.106527395,6.792942306,12.17033346,16.87641482,0,0,48.53093655,0,9.473725908,10.55373952,0,0,10.20884165,1.963675831,1.449326657,15.49522555,0.071683673,0.257507114,0,0.2,18,1,3,1,1,2,0,2,3,1,3,3,3,2.6914,67.6708,1,1,0,0,0,2,1,0,2,0,0,31
PC2,O=C1C2=C(C=CC=C2)SC3=CC=CC=C31,-8.12683726,-0.62231557,3.8874,2.6368,12.09462963,0.138842593,12.09462963,0.138842593,0.521763309,212.273,204.209,212.0295859,72,0.195365242,-0.288503188,0.288503188,0.195365242,0.733333333,1.2,1.733333333,32.13349928,10.16534903,2.02862388,-1.986099595,2.230710442,-1.99384685,7.240827245,1.746623808,2.662766691,640.2898406,10.25071238,7.935298734,8.751795315,7.360173345,4.767072974,5.583569555,3.423505053,4.507282009,2.483286575,3.635104913,1.750001556,2.82153408,-1.67,4959.094332,8.62327017,3.174281589,1.258787178,90.60710511,0,0,5.428790392,0,0,4.794537184,0,11.33678588,24.26546827,24.26546827,20.17228826,0,0,31.50907414,0,0,0,58.75426412,0,5.428790392,0,0,11.33678588,0,0,0,53.32547373,0,20.17228826,17.07,0,4.794537184,5.428790392,0,20.17228826,0,11.33678588,48.53093655,0,0,2.113333333,1.665416667,12.09462963,1.641111111,0.138842593,0,15.51333333,0,0,0,0,15,0,1,0,0,0,2,1,3,2,0,2,0,3,3.4147,65.601,0,0,0,0,0,0,0,0,0,0,2,2,0,0,0,0,0,0,Alc14,OC(CC1=CC=CC=C1)C2=CC=C3C(OCCO3)=C2,-8.04792536,1.06912019,110.6792909,10.27915415,-0.529419879,10.27915415,0.529419879,0.917331086,256.301,240.173,256.1099444,98,0.161229612,-0.486147273,0.486147273,0.161229612,0.947368421,1.684210526,2.473684211,16.56262844,10.00869622,2.151138065,-2.198867245,2.32807113,-2.153791222,5.441928646,0.164210297,1.779518637,551.1754333,13.0791395,10.58118294,10.58118294,9.32649984,6.442991739,6.442991739,4.608616347,4.608616347,3.222881543,3.222881543,2.222419671,2.222419671,-2,36765.48652,12.05540166,5.325443787,2.712802768,111.9637588,14.5802533,13.21376393,11.49902367,0,0,0,0,36.39820241,23.25963712,6.420821623,6.103966388,14.5802533,0,12.52478801,13.21376393,59.65783953,11.49902367,9.473725908,11.49902367,0,18.32029132,6.420821623,0,17.23086937,48.53093655,0,38.69,6.103966388,5.106527395,0,19.63458555,22.62592665,0,0,48.53093655,0,9.473725908,10.99818397,0,0,10.27915415,1.970363074,1.47015999,15.57085113,0.068282313,1.14300538,0,0.25,19,1,3,1,1,2,0,2,3,1,3,3,3,2.7339,72.5378,1,1,0,0,0,2,1,0,2,0,0,23
PC3,O=C1C2=C(C=CC=C2)C(C3=CC=CC=C31)=O,-9.54453036,-1.47782941,3.4134,2.7445,12.1012963,-0.064074074,12.1012963,0.064074074,0.568336559,208.216,200.152,208.0524295,76,0.194013171,-0.288562785,0.288562785,0.194013171,0.5,0.75,1,16.14417409,9.841653089,2.277529693,-2.158799866,2.259153977,-2.198228989,6.278099203,0.097888058,2.348767906,506.137336,11.12095586,8.435298734,8.435298734,7.7876937,5.062948829,5.062948829,3.749415854,3.749415854,2.83263241,2.83263241,2.048410259,2.048410259,-2.22,7740.566269,9.038511761,3.136156554,1.069306335,92.5355946,0,0,11.56648989,0,0,9.589074368,0,0,48.53093655,0,22.25380597,0,9.589074368,11.56648989,0,0,0,70.78474251,0,0,0,0,0,11.56648989,0,31.84288033,48.53093655,0,0,34.14,0,9.589074368,11.56648989,22.25380597,0,0,48.53093655,0,0,0,0,0,24.20259259,0,2.022962963,-0.128148148,13.90259259,0,0,0,0,16,0,2,1,0,1,2,0,2,2,0,2,0,3,2.462,59.749,0,0,2,2,0,0,0,0,0,0,2,2,0,0,2,0,0,0,Alc1,OC(CC1=CC=CC=C1)C2=CC=C(C(OC)=O)C=C2,-8.93854139,0.12353794,110.2839659,11.30088219,-0.574910242,11.30088219,0.371204472,0.855519056,256.301,240.173,256.1099444,98,0.337341793,-0.465417521,0.465417521,0.337341793,1.105263158,1.736842105,2.315789474,16.52329338,10.00323688,2.100617015,-2.111125286,2.185198708,-2.040609497,5.887593188,0.060023834,2.073681425,531.6803208,13.66492594,10.74431965,10.74431965,9.2027086,6.107223094,6.107223094,4.319110573,4.319110573,2.988430816,2.988430816,1.914407383,1.914407383,-2.13,25130.04108,13.30515172,6.15877057,3.421837675,112.0175669,9.843390349,0,0,0,5.969305288,4.794537184,0,42.46456948,23.25963712,6.420821623,18.77721542,14.63792753,5.969305288,12.52478801,7.109797541,71.28765809,0,0,0,0,18.18563022,11.15768458,0,27.58885805,54.59730362,0,46.53,6.103966388,9.901064579,5.969305288,11.98427311,11.12690298,7.109797541,24.26546827,30.33183534,4.736862954,0,4.630823061,0,11.30088219,10.14446232,2.348807109,-0.371204472,16.61944778,-0.020931201,0,1.347713215,0.1875,19,1,3,0,0,2,0,2,3,1,3,4,2,2.7493,72.8873,1,1,1,1,0,2,0,1,1,1,0,0
PC3,O=C1C2=C(C=CC=C2)C(C3=CC=CC=C31)=O,-9.54453036,-1.47782941,3.4134,2.7445,12.1012963,-0.064074074,12.1012963,0.064074074,0.568336559,208.216,200.152,208.0524295,76,0.194013171,-0.288562785,0.288562785,0.194013171,0.5,0.75,1,16.14417409,9.841653089,2.277529693,-2.158799866,2.259153977,-2.198228989,6.278099203,0.097888058,2.348767906,506.137336,11.12095586,8.435298734,8.435298734,7.7876937,5.062948829,5.062948829,3.749415854,3.749415854,2.83263241,2.83263241,2.048410259,2.048410259,-2.22,7740.566269,9.038511761,3.136156554,1.069306335,92.5355946,0,0,11.56648989,0,0,9.589074368,0,0,48.53093655,0,22.25380597,0,9.589074368,11.56648989,0,0,0,70.78474251,0,0,0,0,0,11.56648989,0,31.84288033,48.53093655,0,0,34.14,0,9.589074368,11.56648989,22.25380597,0,0,48.53093655,0,0,0,0,0,24.20259259,0,2.022962963,-0.128148148,13.90259259,0,0,0,0,16,0,2,1,0,1,2,0,2,2,0,2,0,3,2.462,59.749,0,0,2,2,0,0,0,0,0,0,2,2,0,0,2,0,0,0,Alc2,OC(CC1=CC=CC=C1)C2=CC=CC=C2,-8.90697663,1.05415414,110.1584658,9.973947468,-0.408703704,9.973947468,0.408703704,0.803505173,198.265,184.153,198.1044651,76,0.08298805,-0.388072044,0.388072044,0.08298805,0.8,1.333333333,1.933333333,16.26607617,10.01729244,2.063045969,-2.099774891,2.167902087,-2.005146996,5.216146633,0.178227923,2.078451608,394.1985815,10.5102254,8.505173338,8.505173338,7.360173345,5.13004291,5.13004291,3.616204083,3.616204083,2.456222038,2.456222038,1.630392829,1.630392829,-1.6,4035.300847,9.936265432,4.759877127,2.672959184,90.01261531,5.106527395,0,0,0,0,0,0,60.66367068,11.12690298,6.420821623,6.103966388,5.106527395,0,12.52478801,0,71.79057367,0,0,0,0,5.106527395,6.420821623,0,17.23086937,60.66367068,0,20.23,6.103966388,5.106527395,0,6.420821623,11.12690298,0,0,60.66367068,0,0,0,0,0,9.973947468,2.134450113,0,19.79549131,0.262777778,0,0,0.142857143,15,1,1,0,0,2,0,2,1,1,1,3,2,2.9627,61.5478,1,1,0,0,0,2,0,0,0,0,0,4
PC3,O=C1C2=C(C=CC=C2)C(C3=CC=CC=C31)=O,-9.54453036,-1.47782941,3.4134,2.7445,12.1012963,-0.064074074,12.1012963,0.064074074,0.568336559,208.216,200.152,208.0524295,76,0.194013171,-0.288562785,0.288562785,0.194013171,0.5,0.75,1,16.14417409,9.841653089,2.277529693,-2.158799866,2.259153977,-2.198228989,6.278099203,0.097888058,2.348767906,506.137336,11.12095586,8.435298734,8.435298734,7.7876937,5.062948829,5.062948829,3.749415854,3.749415854,2.83263241,2.83263241,2.048410259,2.048410259,-2.22,7740.566269,9.038511761,3.136156554,1.069306335,92.5355946,0,0,11.56648989,0,0,9.589074368,0,0,48.53093655,0,22.25380597,0,9.589074368,11.56648989,0,0,0,70.78474251,0,0,0,0,0,11.56648989,0,31.84288033,48.53093655,0,0,34.14,0,9.589074368,11.56648989,22.25380597,0,0,48.53093655,0,0,0,0,0,24.20259259,0,2.022962963,-0.128148148,13.90259259,0,0,0,0,16,0,2,1,0,1,2,0,2,2,0,2,0,3,2.462,59.749,0,0,2,2,0,0,0,0,0,0,2,2,0,0,2,0,0,0,Alc3,OC(CC1=CC=CC=C1)C2=CC=C(C3=CC=CC=C3)C=C2,-8.36030764,0.54884587,110.1647408,10.33540753,-0.4609043,10.33540753,0.4609043,0.735116307,274.363,256.219,274.1357652,104,0.082988753,-0.388072038,0.388072038,0.082988753,0.619047619,1.142857143,1.761904762,16.26608329,9.982653574,2.08184519,-2.117053785,2.231560759,-2.009876154,5.629945447,0.178242278,1.7483318,672.0487817,14.49335306,11.81457441,11.81457441,10.32649984,7.201410115,7.201410115,5.193554353,5.193554353,3.674455551,3.674455551,2.483526522,2.483526522,-2.38,104293.4243,13.59609414,6.379998763,3.388286558,125.0697095,5.106527395,0,0,0,0,0,0,84.92913896,22.25380597,6.420821623,6.103966388,5.106527395,0,12.52478801,0,96.05604194,11.12690298,0,0,0,5.106527395,6.420821623,0,17.23086937,84.92913896,11.12690298,20.23,6.103966388,5.106527395,0,6.420821623,11.12690298,11.12690298,0,60.66367068,24.26546827,0,0,0,0,10.33540753,4.475491082,0,28.50563698,0.183464401,0,0,0.1,21,1,1,0,0,3,0,3,1,1,1,4,3,4.6297,86.9838,1,1,0,0,0,3,0,0,0,0,0,29
PC3,O=C1C2=C(C=CC=C2)C(C3=CC=CC=C31)=O,-9.54453036,-1.47782941,3.4134,2.7445,12.1012963,-0.064074074,12.1012963,0.064074074,0.568336559,208.216,200.152,208.0524295,76,0.194013171,-0.288562785,0.288562785,0.194013171,0.5,0.75,1,16.14417409,9.841653089,2.277529693,-2.158799866,2.259153977,-2.198228989,6.278099203,0.097888058,2.348767906,506.137336,11.12095586,8.435298734,8.435298734,7.7876937,5.062948829,5.062948829,3.749415854,3.749415854,2.83263241,2.83263241,2.048410259,2.048410259,-2.22,7740.566269,9.038511761,3.136156554,1.069306335,92.5355946,0,0,11.56648989,0,0,9.589074368,0,0,48.53093655,0,22.25380597,0,9.589074368,11.56648989,0,0,0,70.78474251,0,0,0,0,0,11.56648989,0,31.84288033,48.53093655,0,0,34.14,0,9.589074368,11.56648989,22.25380597,0,0,48.53093655,0,0,0,0,0,24.20259259,0,2.022962963,-0.128148148,13.90259259,0,0,0,0,16,0,2,1,0,1,2,0,2,2,0,2,0,3,2.462,59.749,0,0,2,2,0,0,0,0,0,0,2,2,0,0,2,0,0,0,Alc4,OC(CC1=CC=CC=C1)C2=CC=C(C)C=C2,-8.66833616,1.06231744,110.0894409,10.06483938,-0.413888889,10.06483938,0.413888889,0.827496934,212.292,196.164,212.1201151,82,0.082988375,-0.388072041,0.388072041,0.082988375,0.9375,1.5625,2.1875,16.26607839,10.0062892,2.069742142,-2.107210664,2.178966078,-2.009250363,5.250301887,0.178214004,2.085070945,430.7519476,11.38046889,9.427823069,9.427823069,7.754020195,5.540726513,5.540726513,4.116204083,4.116204083,2.733999816,2.733999816,1.743806823,1.743806823,-1.6,5689.016293,10.90261427,4.950941945,2.706772373,96.37755742,5.106527395,0,0,0,0,0,0,60.16075511,18.05064018,6.420821623,6.103966388,5.106527395,0,19.44852521,0,71.28765809,0,0,0,0,5.106527395,6.420821623,6.9237372,22.79432086,54.59730362,0,20.23,6.103966388,5.106527395,0,6.420821623,11.12690298,5.563451492,0,61.52104082,0,0,0,0,0,10.06483938,3.361749234,0,18.101132,0.25664777,2.048964947,0,0.2,16,1,1,0,0,2,0,2,1,1,1,3,2,3.27112,66.2848,1,1,0,0,1,2,0,0,0,0,0,17
PC3,O=C1C2=C(C=CC=C2)C(C3=CC=CC=C31)=O,-9.54453036,-1.47782941,3.4134,2.7445,12.1012963,-0.064074074,12.1012963,0.064074074,0.568336559,208.216,200.152,208.0524295,76,0.194013171,-0.288562785,0.288562785,0.194013171,0.5,0.75,1,16.14417409,9.841653089,2.277529693,-2.158799866,2.259153977,-2.198228989,6.278099203,0.097888058,2.348767906,506.137336,11.12095586,8.435298734,8.435298734,7.7876937,5.062948829,5.062948829,3.749415854,3.749415854,2.83263241,2.83263241,2.048410259,2.048410259,-2.22,7740.566269,9.038511761,3.136156554,1.069306335,92.5355946,0,0,11.56648989,0,0,9.589074368,0,0,48.53093655,0,22.25380597,0,9.589074368,11.56648989,0,0,0,70.78474251,0,0,0,0,0,11.56648989,0,31.84288033,48.53093655,0,0,34.14,0,9.589074368,11.56648989,22.25380597,0,0,48.53093655,0,0,0,0,0,24.20259259,0,2.022962963,-0.128148148,13.90259259,0,0,0,0,16,0,2,1,0,1,2,0,2,2,0,2,0,3,2.462,59.749,0,0,2,2,0,0,0,0,0,0,2,2,0,0,2,0,0,0,Alc5,OC(CC1=CC=CC=C1)C2=CC=C(OC)C=C2,-8.23187172,1.04735139,110.4094658,10.09672714,-0.469160998,10.09672714,0.469160998,0.871362138,228.291,212.163,228.1150298,88,0.118381005,-0.496768192,0.496768192,0.118381005,1,1.647058824,2.235294118,16.46529396,10.01448176,2.0766339,-2.111463059,2.203362817,-2.010311168,5.291757737,0.178131117,2.062926536,448.1078528,12.08757567,9.836071359,9.836071359,8.292024998,5.653098949,5.653098949,3.97868022,3.97868022,2.772451507,2.772451507,1.781264301,1.781264301,-1.8,10090.55557,11.67858558,5.50509078,3.078969757,101.4911027,9.843390349,5.749511833,0,0,0,0,0,42.46456948,23.25963712,6.420821623,13.21376393,9.843390349,0,12.52478801,7.109797541,65.7242066,5.749511833,4.736862954,5.749511833,0,12.21632494,6.420821623,0,17.23086937,54.59730362,0,29.46,6.103966388,5.106527395,0,6.420821623,16.87641482,0,7.109797541,54.59730362,0,4.736862954,5.085560668,0,0,10.09672714,2.046732516,0.806167695,17.50086494,0.162950916,0,1.634329465,0.2,17,1,2,0,0,2,0,2,2,1,2,4,2,2.9713,68.0998,1,1,0,0,0,2,0,0,1,1,0,50
PC3,O=C1C2=C(C=CC=C2)C(C3=CC=CC=C31)=O,-9.54453036,-1.47782941,3.4134,2.7445,12.1012963,-0.064074074,12.1012963,0.064074074,0.568336559,208.216,200.152,208.0524295,76,0.194013171,-0.288562785,0.288562785,0.194013171,0.5,0.75,1,16.14417409,9.841653089,2.277529693,-2.158799866,2.259153977,-2.198228989,6.278099203,0.097888058,2.348767906,506.137336,11.12095586,8.435298734,8.435298734,7.7876937,5.062948829,5.062948829,3.749415854,3.749415854,2.83263241,2.83263241,2.048410259,2.048410259,-2.22,7740.566269,9.038511761,3.136156554,1.069306335,92.5355946,0,0,11.56648989,0,0,9.589074368,0,0,48.53093655,0,22.25380597,0,9.589074368,11.56648989,0,0,0,70.78474251,0,0,0,0,0,11.56648989,0,31.84288033,48.53093655,0,0,34.14,0,9.589074368,11.56648989,22.25380597,0,0,48.53093655,0,0,0,0,0,24.20259259,0,2.022962963,-0.128148148,13.90259259,0,0,0,0,16,0,2,1,0,1,2,0,2,2,0,2,0,3,2.462,59.749,0,0,2,2,0,0,0,0,0,0,2,2,0,0,2,0,0,0,Alc6,OC(CC1=CC=CC=C1)C2=CC=C(OC)C(OC)=C2,-7.88792468,1.04517451,110.5224158,10.26113757,-0.55351285,10.26113757,0.55351285,0.895699088,258.317,240.173,258.1255944,100,0.160584538,-0.49286995,0.49286995,0.160584538,0.947368421,1.631578947,2.263157895,16.50784068,10.0096787,2.117243407,-2.139118621,2.303972964,-2.023299719,5.433081291,0.177599354,2.170628056,522.7721843,13.66492594,11.16696938,11.16696938,9.240713403,6.182138051,6.182138051,4.319941212,4.319941212,3.064246236,3.064246236,2.015286458,2.015286458,-2,25290.51808,13.43209877,6.25,3.26326743,112.96959,14.5802533,0,11.49902367,0,0,0,0,36.39820241,23.25963712,6.420821623,20.32356147,14.5802533,0,12.52478801,14.21959508,59.65783953,11.49902367,9.473725908,11.49902367,0,19.32612248,6.420821623,0,17.23086937,48.53093655,0,38.69,6.103966388,5.106527395,0,17.91984529,11.12690298,0,14.21959508,48.53093655,0,9.473725908,10.42373952,0,0,10.26113757,1.922488846,1.296548879,15.38624764,0.026172761,0,3.183664782,0.25,19,1,3,0,0,2,0,2,3,1,3,5,2,2.9799,74.6518,1,1,0,0,0,2,0,0,2,2,0,53
PC3,O=C1C2=C(C=CC=C2)C(C3=CC=CC=C31)=O,-9.54453036,-1.47782941,3.4134,2.7445,12.1012963,-0.064074074,12.1012963,0.064074074,0.568336559,208.216,200.152,208.0524295,76,0.194013171,-0.288562785,0.288562785,0.194013171,0.5,0.75,1,16.14417409,9.841653089,2.277529693,-2.158799866,2.259153977,-2.198228989,6.278099203,0.097888058,2.348767906,506.137336,11.12095586,8.435298734,8.435298734,7.7876937,5.062948829,5.062948829,3.749415854,3.749415854,2.83263241,2.83263241,2.048410259,2.048410259,-2.22,7740.566269,9.038511761,3.136156554,1.069306335,92.5355946,0,0,11.56648989,0,0,9.589074368,0,0,48.53093655,0,22.25380597,0,9.589074368,11.56648989,0,0,0,70.78474251,0,0,0,0,0,11.56648989,0,31.84288033,48.53093655,0,0,34.14,0,9.589074368,11.56648989,22.25380597,0,0,48.53093655,0,0,0,0,0,24.20259259,0,2.022962963,-0.128148148,13.90259259,0,0,0,0,16,0,2,1,0,1,2,0,2,2,0,2,0,3,2.462,59.749,0,0,2,2,0,0,0,0,0,0,2,2,0,0,2,0,0,0,Alc7,OC(CC1=CC=CC=C1)C2=C(OC)C=CC=C2OC,-8.24683777,1.0149703,107.1841159,10.43783636,-0.658796296,10.43783636,0.52537037,0.895699088,258.317,240.173,258.1255944,100,0.127902095,-0.496228759,0.496228759,0.127902095,0.894736842,1.473684211,2,16.47797685,9.995068211,2.183895081,-2.176698553,2.348905965,-2.059889902,5.463673305,0.169084656,2.29696563,500.5221843,13.66492594,11.16696938,11.16696938,9.257550155,6.188121115,6.188121115,4.281728869,4.281728869,3.07104304,3.07104304,2.14772538,2.14772538,-2,25369.48259,13.43209877,6.25,3.0625,112.96959,14.5802533,11.49902367,0,0,0,0,0,36.39820241,17.69618563,6.420821623,25.88701296,14.5802533,0,12.52478801,14.21959508,59.65783953,11.49902367,9.473725908,11.49902367,0,19.32612248,6.420821623,0,17.23086937,48.53093655,0,38.69,6.103966388,5.106527395,0,23.48329678,5.563451492,0,14.21959508,48.53093655,0,9.473725908,10.61332861,0,0,10.43783636,1.763252079,1.282928005,15.35451247,-0.133425926,0,3.181568405,0.25,19,1,3,0,0,2,0,2,3,1,3,5,2,2.9799,74.6518,1,1,0,0,0,2,0,0,2,2,0,12
PC3,O=C1C2=C(C=CC=C2)C(C3=CC=CC=C31)=O,-9.54453036,-1.47782941,3.4134,2.7445,12.1012963,-0.064074074,12.1012963,0.064074074,0.568336559,208.216,200.152,208.0524295,76,0.194013171,-0.288562785,0.288562785,0.194013171,0.5,0.75,1,16.14417409,9.841653089,2.277529693,-2.158799866,2.259153977,-2.198228989,6.278099203,0.097888058,2.348767906,506.137336,11.12095586,8.435298734,8.435298734,7.7876937,5.062948829,5.062948829,3.749415854,3.749415854,2.83263241,2.83263241,2.048410259,2.048410259,-2.22,7740.566269,9.038511761,3.136156554,1.069306335,92.5355946,0,0,11.56648989,0,0,9.589074368,0,0,48.53093655,0,22.25380597,0,9.589074368,11.56648989,0,0,0,70.78474251,0,0,0,0,0,11.56648989,0,31.84288033,48.53093655,0,0,34.14,0,9.589074368,11.56648989,22.25380597,0,0,48.53093655,0,0,0,0,0,24.20259259,0,2.022962963,-0.128148148,13.90259259,0,0,0,0,16,0,2,1,0,1,2,0,2,2,0,2,0,3,2.462,59.749,0,0,2,2,0,0,0,0,0,0,2,2,0,0,2,0,0,0,Alc8,OC(CC1=CC=CC=C1)(C)C2=CC=C(OC)C=C2,-8.17772183,1.02993635,110.2274909,10.56200491,-0.867435752,10.56200491,0.597389692,0.892105667,242.318,224.174,242.1306798,94,0.118381372,-0.496768189,0.496768189,0.118381372,1,1.611111111,2.166666667,16.46530434,9.889503761,2.227971509,-2.238534935,2.263139458,-2.236217268,5.316379902,0.05756913,2.188427957,486.2652269,13.0102254,10.75872109,10.75872109,8.61532163,6.025136822,6.025136822,4.664730961,4.664730961,3.103088053,3.103088053,2.04546916,2.04546916,-1.8,13287.8363,12.65159546,5.233467659,2.901820229,107.8560448,9.843390349,5.749511833,0,0,0,0,0,42.46456948,30.18337432,6.420821623,12.71084835,9.843390349,0,18.94560963,7.109797541,65.7242066,5.749511833,4.736862954,5.749511833,0,12.21632494,12.02187243,0,18.05064018,54.59730362,0,29.46,5.601050811,5.106527395,0,6.420821623,16.87641482,0,7.109797541,61.52104082,0,4.736862954,5.118487728,0,0,10.56200491,1.151518986,0.80024177,17.54919827,0.597389692,1.835128496,1.636030145,0.25,18,1,2,0,0,2,0,2,2,1,2,4,2,3.1454,72.7108,1,0,0,0,0,2,0,0,1,1,0,3
PC3,O=C1C2=C(C=CC=C2)C(C3=CC=CC=C31)=O,-9.54453036,-1.47782941,3.4134,2.7445,12.1012963,-0.064074074,12.1012963,0.064074074,0.568336559,208.216,200.152,208.0524295,76,0.194013171,-0.288562785,0.288562785,0.194013171,0.5,0.75,1,16.14417409,9.841653089,2.277529693,-2.158799866,2.259153977,-2.198228989,6.278099203,0.097888058,2.348767906,506.137336,11.12095586,8.435298734,8.435298734,7.7876937,5.062948829,5.062948829,3.749415854,3.749415854,2.83263241,2.83263241,2.048410259,2.048410259,-2.22,7740.566269,9.038511761,3.136156554,1.069306335,92.5355946,0,0,11.56648989,0,0,9.589074368,0,0,48.53093655,0,22.25380597,0,9.589074368,11.56648989,0,0,0,70.78474251,0,0,0,0,0,11.56648989,0,31.84288033,48.53093655,0,0,34.14,0,9.589074368,11.56648989,22.25380597,0,0,48.53093655,0,0,0,0,0,24.20259259,0,2.022962963,-0.128148148,13.90259259,0,0,0,0,16,0,2,1,0,1,2,0,2,2,0,2,0,3,2.462,59.749,0,0,2,2,0,0,0,0,0,0,2,2,0,0,2,0,0,0,Alc9,OC(CC1=CC=CC=C1)(C)C2=CC(OC)=C(OC)C=C2,-7.83976121,1.02803158,110.3090658,10.72641534,-0.957435752,10.72641534,0.544963388,0.908372189,272.344,252.184,272.1412445,106,0.160595357,-0.492869947,0.492869947,0.160595357,0.95,1.6,2.2,16.50786391,9.886714685,2.244651992,-2.246767403,2.332200447,-2.238535517,5.4439743,0.057303819,2.290057545,561.7027291,14.58757567,12.08961911,12.08961911,9.564010035,6.554175925,6.554175925,5.005991953,5.005991953,3.396609945,3.396609945,2.266626138,2.266626138,-2,33330.10718,14.4099723,5.969821674,3.114186851,119.3345321,14.5802533,0,11.49902367,0,0,0,0,36.39820241,30.18337432,6.420821623,19.82064589,14.5802533,0,18.94560963,14.21959508,59.65783953,11.49902367,9.473725908,11.49902367,0,19.32612248,12.02187243,0,18.05064018,48.53093655,0,38.69,5.601050811,5.106527395,0,17.91984529,11.12690298,0,21.14333228,48.53093655,0,9.473725908,10.50166658,0,0,10.72641534,0.937275316,1.282497953,15.42937264,0.544963388,1.806795163,3.187680277,0.294117647,20,1,3,0,0,2,0,2,3,1,3,5,2,3.154,79.2628,1,0,0,0,0,2,0,0,2,2,0,24
PC3,O=C1C2=C(C=CC=C2)C(C3=CC=CC=C31)=O,-9.54453036,-1.47782941,3.4134,2.7445,12.1012963,-0.064074074,12.1012963,0.064074074,0.568336559,208.216,200.152,208.0524295,76,0.194013171,-0.288562785,0.288562785,0.194013171,0.5,0.75,1,16.14417409,9.841653089,2.277529693,-2.158799866,2.259153977,-2.198228989,6.278099203,0.097888058,2.348767906,506.137336,11.12095586,8.435298734,8.435298734,7.7876937,5.062948829,5.062948829,3.749415854,3.749415854,2.83263241,2.83263241,2.048410259,2.048410259,-2.22,7740.566269,9.038511761,3.136156554,1.069306335,92.5355946,0,0,11.56648989,0,0,9.589074368,0,0,48.53093655,0,22.25380597,0,9.589074368,11.56648989,0,0,0,70.78474251,0,0,0,0,0,11.56648989,0,31.84288033,48.53093655,0,0,34.14,0,9.589074368,11.56648989,22.25380597,0,0,48.53093655,0,0,0,0,0,24.20259259,0,2.022962963,-0.128148148,13.90259259,0,0,0,0,16,0,2,1,0,1,2,0,2,2,0,2,0,3,2.462,59.749,0,0,2,2,0,0,0,0,0,0,2,2,0,0,2,0,0,0,Alc10,OC(CC1=CC=CC=C1)C2=CC=CS2,-8.64139727,1.03292956,111.8150659,9.873253023,-0.363518519,9.873253023,0.363518519,0.814439084,204.294,192.198,204.060886,72,0.09216528,-0.38723214,0.38723214,0.09216528,1.071428571,1.857142857,2.5,32.13347352,10.07645264,2.078921369,-2.072307397,2.216794261,-1.983243765,7.095204082,0.182071194,2.055317991,366.4849572,9.803118619,7.75872109,8.575217671,6.860173345,4.614527515,5.494180326,3.220940058,4.200212366,2.143483815,3.117025632,1.418819851,2.130640812,-1.12,3066.32425,9.435606308,4.398850502,2.21844236,87.65297858,5.106527395,0,0,0,0,0,11.33678588,36.39820241,17.00988133,11.29796882,6.103966388,5.106527395,11.33678588,12.52478801,0,58.28523094,0,0,0,11.33678588,5.106527395,6.420821623,0,16.54456507,47.84463225,0,20.23,0,5.106527395,6.103966388,6.420821623,4.877147194,5.563451492,11.33678588,47.84463225,0,0,0,1.600269038,1.035975057,11.86288265,1.174444444,0,13.99416029,0.332268519,0,0,0.166666667,14,1,1,0,0,1,1,2,2,1,2,3,2,3.0242,59.4248,1,1,0,0,0,1,0,0,0,0,1,13
PC3,O=C1C2=C(C=CC=C2)C(C3=CC=CC=C31)=O,-9.54453036,-1.47782941,3.4134,2.7445,12.1012963,-0.064074074,12.1012963,0.064074074,0.568336559,208.216,200.152,208.0524295,76,0.194013171,-0.288562785,0.288562785,0.194013171,0.5,0.75,1,16.14417409,9.841653089,2.277529693,-2.158799866,2.259153977,-2.198228989,6.278099203,0.097888058,2.348767906,506.137336,11.12095586,8.435298734,8.435298734,7.7876937,5.062948829,5.062948829,3.749415854,3.749415854,2.83263241,2.83263241,2.048410259,2.048410259,-2.22,7740.566269,9.038511761,3.136156554,1.069306335,92.5355946,0,0,11.56648989,0,0,9.589074368,0,0,48.53093655,0,22.25380597,0,9.589074368,11.56648989,0,0,0,70.78474251,0,0,0,0,0,11.56648989,0,31.84288033,48.53093655,0,0,34.14,0,9.589074368,11.56648989,22.25380597,0,0,48.53093655,0,0,0,0,0,24.20259259,0,2.022962963,-0.128148148,13.90259259,0,0,0,0,16,0,2,1,0,1,2,0,2,2,0,2,0,3,2.462,59.749,0,0,2,2,0,0,0,0,0,0,2,2,0,0,2,0,0,0,Alc11,OC(CC1=CC=CC=C1)C2=CC=C3C(C=CC=C3)=C2,-8.12765359,0.32353879,110.1333659,10.33341648,-0.451846183,10.33341648,0.451846183,0.739012436,248.325,232.197,248.1201151,94,0.083009866,-0.388071663,0.388071663,0.083009866,0.736842105,1.421052632,2.210526316,16.26608468,9.986417292,2.083747824,-2.117047312,2.224950035,-2.010327051,5.82588213,0.178379756,1.869464155,673.3497853,13.0791395,10.65987388,10.65987388,9.32649984,6.534743449,6.534743449,4.812108497,4.812108497,3.430171422,3.430171422,2.370271693,2.370271693,-2.12,36765.48652,11.94179079,5.249619382,2.66527869,112.6942798,5.106527395,0,0,0,0,0,0,66.73003775,27.96571848,6.420821623,6.103966388,5.106527395,10.77244843,12.52478801,0,83.9233078,0,0,0,0,5.106527395,6.420821623,0,17.23086937,72.79640482,10.77244843,20.23,6.103966388,5.106527395,0,6.420821623,11.12690298,10.77244843,0,48.53093655,24.26546827,0,0,0,0,12.71329869,2.130288591,0,24.45629438,0.200118339,0,0,0.111111111,19,1,1,0,0,3,0,3,1,1,1,3,3,4.1159,79.0538,1,1,0,0,0,3,1,0,0,0,0,14
PC3,O=C1C2=C(C=CC=C2)C(C3=CC=CC=C31)=O,-9.54453036,-1.47782941,3.4134,2.7445,12.1012963,-0.064074074,12.1012963,0.064074074,0.568336559,208.216,200.152,208.0524295,76,0.194013171,-0.288562785,0.288562785,0.194013171,0.5,0.75,1,16.14417409,9.841653089,2.277529693,-2.158799866,2.259153977,-2.198228989,6.278099203,0.097888058,2.348767906,506.137336,11.12095586,8.435298734,8.435298734,7.7876937,5.062948829,5.062948829,3.749415854,3.749415854,2.83263241,2.83263241,2.048410259,2.048410259,-2.22,7740.566269,9.038511761,3.136156554,1.069306335,92.5355946,0,0,11.56648989,0,0,9.589074368,0,0,48.53093655,0,22.25380597,0,9.589074368,11.56648989,0,0,0,70.78474251,0,0,0,0,0,11.56648989,0,31.84288033,48.53093655,0,0,34.14,0,9.589074368,11.56648989,22.25380597,0,0,48.53093655,0,0,0,0,0,24.20259259,0,2.022962963,-0.128148148,13.90259259,0,0,0,0,16,0,2,1,0,1,2,0,2,2,0,2,0,3,2.462,59.749,0,0,2,2,0,0,0,0,0,0,2,2,0,0,2,0,0,0,Alc12,OC(CC1=CC=CC=C1)C2=C3C(C=CC=C3)=CC=C2,-8.02670078,0.27891275,110.2902409,10.47196901,-0.464351852,10.47196901,0.464351852,0.739012436,248.325,232.197,248.1201151,94,0.083586962,-0.388048921,0.388048921,0.083586962,0.736842105,1.421052632,2.263157895,16.2661245,9.961087362,2.108514386,-2.135341267,2.259726004,-2.019364071,5.854953123,0.179785723,1.955927549,668.0997853,13.0791395,10.65987388,10.65987388,9.343336593,6.540726513,6.540726513,4.773896154,4.773896154,3.454236172,3.454236172,2.488346906,2.488346906,-2.12,37234.02226,11.94179079,5.249619382,2.514643812,112.6942798,5.106527395,0,0,0,0,0,0,72.79640482,21.89935141,6.420821623,6.103966388,5.106527395,10.77244843,12.52478801,0,83.9233078,0,0,0,0,5.106527395,6.420821623,0,17.23086937,72.79640482,10.77244843,20.23,6.103966388,5.106527395,0,6.420821623,16.5131272,5.386224214,0,54.59730362,18.19910121,0,0,0,0,12.77802716,2.157303005,0,24.3813554,0.183314437,0,0,0.111111111,19,1,1,0,0,3,0,3,1,1,1,3,3,4.1159,79.0538,1,1,0,0,0,3,1,0,0,0,0,30
PC3,O=C1C2=C(C=CC=C2)C(C3=CC=CC=C31)=O,-9.54453036,-1.47782941,3.4134,2.7445,12.1012963,-0.064074074,12.1012963,0.064074074,0.568336559,208.216,200.152,208.0524295,76,0.194013171,-0.288562785,0.288562785,0.194013171,0.5,0.75,1,16.14417409,9.841653089,2.277529693,-2.158799866,2.259153977,-2.198228989,6.278099203,0.097888058,2.348767906,506.137336,11.12095586,8.435298734,8.435298734,7.7876937,5.062948829,5.062948829,3.749415854,3.749415854,2.83263241,2.83263241,2.048410259,2.048410259,-2.22,7740.566269,9.038511761,3.136156554,1.069306335,92.5355946,0,0,11.56648989,0,0,9.589074368,0,0,48.53093655,0,22.25380597,0,9.589074368,11.56648989,0,0,0,70.78474251,0,0,0,0,0,11.56648989,0,31.84288033,48.53093655,0,0,34.14,0,9.589074368,11.56648989,22.25380597,0,0,48.53093655,0,0,0,0,0,24.20259259,0,2.022962963,-0.128148148,13.90259259,0,0,0,0,16,0,2,1,0,1,2,0,2,2,0,2,0,3,2.462,59.749,0,0,2,2,0,0,0,0,0,0,2,2,0,0,2,0,0,0,Alc13,OC(CC1=CC=CC=C1)C2=CC(OCO3)=C3C=C2,-7.9864285,1.08381413,109.9953158,10.20884165,-0.526018519,10.20884165,0.257507114,0.898944943,242.274,228.162,242.0942943,92,0.230800378,-0.453595466,0.453595466,0.230800378,1,1.777777778,2.611111111,16.69672243,10.01045676,2.161838013,-2.112079703,2.342342866,-2.01108597,5.447982472,0.171222171,1.782012697,536.689907,12.37203272,9.874076162,9.874076162,8.82649984,5.942991739,5.942991739,4.318219186,4.318219186,3.053275195,3.053275195,2.075602865,2.075602865,-2,27276.07585,11.11111111,4.704,2.172635445,105.5988167,14.5802533,0,11.49902367,6.792942306,0,0,0,36.39820241,23.25963712,6.420821623,6.103966388,14.5802533,0,12.52478801,6.792942306,59.65783953,11.49902367,9.473725908,11.49902367,0,11.8994697,6.420821623,0,17.23086937,48.53093655,0,38.69,6.103966388,5.106527395,6.792942306,12.17033346,16.87641482,0,0,48.53093655,0,9.473725908,10.55373952,0,0,10.20884165,1.963675831,1.449326657,15.49522555,0.071683673,0.257507114,0,0.2,18,1,3,1,1,2,0,2,3,1,3,3,3,2.6914,67.6708,1,1,0,0,0,2,1,0,2,0,0,11
PC3,O=C1C2=C(C=CC=C2)C(C3=CC=CC=C31)=O,-9.54453036,-1.47782941,3.4134,2.7445,12.1012963,-0.064074074,12.1012963,0.064074074,0.568336559,208.216,200.152,208.0524295,76,0.194013171,-0.288562785,0.288562785,0.194013171,0.5,0.75,1,16.14417409,9.841653089,2.277529693,-2.158799866,2.259153977,-2.198228989,6.278099203,0.097888058,2.348767906,506.137336,11.12095586,8.435298734,8.435298734,7.7876937,5.062948829,5.062948829,3.749415854,3.749415854,2.83263241,2.83263241,2.048410259,2.048410259,-2.22,7740.566269,9.038511761,3.136156554,1.069306335,92.5355946,0,0,11.56648989,0,0,9.589074368,0,0,48.53093655,0,22.25380597,0,9.589074368,11.56648989,0,0,0,70.78474251,0,0,0,0,0,11.56648989,0,31.84288033,48.53093655,0,0,34.14,0,9.589074368,11.56648989,22.25380597,0,0,48.53093655,0,0,0,0,0,24.20259259,0,2.022962963,-0.128148148,13.90259259,0,0,0,0,16,0,2,1,0,1,2,0,2,2,0,2,0,3,2.462,59.749,0,0,2,2,0,0,0,0,0,0,2,2,0,0,2,0,0,0,Alc14,OC(CC1=CC=CC=C1)C2=CC=C3C(OCCO3)=C2,-8.04792536,1.06912019,110.6792909,10.27915415,-0.529419879,10.27915415,0.529419879,0.917331086,256.301,240.173,256.1099444,98,0.161229612,-0.486147273,0.486147273,0.161229612,0.947368421,1.684210526,2.473684211,16.56262844,10.00869622,2.151138065,-2.198867245,2.32807113,-2.153791222,5.441928646,0.164210297,1.779518637,551.1754333,13.0791395,10.58118294,10.58118294,9.32649984,6.442991739,6.442991739,4.608616347,4.608616347,3.222881543,3.222881543,2.222419671,2.222419671,-2,36765.48652,12.05540166,5.325443787,2.712802768,111.9637588,14.5802533,13.21376393,11.49902367,0,0,0,0,36.39820241,23.25963712,6.420821623,6.103966388,14.5802533,0,12.52478801,13.21376393,59.65783953,11.49902367,9.473725908,11.49902367,0,18.32029132,6.420821623,0,17.23086937,48.53093655,0,38.69,6.103966388,5.106527395,0,19.63458555,22.62592665,0,0,48.53093655,0,9.473725908,10.99818397,0,0,10.27915415,1.970363074,1.47015999,15.57085113,0.068282313,1.14300538,0,0.25,19,1,3,1,1,2,0,2,3,1,3,3,3,2.7339,72.5378,1,1,0,0,0,2,1,0,2,0,0,18
PC4,O=C(C1=CC=CC=C1)C2=CC=CC=C2,-9.28901907,-0.37660024,3.9761,2.5987,11.8462963,0.075185185,11.8462963,0.075185185,0.652473287,182.222,172.142,182.0731649,68,0.192519665,-0.288615965,0.288615965,0.192519665,0.642857143,1,1.357142857,16.13826518,10.03946637,2.055640116,-1.988294309,2.078631781,-1.99250353,6.083681317,0.103404728,2.348637605,376.0032554,9.803118619,7.681750982,7.681750982,6.877010098,4.52549135,4.52549135,3.061174953,3.061174953,2.071955532,2.071955532,1.345721802,1.345721802,-1.89,2580.414244,8.696948085,3.878969377,1.716368061,83.01496154,0,0,5.783244946,0,0,4.794537184,0,0,60.66367068,0,11.12690298,0,4.794537184,5.783244946,0,0,0,71.79057367,0,0,0,0,0,5.783244946,0,15.92144017,60.66367068,0,0,17.07,0,4.794537184,5.783244946,0,11.12690298,0,0,60.66367068,0,0,0,0,11.8462963,0,1.469814815,0.075185185,18.6087037,0,0,0,0,14,0,1,0,0,0,2,0,2,1,0,1,2,2,2.9176,56.3165,0,0,1,1,0,0,0,0,0,0,2,0,0,0,1,0,0,0,Alc1,OC(CC1=CC=CC=C1)C2=CC=C(C(OC)=O)C=C2,-8.93854139,0.12353794,110.2839659,11.30088219,-0.574910242,11.30088219,0.371204472,0.855519056,256.301,240.173,256.1099444,98,0.337341793,-0.465417521,0.465417521,0.337341793,1.105263158,1.736842105,2.315789474,16.52329338,10.00323688,2.100617015,-2.111125286,2.185198708,-2.040609497,5.887593188,0.060023834,2.073681425,531.6803208,13.66492594,10.74431965,10.74431965,9.2027086,6.107223094,6.107223094,4.319110573,4.319110573,2.988430816,2.988430816,1.914407383,1.914407383,-2.13,25130.04108,13.30515172,6.15877057,3.421837675,112.0175669,9.843390349,0,0,0,5.969305288,4.794537184,0,42.46456948,23.25963712,6.420821623,18.77721542,14.63792753,5.969305288,12.52478801,7.109797541,71.28765809,0,0,0,0,18.18563022,11.15768458,0,27.58885805,54.59730362,0,46.53,6.103966388,9.901064579,5.969305288,11.98427311,11.12690298,7.109797541,24.26546827,30.33183534,4.736862954,0,4.630823061,0,11.30088219,10.14446232,2.348807109,-0.371204472,16.61944778,-0.020931201,0,1.347713215,0.1875,19,1,3,0,0,2,0,2,3,1,3,4,2,2.7493,72.8873,1,1,1,1,0,2,0,1,1,1,0,3
PC4,O=C(C1=CC=CC=C1)C2=CC=CC=C2,-9.28901907,-0.37660024,3.9761,2.5987,11.8462963,0.075185185,11.8462963,0.075185185,0.652473287,182.222,172.142,182.0731649,68,0.192519665,-0.288615965,0.288615965,0.192519665,0.642857143,1,1.357142857,16.13826518,10.03946637,2.055640116,-1.988294309,2.078631781,-1.99250353,6.083681317,0.103404728,2.348637605,376.0032554,9.803118619,7.681750982,7.681750982,6.877010098,4.52549135,4.52549135,3.061174953,3.061174953,2.071955532,2.071955532,1.345721802,1.345721802,-1.89,2580.414244,8.696948085,3.878969377,1.716368061,83.01496154,0,0,5.783244946,0,0,4.794537184,0,0,60.66367068,0,11.12690298,0,4.794537184,5.783244946,0,0,0,71.79057367,0,0,0,0,0,5.783244946,0,15.92144017,60.66367068,0,0,17.07,0,4.794537184,5.783244946,0,11.12690298,0,0,60.66367068,0,0,0,0,11.8462963,0,1.469814815,0.075185185,18.6087037,0,0,0,0,14,0,1,0,0,0,2,0,2,1,0,1,2,2,2.9176,56.3165,0,0,1,1,0,0,0,0,0,0,2,0,0,0,1,0,0,0,Alc2,OC(CC1=CC=CC=C1)C2=CC=CC=C2,-8.90697663,1.05415414,110.1584658,9.973947468,-0.408703704,9.973947468,0.408703704,0.803505173,198.265,184.153,198.1044651,76,0.08298805,-0.388072044,0.388072044,0.08298805,0.8,1.333333333,1.933333333,16.26607617,10.01729244,2.063045969,-2.099774891,2.167902087,-2.005146996,5.216146633,0.178227923,2.078451608,394.1985815,10.5102254,8.505173338,8.505173338,7.360173345,5.13004291,5.13004291,3.616204083,3.616204083,2.456222038,2.456222038,1.630392829,1.630392829,-1.6,4035.300847,9.936265432,4.759877127,2.672959184,90.01261531,5.106527395,0,0,0,0,0,0,60.66367068,11.12690298,6.420821623,6.103966388,5.106527395,0,12.52478801,0,71.79057367,0,0,0,0,5.106527395,6.420821623,0,17.23086937,60.66367068,0,20.23,6.103966388,5.106527395,0,6.420821623,11.12690298,0,0,60.66367068,0,0,0,0,0,9.973947468,2.134450113,0,19.79549131,0.262777778,0,0,0.142857143,15,1,1,0,0,2,0,2,1,1,1,3,2,2.9627,61.5478,1,1,0,0,0,2,0,0,0,0,0,1
PC4,O=C(C1=CC=CC=C1)C2=CC=CC=C2,-9.28901907,-0.37660024,3.9761,2.5987,11.8462963,0.075185185,11.8462963,0.075185185,0.652473287,182.222,172.142,182.0731649,68,0.192519665,-0.288615965,0.288615965,0.192519665,0.642857143,1,1.357142857,16.13826518,10.03946637,2.055640116,-1.988294309,2.078631781,-1.99250353,6.083681317,0.103404728,2.348637605,376.0032554,9.803118619,7.681750982,7.681750982,6.877010098,4.52549135,4.52549135,3.061174953,3.061174953,2.071955532,2.071955532,1.345721802,1.345721802,-1.89,2580.414244,8.696948085,3.878969377,1.716368061,83.01496154,0,0,5.783244946,0,0,4.794537184,0,0,60.66367068,0,11.12690298,0,4.794537184,5.783244946,0,0,0,71.79057367,0,0,0,0,0,5.783244946,0,15.92144017,60.66367068,0,0,17.07,0,4.794537184,5.783244946,0,11.12690298,0,0,60.66367068,0,0,0,0,11.8462963,0,1.469814815,0.075185185,18.6087037,0,0,0,0,14,0,1,0,0,0,2,0,2,1,0,1,2,2,2.9176,56.3165,0,0,1,1,0,0,0,0,0,0,2,0,0,0,1,0,0,0,Alc3,OC(CC1=CC=CC=C1)C2=CC=C(C3=CC=CC=C3)C=C2,-8.36030764,0.54884587,110.1647408,10.33540753,-0.4609043,10.33540753,0.4609043,0.735116307,274.363,256.219,274.1357652,104,0.082988753,-0.388072038,0.388072038,0.082988753,0.619047619,1.142857143,1.761904762,16.26608329,9.982653574,2.08184519,-2.117053785,2.231560759,-2.009876154,5.629945447,0.178242278,1.7483318,672.0487817,14.49335306,11.81457441,11.81457441,10.32649984,7.201410115,7.201410115,5.193554353,5.193554353,3.674455551,3.674455551,2.483526522,2.483526522,-2.38,104293.4243,13.59609414,6.379998763,3.388286558,125.0697095,5.106527395,0,0,0,0,0,0,84.92913896,22.25380597,6.420821623,6.103966388,5.106527395,0,12.52478801,0,96.05604194,11.12690298,0,0,0,5.106527395,6.420821623,0,17.23086937,84.92913896,11.12690298,20.23,6.103966388,5.106527395,0,6.420821623,11.12690298,11.12690298,0,60.66367068,24.26546827,0,0,0,0,10.33540753,4.475491082,0,28.50563698,0.183464401,0,0,0.1,21,1,1,0,0,3,0,3,1,1,1,4,3,4.6297,86.9838,1,1,0,0,0,3,0,0,0,0,0,0
PC4,O=C(C1=CC=CC=C1)C2=CC=CC=C2,-9.28901907,-0.37660024,3.9761,2.5987,11.8462963,0.075185185,11.8462963,0.075185185,0.652473287,182.222,172.142,182.0731649,68,0.192519665,-0.288615965,0.288615965,0.192519665,0.642857143,1,1.357142857,16.13826518,10.03946637,2.055640116,-1.988294309,2.078631781,-1.99250353,6.083681317,0.103404728,2.348637605,376.0032554,9.803118619,7.681750982,7.681750982,6.877010098,4.52549135,4.52549135,3.061174953,3.061174953,2.071955532,2.071955532,1.345721802,1.345721802,-1.89,2580.414244,8.696948085,3.878969377,1.716368061,83.01496154,0,0,5.783244946,0,0,4.794537184,0,0,60.66367068,0,11.12690298,0,4.794537184,5.783244946,0,0,0,71.79057367,0,0,0,0,0,5.783244946,0,15.92144017,60.66367068,0,0,17.07,0,4.794537184,5.783244946,0,11.12690298,0,0,60.66367068,0,0,0,0,11.8462963,0,1.469814815,0.075185185,18.6087037,0,0,0,0,14,0,1,0,0,0,2,0,2,1,0,1,2,2,2.9176,56.3165,0,0,1,1,0,0,0,0,0,0,2,0,0,0,1,0,0,0,Alc4,OC(CC1=CC=CC=C1)C2=CC=C(C)C=C2,-8.66833616,1.06231744,110.0894409,10.06483938,-0.413888889,10.06483938,0.413888889,0.827496934,212.292,196.164,212.1201151,82,0.082988375,-0.388072041,0.388072041,0.082988375,0.9375,1.5625,2.1875,16.26607839,10.0062892,2.069742142,-2.107210664,2.178966078,-2.009250363,5.250301887,0.178214004,2.085070945,430.7519476,11.38046889,9.427823069,9.427823069,7.754020195,5.540726513,5.540726513,4.116204083,4.116204083,2.733999816,2.733999816,1.743806823,1.743806823,-1.6,5689.016293,10.90261427,4.950941945,2.706772373,96.37755742,5.106527395,0,0,0,0,0,0,60.16075511,18.05064018,6.420821623,6.103966388,5.106527395,0,19.44852521,0,71.28765809,0,0,0,0,5.106527395,6.420821623,6.9237372,22.79432086,54.59730362,0,20.23,6.103966388,5.106527395,0,6.420821623,11.12690298,5.563451492,0,61.52104082,0,0,0,0,0,10.06483938,3.361749234,0,18.101132,0.25664777,2.048964947,0,0.2,16,1,1,0,0,2,0,2,1,1,1,3,2,3.27112,66.2848,1,1,0,0,1,2,0,0,0,0,0,4
PC4,O=C(C1=CC=CC=C1)C2=CC=CC=C2,-9.28901907,-0.37660024,3.9761,2.5987,11.8462963,0.075185185,11.8462963,0.075185185,0.652473287,182.222,172.142,182.0731649,68,0.192519665,-0.288615965,0.288615965,0.192519665,0.642857143,1,1.357142857,16.13826518,10.03946637,2.055640116,-1.988294309,2.078631781,-1.99250353,6.083681317,0.103404728,2.348637605,376.0032554,9.803118619,7.681750982,7.681750982,6.877010098,4.52549135,4.52549135,3.061174953,3.061174953,2.071955532,2.071955532,1.345721802,1.345721802,-1.89,2580.414244,8.696948085,3.878969377,1.716368061,83.01496154,0,0,5.783244946,0,0,4.794537184,0,0,60.66367068,0,11.12690298,0,4.794537184,5.783244946,0,0,0,71.79057367,0,0,0,0,0,5.783244946,0,15.92144017,60.66367068,0,0,17.07,0,4.794537184,5.783244946,0,11.12690298,0,0,60.66367068,0,0,0,0,11.8462963,0,1.469814815,0.075185185,18.6087037,0,0,0,0,14,0,1,0,0,0,2,0,2,1,0,1,2,2,2.9176,56.3165,0,0,1,1,0,0,0,0,0,0,2,0,0,0,1,0,0,0,Alc5,OC(CC1=CC=CC=C1)C2=CC=C(OC)C=C2,-8.23187172,1.04735139,110.4094658,10.09672714,-0.469160998,10.09672714,0.469160998,0.871362138,228.291,212.163,228.1150298,88,0.118381005,-0.496768192,0.496768192,0.118381005,1,1.647058824,2.235294118,16.46529396,10.01448176,2.0766339,-2.111463059,2.203362817,-2.010311168,5.291757737,0.178131117,2.062926536,448.1078528,12.08757567,9.836071359,9.836071359,8.292024998,5.653098949,5.653098949,3.97868022,3.97868022,2.772451507,2.772451507,1.781264301,1.781264301,-1.8,10090.55557,11.67858558,5.50509078,3.078969757,101.4911027,9.843390349,5.749511833,0,0,0,0,0,42.46456948,23.25963712,6.420821623,13.21376393,9.843390349,0,12.52478801,7.109797541,65.7242066,5.749511833,4.736862954,5.749511833,0,12.21632494,6.420821623,0,17.23086937,54.59730362,0,29.46,6.103966388,5.106527395,0,6.420821623,16.87641482,0,7.109797541,54.59730362,0,4.736862954,5.085560668,0,0,10.09672714,2.046732516,0.806167695,17.50086494,0.162950916,0,1.634329465,0.2,17,1,2,0,0,2,0,2,2,1,2,4,2,2.9713,68.0998,1,1,0,0,0,2,0,0,1,1,0,39
PC4,O=C(C1=CC=CC=C1)C2=CC=CC=C2,-9.28901907,-0.37660024,3.9761,2.5987,11.8462963,0.075185185,11.8462963,0.075185185,0.652473287,182.222,172.142,182.0731649,68,0.192519665,-0.288615965,0.288615965,0.192519665,0.642857143,1,1.357142857,16.13826518,10.03946637,2.055640116,-1.988294309,2.078631781,-1.99250353,6.083681317,0.103404728,2.348637605,376.0032554,9.803118619,7.681750982,7.681750982,6.877010098,4.52549135,4.52549135,3.061174953,3.061174953,2.071955532,2.071955532,1.345721802,1.345721802,-1.89,2580.414244,8.696948085,3.878969377,1.716368061,83.01496154,0,0,5.783244946,0,0,4.794537184,0,0,60.66367068,0,11.12690298,0,4.794537184,5.783244946,0,0,0,71.79057367,0,0,0,0,0,5.783244946,0,15.92144017,60.66367068,0,0,17.07,0,4.794537184,5.783244946,0,11.12690298,0,0,60.66367068,0,0,0,0,11.8462963,0,1.469814815,0.075185185,18.6087037,0,0,0,0,14,0,1,0,0,0,2,0,2,1,0,1,2,2,2.9176,56.3165,0,0,1,1,0,0,0,0,0,0,2,0,0,0,1,0,0,0,Alc6,OC(CC1=CC=CC=C1)C2=CC=C(OC)C(OC)=C2,-7.88792468,1.04517451,110.5224158,10.26113757,-0.55351285,10.26113757,0.55351285,0.895699088,258.317,240.173,258.1255944,100,0.160584538,-0.49286995,0.49286995,0.160584538,0.947368421,1.631578947,2.263157895,16.50784068,10.0096787,2.117243407,-2.139118621,2.303972964,-2.023299719,5.433081291,0.177599354,2.170628056,522.7721843,13.66492594,11.16696938,11.16696938,9.240713403,6.182138051,6.182138051,4.319941212,4.319941212,3.064246236,3.064246236,2.015286458,2.015286458,-2,25290.51808,13.43209877,6.25,3.26326743,112.96959,14.5802533,0,11.49902367,0,0,0,0,36.39820241,23.25963712,6.420821623,20.32356147,14.5802533,0,12.52478801,14.21959508,59.65783953,11.49902367,9.473725908,11.49902367,0,19.32612248,6.420821623,0,17.23086937,48.53093655,0,38.69,6.103966388,5.106527395,0,17.91984529,11.12690298,0,14.21959508,48.53093655,0,9.473725908,10.42373952,0,0,10.26113757,1.922488846,1.296548879,15.38624764,0.026172761,0,3.183664782,0.25,19,1,3,0,0,2,0,2,3,1,3,5,2,2.9799,74.6518,1,1,0,0,0,2,0,0,2,2,0,73
PC4,O=C(C1=CC=CC=C1)C2=CC=CC=C2,-9.28901907,-0.37660024,3.9761,2.5987,11.8462963,0.075185185,11.8462963,0.075185185,0.652473287,182.222,172.142,182.0731649,68,0.192519665,-0.288615965,0.288615965,0.192519665,0.642857143,1,1.357142857,16.13826518,10.03946637,2.055640116,-1.988294309,2.078631781,-1.99250353,6.083681317,0.103404728,2.348637605,376.0032554,9.803118619,7.681750982,7.681750982,6.877010098,4.52549135,4.52549135,3.061174953,3.061174953,2.071955532,2.071955532,1.345721802,1.345721802,-1.89,2580.414244,8.696948085,3.878969377,1.716368061,83.01496154,0,0,5.783244946,0,0,4.794537184,0,0,60.66367068,0,11.12690298,0,4.794537184,5.783244946,0,0,0,71.79057367,0,0,0,0,0,5.783244946,0,15.92144017,60.66367068,0,0,17.07,0,4.794537184,5.783244946,0,11.12690298,0,0,60.66367068,0,0,0,0,11.8462963,0,1.469814815,0.075185185,18.6087037,0,0,0,0,14,0,1,0,0,0,2,0,2,1,0,1,2,2,2.9176,56.3165,0,0,1,1,0,0,0,0,0,0,2,0,0,0,1,0,0,0,Alc7,OC(CC1=CC=CC=C1)C2=C(OC)C=CC=C2OC,-8.24683777,1.0149703,107.1841159,10.43783636,-0.658796296,10.43783636,0.52537037,0.895699088,258.317,240.173,258.1255944,100,0.127902095,-0.496228759,0.496228759,0.127902095,0.894736842,1.473684211,2,16.47797685,9.995068211,2.183895081,-2.176698553,2.348905965,-2.059889902,5.463673305,0.169084656,2.29696563,500.5221843,13.66492594,11.16696938,11.16696938,9.257550155,6.188121115,6.188121115,4.281728869,4.281728869,3.07104304,3.07104304,2.14772538,2.14772538,-2,25369.48259,13.43209877,6.25,3.0625,112.96959,14.5802533,11.49902367,0,0,0,0,0,36.39820241,17.69618563,6.420821623,25.88701296,14.5802533,0,12.52478801,14.21959508,59.65783953,11.49902367,9.473725908,11.49902367,0,19.32612248,6.420821623,0,17.23086937,48.53093655,0,38.69,6.103966388,5.106527395,0,23.48329678,5.563451492,0,14.21959508,48.53093655,0,9.473725908,10.61332861,0,0,10.43783636,1.763252079,1.282928005,15.35451247,-0.133425926,0,3.181568405,0.25,19,1,3,0,0,2,0,2,3,1,3,5,2,2.9799,74.6518,1,1,0,0,0,2,0,0,2,2,0,3
PC4,O=C(C1=CC=CC=C1)C2=CC=CC=C2,-9.28901907,-0.37660024,3.9761,2.5987,11.8462963,0.075185185,11.8462963,0.075185185,0.652473287,182.222,172.142,182.0731649,68,0.192519665,-0.288615965,0.288615965,0.192519665,0.642857143,1,1.357142857,16.13826518,10.03946637,2.055640116,-1.988294309,2.078631781,-1.99250353,6.083681317,0.103404728,2.348637605,376.0032554,9.803118619,7.681750982,7.681750982,6.877010098,4.52549135,4.52549135,3.061174953,3.061174953,2.071955532,2.071955532,1.345721802,1.345721802,-1.89,2580.414244,8.696948085,3.878969377,1.716368061,83.01496154,0,0,5.783244946,0,0,4.794537184,0,0,60.66367068,0,11.12690298,0,4.794537184,5.783244946,0,0,0,71.79057367,0,0,0,0,0,5.783244946,0,15.92144017,60.66367068,0,0,17.07,0,4.794537184,5.783244946,0,11.12690298,0,0,60.66367068,0,0,0,0,11.8462963,0,1.469814815,0.075185185,18.6087037,0,0,0,0,14,0,1,0,0,0,2,0,2,1,0,1,2,2,2.9176,56.3165,0,0,1,1,0,0,0,0,0,0,2,0,0,0,1,0,0,0,Alc8,OC(CC1=CC=CC=C1)(C)C2=CC=C(OC)C=C2,-8.17772183,1.02993635,110.2274909,10.56200491,-0.867435752,10.56200491,0.597389692,0.892105667,242.318,224.174,242.1306798,94,0.118381372,-0.496768189,0.496768189,0.118381372,1,1.611111111,2.166666667,16.46530434,9.889503761,2.227971509,-2.238534935,2.263139458,-2.236217268,5.316379902,0.05756913,2.188427957,486.2652269,13.0102254,10.75872109,10.75872109,8.61532163,6.025136822,6.025136822,4.664730961,4.664730961,3.103088053,3.103088053,2.04546916,2.04546916,-1.8,13287.8363,12.65159546,5.233467659,2.901820229,107.8560448,9.843390349,5.749511833,0,0,0,0,0,42.46456948,30.18337432,6.420821623,12.71084835,9.843390349,0,18.94560963,7.109797541,65.7242066,5.749511833,4.736862954,5.749511833,0,12.21632494,12.02187243,0,18.05064018,54.59730362,0,29.46,5.601050811,5.106527395,0,6.420821623,16.87641482,0,7.109797541,61.52104082,0,4.736862954,5.118487728,0,0,10.56200491,1.151518986,0.80024177,17.54919827,0.597389692,1.835128496,1.636030145,0.25,18,1,2,0,0,2,0,2,2,1,2,4,2,3.1454,72.7108,1,0,0,0,0,2,0,0,1,1,0,0
PC4,O=C(C1=CC=CC=C1)C2=CC=CC=C2,-9.28901907,-0.37660024,3.9761,2.5987,11.8462963,0.075185185,11.8462963,0.075185185,0.652473287,182.222,172.142,182.0731649,68,0.192519665,-0.288615965,0.288615965,0.192519665,0.642857143,1,1.357142857,16.13826518,10.03946637,2.055640116,-1.988294309,2.078631781,-1.99250353,6.083681317,0.103404728,2.348637605,376.0032554,9.803118619,7.681750982,7.681750982,6.877010098,4.52549135,4.52549135,3.061174953,3.061174953,2.071955532,2.071955532,1.345721802,1.345721802,-1.89,2580.414244,8.696948085,3.878969377,1.716368061,83.01496154,0,0,5.783244946,0,0,4.794537184,0,0,60.66367068,0,11.12690298,0,4.794537184,5.783244946,0,0,0,71.79057367,0,0,0,0,0,5.783244946,0,15.92144017,60.66367068,0,0,17.07,0,4.794537184,5.783244946,0,11.12690298,0,0,60.66367068,0,0,0,0,11.8462963,0,1.469814815,0.075185185,18.6087037,0,0,0,0,14,0,1,0,0,0,2,0,2,1,0,1,2,2,2.9176,56.3165,0,0,1,1,0,0,0,0,0,0,2,0,0,0,1,0,0,0,Alc9,OC(CC1=CC=CC=C1)(C)C2=CC(OC)=C(OC)C=C2,-7.83976121,1.02803158,110.3090658,10.72641534,-0.957435752,10.72641534,0.544963388,0.908372189,272.344,252.184,272.1412445,106,0.160595357,-0.492869947,0.492869947,0.160595357,0.95,1.6,2.2,16.50786391,9.886714685,2.244651992,-2.246767403,2.332200447,-2.238535517,5.4439743,0.057303819,2.290057545,561.7027291,14.58757567,12.08961911,12.08961911,9.564010035,6.554175925,6.554175925,5.005991953,5.005991953,3.396609945,3.396609945,2.266626138,2.266626138,-2,33330.10718,14.4099723,5.969821674,3.114186851,119.3345321,14.5802533,0,11.49902367,0,0,0,0,36.39820241,30.18337432,6.420821623,19.82064589,14.5802533,0,18.94560963,14.21959508,59.65783953,11.49902367,9.473725908,11.49902367,0,19.32612248,12.02187243,0,18.05064018,48.53093655,0,38.69,5.601050811,5.106527395,0,17.91984529,11.12690298,0,21.14333228,48.53093655,0,9.473725908,10.50166658,0,0,10.72641534,0.937275316,1.282497953,15.42937264,0.544963388,1.806795163,3.187680277,0.294117647,20,1,3,0,0,2,0,2,3,1,3,5,2,3.154,79.2628,1,0,0,0,0,2,0,0,2,2,0,40
PC4,O=C(C1=CC=CC=C1)C2=CC=CC=C2,-9.28901907,-0.37660024,3.9761,2.5987,11.8462963,0.075185185,11.8462963,0.075185185,0.652473287,182.222,172.142,182.0731649,68,0.192519665,-0.288615965,0.288615965,0.192519665,0.642857143,1,1.357142857,16.13826518,10.03946637,2.055640116,-1.988294309,2.078631781,-1.99250353,6.083681317,0.103404728,2.348637605,376.0032554,9.803118619,7.681750982,7.681750982,6.877010098,4.52549135,4.52549135,3.061174953,3.061174953,2.071955532,2.071955532,1.345721802,1.345721802,-1.89,2580.414244,8.696948085,3.878969377,1.716368061,83.01496154,0,0,5.783244946,0,0,4.794537184,0,0,60.66367068,0,11.12690298,0,4.794537184,5.783244946,0,0,0,71.79057367,0,0,0,0,0,5.783244946,0,15.92144017,60.66367068,0,0,17.07,0,4.794537184,5.783244946,0,11.12690298,0,0,60.66367068,0,0,0,0,11.8462963,0,1.469814815,0.075185185,18.6087037,0,0,0,0,14,0,1,0,0,0,2,0,2,1,0,1,2,2,2.9176,56.3165,0,0,1,1,0,0,0,0,0,0,2,0,0,0,1,0,0,0,Alc10,OC(CC1=CC=CC=C1)C2=CC=CS2,-8.64139727,1.03292956,111.8150659,9.873253023,-0.363518519,9.873253023,0.363518519,0.814439084,204.294,192.198,204.060886,72,0.09216528,-0.38723214,0.38723214,0.09216528,1.071428571,1.857142857,2.5,32.13347352,10.07645264,2.078921369,-2.072307397,2.216794261,-1.983243765,7.095204082,0.182071194,2.055317991,366.4849572,9.803118619,7.75872109,8.575217671,6.860173345,4.614527515,5.494180326,3.220940058,4.200212366,2.143483815,3.117025632,1.418819851,2.130640812,-1.12,3066.32425,9.435606308,4.398850502,2.21844236,87.65297858,5.106527395,0,0,0,0,0,11.33678588,36.39820241,17.00988133,11.29796882,6.103966388,5.106527395,11.33678588,12.52478801,0,58.28523094,0,0,0,11.33678588,5.106527395,6.420821623,0,16.54456507,47.84463225,0,20.23,0,5.106527395,6.103966388,6.420821623,4.877147194,5.563451492,11.33678588,47.84463225,0,0,0,1.600269038,1.035975057,11.86288265,1.174444444,0,13.99416029,0.332268519,0,0,0.166666667,14,1,1,0,0,1,1,2,2,1,2,3,2,3.0242,59.4248,1,1,0,0,0,1,0,0,0,0,1,0
PC4,O=C(C1=CC=CC=C1)C2=CC=CC=C2,-9.28901907,-0.37660024,3.9761,2.5987,11.8462963,0.075185185,11.8462963,0.075185185,0.652473287,182.222,172.142,182.0731649,68,0.192519665,-0.288615965,0.288615965,0.192519665,0.642857143,1,1.357142857,16.13826518,10.03946637,2.055640116,-1.988294309,2.078631781,-1.99250353,6.083681317,0.103404728,2.348637605,376.0032554,9.803118619,7.681750982,7.681750982,6.877010098,4.52549135,4.52549135,3.061174953,3.061174953,2.071955532,2.071955532,1.345721802,1.345721802,-1.89,2580.414244,8.696948085,3.878969377,1.716368061,83.01496154,0,0,5.783244946,0,0,4.794537184,0,0,60.66367068,0,11.12690298,0,4.794537184,5.783244946,0,0,0,71.79057367,0,0,0,0,0,5.783244946,0,15.92144017,60.66367068,0,0,17.07,0,4.794537184,5.783244946,0,11.12690298,0,0,60.66367068,0,0,0,0,11.8462963,0,1.469814815,0.075185185,18.6087037,0,0,0,0,14,0,1,0,0,0,2,0,2,1,0,1,2,2,2.9176,56.3165,0,0,1,1,0,0,0,0,0,0,2,0,0,0,1,0,0,0,Alc11,OC(CC1=CC=CC=C1)C2=CC=C3C(C=CC=C3)=C2,-8.12765359,0.32353879,110.1333659,10.33341648,-0.451846183,10.33341648,0.451846183,0.739012436,248.325,232.197,248.1201151,94,0.083009866,-0.388071663,0.388071663,0.083009866,0.736842105,1.421052632,2.210526316,16.26608468,9.986417292,2.083747824,-2.117047312,2.224950035,-2.010327051,5.82588213,0.178379756,1.869464155,673.3497853,13.0791395,10.65987388,10.65987388,9.32649984,6.534743449,6.534743449,4.812108497,4.812108497,3.430171422,3.430171422,2.370271693,2.370271693,-2.12,36765.48652,11.94179079,5.249619382,2.66527869,112.6942798,5.106527395,0,0,0,0,0,0,66.73003775,27.96571848,6.420821623,6.103966388,5.106527395,10.77244843,12.52478801,0,83.9233078,0,0,0,0,5.106527395,6.420821623,0,17.23086937,72.79640482,10.77244843,20.23,6.103966388,5.106527395,0,6.420821623,11.12690298,10.77244843,0,48.53093655,24.26546827,0,0,0,0,12.71329869,2.130288591,0,24.45629438,0.200118339,0,0,0.111111111,19,1,1,0,0,3,0,3,1,1,1,3,3,4.1159,79.0538,1,1,0,0,0,3,1,0,0,0,0,0
PC4,O=C(C1=CC=CC=C1)C2=CC=CC=C2,-9.28901907,-0.37660024,3.9761,2.5987,11.8462963,0.075185185,11.8462963,0.075185185,0.652473287,182.222,172.142,182.0731649,68,0.192519665,-0.288615965,0.288615965,0.192519665,0.642857143,1,1.357142857,16.13826518,10.03946637,2.055640116,-1.988294309,2.078631781,-1.99250353,6.083681317,0.103404728,2.348637605,376.0032554,9.803118619,7.681750982,7.681750982,6.877010098,4.52549135,4.52549135,3.061174953,3.061174953,2.071955532,2.071955532,1.345721802,1.345721802,-1.89,2580.414244,8.696948085,3.878969377,1.716368061,83.01496154,0,0,5.783244946,0,0,4.794537184,0,0,60.66367068,0,11.12690298,0,4.794537184,5.783244946,0,0,0,71.79057367,0,0,0,0,0,5.783244946,0,15.92144017,60.66367068,0,0,17.07,0,4.794537184,5.783244946,0,11.12690298,0,0,60.66367068,0,0,0,0,11.8462963,0,1.469814815,0.075185185,18.6087037,0,0,0,0,14,0,1,0,0,0,2,0,2,1,0,1,2,2,2.9176,56.3165,0,0,1,1,0,0,0,0,0,0,2,0,0,0,1,0,0,0,Alc12,OC(CC1=CC=CC=C1)C2=C3C(C=CC=C3)=CC=C2,-8.02670078,0.27891275,110.2902409,10.47196901,-0.464351852,10.47196901,0.464351852,0.739012436,248.325,232.197,248.1201151,94,0.083586962,-0.388048921,0.388048921,0.083586962,0.736842105,1.421052632,2.263157895,16.2661245,9.961087362,2.108514386,-2.135341267,2.259726004,-2.019364071,5.854953123,0.179785723,1.955927549,668.0997853,13.0791395,10.65987388,10.65987388,9.343336593,6.540726513,6.540726513,4.773896154,4.773896154,3.454236172,3.454236172,2.488346906,2.488346906,-2.12,37234.02226,11.94179079,5.249619382,2.514643812,112.6942798,5.106527395,0,0,0,0,0,0,72.79640482,21.89935141,6.420821623,6.103966388,5.106527395,10.77244843,12.52478801,0,83.9233078,0,0,0,0,5.106527395,6.420821623,0,17.23086937,72.79640482,10.77244843,20.23,6.103966388,5.106527395,0,6.420821623,16.5131272,5.386224214,0,54.59730362,18.19910121,0,0,0,0,12.77802716,2.157303005,0,24.3813554,0.183314437,0,0,0.111111111,19,1,1,0,0,3,0,3,1,1,1,3,3,4.1159,79.0538,1,1,0,0,0,3,1,0,0,0,0,0
PC4,O=C(C1=CC=CC=C1)C2=CC=CC=C2,-9.28901907,-0.37660024,3.9761,2.5987,11.8462963,0.075185185,11.8462963,0.075185185,0.652473287,182.222,172.142,182.0731649,68,0.192519665,-0.288615965,0.288615965,0.192519665,0.642857143,1,1.357142857,16.13826518,10.03946637,2.055640116,-1.988294309,2.078631781,-1.99250353,6.083681317,0.103404728,2.348637605,376.0032554,9.803118619,7.681750982,7.681750982,6.877010098,4.52549135,4.52549135,3.061174953,3.061174953,2.071955532,2.071955532,1.345721802,1.345721802,-1.89,2580.414244,8.696948085,3.878969377,1.716368061,83.01496154,0,0,5.783244946,0,0,4.794537184,0,0,60.66367068,0,11.12690298,0,4.794537184,5.783244946,0,0,0,71.79057367,0,0,0,0,0,5.783244946,0,15.92144017,60.66367068,0,0,17.07,0,4.794537184,5.783244946,0,11.12690298,0,0,60.66367068,0,0,0,0,11.8462963,0,1.469814815,0.075185185,18.6087037,0,0,0,0,14,0,1,0,0,0,2,0,2,1,0,1,2,2,2.9176,56.3165,0,0,1,1,0,0,0,0,0,0,2,0,0,0,1,0,0,0,Alc13,OC(CC1=CC=CC=C1)C2=CC(OCO3)=C3C=C2,-7.9864285,1.08381413,109.9953158,10.20884165,-0.526018519,10.20884165,0.257507114,0.898944943,242.274,228.162,242.0942943,92,0.230800378,-0.453595466,0.453595466,0.230800378,1,1.777777778,2.611111111,16.69672243,10.01045676,2.161838013,-2.112079703,2.342342866,-2.01108597,5.447982472,0.171222171,1.782012697,536.689907,12.37203272,9.874076162,9.874076162,8.82649984,5.942991739,5.942991739,4.318219186,4.318219186,3.053275195,3.053275195,2.075602865,2.075602865,-2,27276.07585,11.11111111,4.704,2.172635445,105.5988167,14.5802533,0,11.49902367,6.792942306,0,0,0,36.39820241,23.25963712,6.420821623,6.103966388,14.5802533,0,12.52478801,6.792942306,59.65783953,11.49902367,9.473725908,11.49902367,0,11.8994697,6.420821623,0,17.23086937,48.53093655,0,38.69,6.103966388,5.106527395,6.792942306,12.17033346,16.87641482,0,0,48.53093655,0,9.473725908,10.55373952,0,0,10.20884165,1.963675831,1.449326657,15.49522555,0.071683673,0.257507114,0,0.2,18,1,3,1,1,2,0,2,3,1,3,3,3,2.6914,67.6708,1,1,0,0,0,2,1,0,2,0,0,30
PC4,O=C(C1=CC=CC=C1)C2=CC=CC=C2,-9.28901907,-0.37660024,3.9761,2.5987,11.8462963,0.075185185,11.8462963,0.075185185,0.652473287,182.222,172.142,182.0731649,68,0.192519665,-0.288615965,0.288615965,0.192519665,0.642857143,1,1.357142857,16.13826518,10.03946637,2.055640116,-1.988294309,2.078631781,-1.99250353,6.083681317,0.103404728,2.348637605,376.0032554,9.803118619,7.681750982,7.681750982,6.877010098,4.52549135,4.52549135,3.061174953,3.061174953,2.071955532,2.071955532,1.345721802,1.345721802,-1.89,2580.414244,8.696948085,3.878969377,1.716368061,83.01496154,0,0,5.783244946,0,0,4.794537184,0,0,60.66367068,0,11.12690298,0,4.794537184,5.783244946,0,0,0,71.79057367,0,0,0,0,0,5.783244946,0,15.92144017,60.66367068,0,0,17.07,0,4.794537184,5.783244946,0,11.12690298,0,0,60.66367068,0,0,0,0,11.8462963,0,1.469814815,0.075185185,18.6087037,0,0,0,0,14,0,1,0,0,0,2,0,2,1,0,1,2,2,2.9176,56.3165,0,0,1,1,0,0,0,0,0,0,2,0,0,0,1,0,0,0,Alc14,OC(CC1=CC=CC=C1)C2=CC=C3C(OCCO3)=C2,-8.04792536,1.06912019,110.6792909,10.27915415,-0.529419879,10.27915415,0.529419879,0.917331086,256.301,240.173,256.1099444,98,0.161229612,-0.486147273,0.486147273,0.161229612,0.947368421,1.684210526,2.473684211,16.56262844,10.00869622,2.151138065,-2.198867245,2.32807113,-2.153791222,5.441928646,0.164210297,1.779518637,551.1754333,13.0791395,10.58118294,10.58118294,9.32649984,6.442991739,6.442991739,4.608616347,4.608616347,3.222881543,3.222881543,2.222419671,2.222419671,-2,36765.48652,12.05540166,5.325443787,2.712802768,111.9637588,14.5802533,13.21376393,11.49902367,0,0,0,0,36.39820241,23.25963712,6.420821623,6.103966388,14.5802533,0,12.52478801,13.21376393,59.65783953,11.49902367,9.473725908,11.49902367,0,18.32029132,6.420821623,0,17.23086937,48.53093655,0,38.69,6.103966388,5.106527395,0,19.63458555,22.62592665,0,0,48.53093655,0,9.473725908,10.99818397,0,0,10.27915415,1.970363074,1.47015999,15.57085113,0.068282313,1.14300538,0,0.25,19,1,3,1,1,2,0,2,3,1,3,3,3,2.7339,72.5378,1,1,0,0,0,2,1,0,2,0,0,2
PC5,O=C(C1=CC=C(Cl)C=C1)C2=CC=C(Cl)C=C2,-9.22316845,-0.57605687,3.9726,2.546,11.98272865,-0.033950617,11.98272865,0.033950617,0.729885872,251.112,243.048,249.9952202,80,0.192523133,-0.288615936,0.288615936,0.192523133,0.6875,1,1.3125,35.4967833,10.03810561,2.075487365,-2.008421405,2.154008117,-1.997396695,6.307679477,0.103406298,2.315627695,452.9607328,11.5436056,8.28297939,9.794837282,7.664703798,4.724823028,5.480751974,3.342910195,4.215781756,2.212820736,2.716773367,1.369193323,1.621169638,-1.31,5153.110264,11.18363037,4.68605723,2.43440873,103.621494,0,0,5.783244946,0,0,4.794537184,0,0,23.20187978,48.53093655,21.17216961,0,4.794537184,28.98512473,0,0,0,69.70310616,0,0,0,0,23.20187978,5.783244946,0,15.92144017,48.53093655,10.04526663,0,17.07,0,4.794537184,5.783244946,21.17216961,0,0,48.53093655,0,0,23.20187978,0,11.508797,11.98272865,1.236400227,1.234671202,-0.033950617,13.6269091,0,0,0,0,16,0,1,0,0,0,2,0,2,1,0,3,2,2,4.2244,66.3365,0,0,1,1,0,0,0,0,0,0,2,0,0,2,1,0,0,0,Alc1,OC(CC1=CC=CC=C1)C2=CC=C(C(OC)=O)C=C2,-8.93854139,0.12353794,110.2839659,11.30088219,-0.574910242,11.30088219,0.371204472,0.855519056,256.301,240.173,256.1099444,98,0.337341793,-0.465417521,0.465417521,0.337341793,1.105263158,1.736842105,2.315789474,16.52329338,10.00323688,2.100617015,-2.111125286,2.185198708,-2.040609497,5.887593188,0.060023834,2.073681425,531.6803208,13.66492594,10.74431965,10.74431965,9.2027086,6.107223094,6.107223094,4.319110573,4.319110573,2.988430816,2.988430816,1.914407383,1.914407383,-2.13,25130.04108,13.30515172,6.15877057,3.421837675,112.0175669,9.843390349,0,0,0,5.969305288,4.794537184,0,42.46456948,23.25963712,6.420821623,18.77721542,14.63792753,5.969305288,12.52478801,7.109797541,71.28765809,0,0,0,0,18.18563022,11.15768458,0,27.58885805,54.59730362,0,46.53,6.103966388,9.901064579,5.969305288,11.98427311,11.12690298,7.109797541,24.26546827,30.33183534,4.736862954,0,4.630823061,0,11.30088219,10.14446232,2.348807109,-0.371204472,16.61944778,-0.020931201,0,1.347713215,0.1875,19,1,3,0,0,2,0,2,3,1,3,4,2,2.7493,72.8873,1,1,1,1,0,2,0,1,1,1,0,0
PC5,O=C(C1=CC=C(Cl)C=C1)C2=CC=C(Cl)C=C2,-9.22316845,-0.57605687,3.9726,2.546,11.98272865,-0.033950617,11.98272865,0.033950617,0.729885872,251.112,243.048,249.9952202,80,0.192523133,-0.288615936,0.288615936,0.192523133,0.6875,1,1.3125,35.4967833,10.03810561,2.075487365,-2.008421405,2.154008117,-1.997396695,6.307679477,0.103406298,2.315627695,452.9607328,11.5436056,8.28297939,9.794837282,7.664703798,4.724823028,5.480751974,3.342910195,4.215781756,2.212820736,2.716773367,1.369193323,1.621169638,-1.31,5153.110264,11.18363037,4.68605723,2.43440873,103.621494,0,0,5.783244946,0,0,4.794537184,0,0,23.20187978,48.53093655,21.17216961,0,4.794537184,28.98512473,0,0,0,69.70310616,0,0,0,0,23.20187978,5.783244946,0,15.92144017,48.53093655,10.04526663,0,17.07,0,4.794537184,5.783244946,21.17216961,0,0,48.53093655,0,0,23.20187978,0,11.508797,11.98272865,1.236400227,1.234671202,-0.033950617,13.6269091,0,0,0,0,16,0,1,0,0,0,2,0,2,1,0,3,2,2,4.2244,66.3365,0,0,1,1,0,0,0,0,0,0,2,0,0,2,1,0,0,0,Alc2,OC(CC1=CC=CC=C1)C2=CC=CC=C2,-8.90697663,1.05415414,110.1584658,9.973947468,-0.408703704,9.973947468,0.408703704,0.803505173,198.265,184.153,198.1044651,76,0.08298805,-0.388072044,0.388072044,0.08298805,0.8,1.333333333,1.933333333,16.26607617,10.01729244,2.063045969,-2.099774891,2.167902087,-2.005146996,5.216146633,0.178227923,2.078451608,394.1985815,10.5102254,8.505173338,8.505173338,7.360173345,5.13004291,5.13004291,3.616204083,3.616204083,2.456222038,2.456222038,1.630392829,1.630392829,-1.6,4035.300847,9.936265432,4.759877127,2.672959184,90.01261531,5.106527395,0,0,0,0,0,0,60.66367068,11.12690298,6.420821623,6.103966388,5.106527395,0,12.52478801,0,71.79057367,0,0,0,0,5.106527395,6.420821623,0,17.23086937,60.66367068,0,20.23,6.103966388,5.106527395,0,6.420821623,11.12690298,0,0,60.66367068,0,0,0,0,0,9.973947468,2.134450113,0,19.79549131,0.262777778,0,0,0.142857143,15,1,1,0,0,2,0,2,1,1,1,3,2,2.9627,61.5478,1,1,0,0,0,2,0,0,0,0,0,3
PC5,O=C(C1=CC=C(Cl)C=C1)C2=CC=C(Cl)C=C2,-9.22316845,-0.57605687,3.9726,2.546,11.98272865,-0.033950617,11.98272865,0.033950617,0.729885872,251.112,243.048,249.9952202,80,0.192523133,-0.288615936,0.288615936,0.192523133,0.6875,1,1.3125,35.4967833,10.03810561,2.075487365,-2.008421405,2.154008117,-1.997396695,6.307679477,0.103406298,2.315627695,452.9607328,11.5436056,8.28297939,9.794837282,7.664703798,4.724823028,5.480751974,3.342910195,4.215781756,2.212820736,2.716773367,1.369193323,1.621169638,-1.31,5153.110264,11.18363037,4.68605723,2.43440873,103.621494,0,0,5.783244946,0,0,4.794537184,0,0,23.20187978,48.53093655,21.17216961,0,4.794537184,28.98512473,0,0,0,69.70310616,0,0,0,0,23.20187978,5.783244946,0,15.92144017,48.53093655,10.04526663,0,17.07,0,4.794537184,5.783244946,21.17216961,0,0,48.53093655,0,0,23.20187978,0,11.508797,11.98272865,1.236400227,1.234671202,-0.033950617,13.6269091,0,0,0,0,16,0,1,0,0,0,2,0,2,1,0,3,2,2,4.2244,66.3365,0,0,1,1,0,0,0,0,0,0,2,0,0,2,1,0,0,0,Alc3,OC(CC1=CC=CC=C1)C2=CC=C(C3=CC=CC=C3)C=C2,-8.36030764,0.54884587,110.1647408,10.33540753,-0.4609043,10.33540753,0.4609043,0.735116307,274.363,256.219,274.1357652,104,0.082988753,-0.388072038,0.388072038,0.082988753,0.619047619,1.142857143,1.761904762,16.26608329,9.982653574,2.08184519,-2.117053785,2.231560759,-2.009876154,5.629945447,0.178242278,1.7483318,672.0487817,14.49335306,11.81457441,11.81457441,10.32649984,7.201410115,7.201410115,5.193554353,5.193554353,3.674455551,3.674455551,2.483526522,2.483526522,-2.38,104293.4243,13.59609414,6.379998763,3.388286558,125.0697095,5.106527395,0,0,0,0,0,0,84.92913896,22.25380597,6.420821623,6.103966388,5.106527395,0,12.52478801,0,96.05604194,11.12690298,0,0,0,5.106527395,6.420821623,0,17.23086937,84.92913896,11.12690298,20.23,6.103966388,5.106527395,0,6.420821623,11.12690298,11.12690298,0,60.66367068,24.26546827,0,0,0,0,10.33540753,4.475491082,0,28.50563698,0.183464401,0,0,0.1,21,1,1,0,0,3,0,3,1,1,1,4,3,4.6297,86.9838,1,1,0,0,0,3,0,0,0,0,0,0
PC5,O=C(C1=CC=C(Cl)C=C1)C2=CC=C(Cl)C=C2,-9.22316845,-0.57605687,3.9726,2.546,11.98272865,-0.033950617,11.98272865,0.033950617,0.729885872,251.112,243.048,249.9952202,80,0.192523133,-0.288615936,0.288615936,0.192523133,0.6875,1,1.3125,35.4967833,10.03810561,2.075487365,-2.008421405,2.154008117,-1.997396695,6.307679477,0.103406298,2.315627695,452.9607328,11.5436056,8.28297939,9.794837282,7.664703798,4.724823028,5.480751974,3.342910195,4.215781756,2.212820736,2.716773367,1.369193323,1.621169638,-1.31,5153.110264,11.18363037,4.68605723,2.43440873,103.621494,0,0,5.783244946,0,0,4.794537184,0,0,23.20187978,48.53093655,21.17216961,0,4.794537184,28.98512473,0,0,0,69.70310616,0,0,0,0,23.20187978,5.783244946,0,15.92144017,48.53093655,10.04526663,0,17.07,0,4.794537184,5.783244946,21.17216961,0,0,48.53093655,0,0,23.20187978,0,11.508797,11.98272865,1.236400227,1.234671202,-0.033950617,13.6269091,0,0,0,0,16,0,1,0,0,0,2,0,2,1,0,3,2,2,4.2244,66.3365,0,0,1,1,0,0,0,0,0,0,2,0,0,2,1,0,0,0,Alc4,OC(CC1=CC=CC=C1)C2=CC=C(C)C=C2,-8.66833616,1.06231744,110.0894409,10.06483938,-0.413888889,10.06483938,0.413888889,0.827496934,212.292,196.164,212.1201151,82,0.082988375,-0.388072041,0.388072041,0.082988375,0.9375,1.5625,2.1875,16.26607839,10.0062892,2.069742142,-2.107210664,2.178966078,-2.009250363,5.250301887,0.178214004,2.085070945,430.7519476,11.38046889,9.427823069,9.427823069,7.754020195,5.540726513,5.540726513,4.116204083,4.116204083,2.733999816,2.733999816,1.743806823,1.743806823,-1.6,5689.016293,10.90261427,4.950941945,2.706772373,96.37755742,5.106527395,0,0,0,0,0,0,60.16075511,18.05064018,6.420821623,6.103966388,5.106527395,0,19.44852521,0,71.28765809,0,0,0,0,5.106527395,6.420821623,6.9237372,22.79432086,54.59730362,0,20.23,6.103966388,5.106527395,0,6.420821623,11.12690298,5.563451492,0,61.52104082,0,0,0,0,0,10.06483938,3.361749234,0,18.101132,0.25664777,2.048964947,0,0.2,16,1,1,0,0,2,0,2,1,1,1,3,2,3.27112,66.2848,1,1,0,0,1,2,0,0,0,0,0,7
PC5,O=C(C1=CC=C(Cl)C=C1)C2=CC=C(Cl)C=C2,-9.22316845,-0.57605687,3.9726,2.546,11.98272865,-0.033950617,11.98272865,0.033950617,0.729885872,251.112,243.048,249.9952202,80,0.192523133,-0.288615936,0.288615936,0.192523133,0.6875,1,1.3125,35.4967833,10.03810561,2.075487365,-2.008421405,2.154008117,-1.997396695,6.307679477,0.103406298,2.315627695,452.9607328,11.5436056,8.28297939,9.794837282,7.664703798,4.724823028,5.480751974,3.342910195,4.215781756,2.212820736,2.716773367,1.369193323,1.621169638,-1.31,5153.110264,11.18363037,4.68605723,2.43440873,103.621494,0,0,5.783244946,0,0,4.794537184,0,0,23.20187978,48.53093655,21.17216961,0,4.794537184,28.98512473,0,0,0,69.70310616,0,0,0,0,23.20187978,5.783244946,0,15.92144017,48.53093655,10.04526663,0,17.07,0,4.794537184,5.783244946,21.17216961,0,0,48.53093655,0,0,23.20187978,0,11.508797,11.98272865,1.236400227,1.234671202,-0.033950617,13.6269091,0,0,0,0,16,0,1,0,0,0,2,0,2,1,0,3,2,2,4.2244,66.3365,0,0,1,1,0,0,0,0,0,0,2,0,0,2,1,0,0,0,Alc5,OC(CC1=CC=CC=C1)C2=CC=C(OC)C=C2,-8.23187172,1.04735139,110.4094658,10.09672714,-0.469160998,10.09672714,0.469160998,0.871362138,228.291,212.163,228.1150298,88,0.118381005,-0.496768192,0.496768192,0.118381005,1,1.647058824,2.235294118,16.46529396,10.01448176,2.0766339,-2.111463059,2.203362817,-2.010311168,5.291757737,0.178131117,2.062926536,448.1078528,12.08757567,9.836071359,9.836071359,8.292024998,5.653098949,5.653098949,3.97868022,3.97868022,2.772451507,2.772451507,1.781264301,1.781264301,-1.8,10090.55557,11.67858558,5.50509078,3.078969757,101.4911027,9.843390349,5.749511833,0,0,0,0,0,42.46456948,23.25963712,6.420821623,13.21376393,9.843390349,0,12.52478801,7.109797541,65.7242066,5.749511833,4.736862954,5.749511833,0,12.21632494,6.420821623,0,17.23086937,54.59730362,0,29.46,6.103966388,5.106527395,0,6.420821623,16.87641482,0,7.109797541,54.59730362,0,4.736862954,5.085560668,0,0,10.09672714,2.046732516,0.806167695,17.50086494,0.162950916,0,1.634329465,0.2,17,1,2,0,0,2,0,2,2,1,2,4,2,2.9713,68.0998,1,1,0,0,0,2,0,0,1,1,0,51
PC5,O=C(C1=CC=C(Cl)C=C1)C2=CC=C(Cl)C=C2,-9.22316845,-0.57605687,3.9726,2.546,11.98272865,-0.033950617,11.98272865,0.033950617,0.729885872,251.112,243.048,249.9952202,80,0.192523133,-0.288615936,0.288615936,0.192523133,0.6875,1,1.3125,35.4967833,10.03810561,2.075487365,-2.008421405,2.154008117,-1.997396695,6.307679477,0.103406298,2.315627695,452.9607328,11.5436056,8.28297939,9.794837282,7.664703798,4.724823028,5.480751974,3.342910195,4.215781756,2.212820736,2.716773367,1.369193323,1.621169638,-1.31,5153.110264,11.18363037,4.68605723,2.43440873,103.621494,0,0,5.783244946,0,0,4.794537184,0,0,23.20187978,48.53093655,21.17216961,0,4.794537184,28.98512473,0,0,0,69.70310616,0,0,0,0,23.20187978,5.783244946,0,15.92144017,48.53093655,10.04526663,0,17.07,0,4.794537184,5.783244946,21.17216961,0,0,48.53093655,0,0,23.20187978,0,11.508797,11.98272865,1.236400227,1.234671202,-0.033950617,13.6269091,0,0,0,0,16,0,1,0,0,0,2,0,2,1,0,3,2,2,4.2244,66.3365,0,0,1,1,0,0,0,0,0,0,2,0,0,2,1,0,0,0,Alc6,OC(CC1=CC=CC=C1)C2=CC=C(OC)C(OC)=C2,-7.88792468,1.04517451,110.5224158,10.26113757,-0.55351285,10.26113757,0.55351285,0.895699088,258.317,240.173,258.1255944,100,0.160584538,-0.49286995,0.49286995,0.160584538,0.947368421,1.631578947,2.263157895,16.50784068,10.0096787,2.117243407,-2.139118621,2.303972964,-2.023299719,5.433081291,0.177599354,2.170628056,522.7721843,13.66492594,11.16696938,11.16696938,9.240713403,6.182138051,6.182138051,4.319941212,4.319941212,3.064246236,3.064246236,2.015286458,2.015286458,-2,25290.51808,13.43209877,6.25,3.26326743,112.96959,14.5802533,0,11.49902367,0,0,0,0,36.39820241,23.25963712,6.420821623,20.32356147,14.5802533,0,12.52478801,14.21959508,59.65783953,11.49902367,9.473725908,11.49902367,0,19.32612248,6.420821623,0,17.23086937,48.53093655,0,38.69,6.103966388,5.106527395,0,17.91984529,11.12690298,0,14.21959508,48.53093655,0,9.473725908,10.42373952,0,0,10.26113757,1.922488846,1.296548879,15.38624764,0.026172761,0,3.183664782,0.25,19,1,3,0,0,2,0,2,3,1,3,5,2,2.9799,74.6518,1,1,0,0,0,2,0,0,2,2,0,72
PC5,O=C(C1=CC=C(Cl)C=C1)C2=CC=C(Cl)C=C2,-9.22316845,-0.57605687,3.9726,2.546,11.98272865,-0.033950617,11.98272865,0.033950617,0.729885872,251.112,243.048,249.9952202,80,0.192523133,-0.288615936,0.288615936,0.192523133,0.6875,1,1.3125,35.4967833,10.03810561,2.075487365,-2.008421405,2.154008117,-1.997396695,6.307679477,0.103406298,2.315627695,452.9607328,11.5436056,8.28297939,9.794837282,7.664703798,4.724823028,5.480751974,3.342910195,4.215781756,2.212820736,2.716773367,1.369193323,1.621169638,-1.31,5153.110264,11.18363037,4.68605723,2.43440873,103.621494,0,0,5.783244946,0,0,4.794537184,0,0,23.20187978,48.53093655,21.17216961,0,4.794537184,28.98512473,0,0,0,69.70310616,0,0,0,0,23.20187978,5.783244946,0,15.92144017,48.53093655,10.04526663,0,17.07,0,4.794537184,5.783244946,21.17216961,0,0,48.53093655,0,0,23.20187978,0,11.508797,11.98272865,1.236400227,1.234671202,-0.033950617,13.6269091,0,0,0,0,16,0,1,0,0,0,2,0,2,1,0,3,2,2,4.2244,66.3365,0,0,1,1,0,0,0,0,0,0,2,0,0,2,1,0,0,0,Alc7,OC(CC1=CC=CC=C1)C2=C(OC)C=CC=C2OC,-8.24683777,1.0149703,107.1841159,10.43783636,-0.658796296,10.43783636,0.52537037,0.895699088,258.317,240.173,258.1255944,100,0.127902095,-0.496228759,0.496228759,0.127902095,0.894736842,1.473684211,2,16.47797685,9.995068211,2.183895081,-2.176698553,2.348905965,-2.059889902,5.463673305,0.169084656,2.29696563,500.5221843,13.66492594,11.16696938,11.16696938,9.257550155,6.188121115,6.188121115,4.281728869,4.281728869,3.07104304,3.07104304,2.14772538,2.14772538,-2,25369.48259,13.43209877,6.25,3.0625,112.96959,14.5802533,11.49902367,0,0,0,0,0,36.39820241,17.69618563,6.420821623,25.88701296,14.5802533,0,12.52478801,14.21959508,59.65783953,11.49902367,9.473725908,11.49902367,0,19.32612248,6.420821623,0,17.23086937,48.53093655,0,38.69,6.103966388,5.106527395,0,23.48329678,5.563451492,0,14.21959508,48.53093655,0,9.473725908,10.61332861,0,0,10.43783636,1.763252079,1.282928005,15.35451247,-0.133425926,0,3.181568405,0.25,19,1,3,0,0,2,0,2,3,1,3,5,2,2.9799,74.6518,1,1,0,0,0,2,0,0,2,2,0,7
PC5,O=C(C1=CC=C(Cl)C=C1)C2=CC=C(Cl)C=C2,-9.22316845,-0.57605687,3.9726,2.546,11.98272865,-0.033950617,11.98272865,0.033950617,0.729885872,251.112,243.048,249.9952202,80,0.192523133,-0.288615936,0.288615936,0.192523133,0.6875,1,1.3125,35.4967833,10.03810561,2.075487365,-2.008421405,2.154008117,-1.997396695,6.307679477,0.103406298,2.315627695,452.9607328,11.5436056,8.28297939,9.794837282,7.664703798,4.724823028,5.480751974,3.342910195,4.215781756,2.212820736,2.716773367,1.369193323,1.621169638,-1.31,5153.110264,11.18363037,4.68605723,2.43440873,103.621494,0,0,5.783244946,0,0,4.794537184,0,0,23.20187978,48.53093655,21.17216961,0,4.794537184,28.98512473,0,0,0,69.70310616,0,0,0,0,23.20187978,5.783244946,0,15.92144017,48.53093655,10.04526663,0,17.07,0,4.794537184,5.783244946,21.17216961,0,0,48.53093655,0,0,23.20187978,0,11.508797,11.98272865,1.236400227,1.234671202,-0.033950617,13.6269091,0,0,0,0,16,0,1,0,0,0,2,0,2,1,0,3,2,2,4.2244,66.3365,0,0,1,1,0,0,0,0,0,0,2,0,0,2,1,0,0,0,Alc8,OC(CC1=CC=CC=C1)(C)C2=CC=C(OC)C=C2,-8.17772183,1.02993635,110.2274909,10.56200491,-0.867435752,10.56200491,0.597389692,0.892105667,242.318,224.174,242.1306798,94,0.118381372,-0.496768189,0.496768189,0.118381372,1,1.611111111,2.166666667,16.46530434,9.889503761,2.227971509,-2.238534935,2.263139458,-2.236217268,5.316379902,0.05756913,2.188427957,486.2652269,13.0102254,10.75872109,10.75872109,8.61532163,6.025136822,6.025136822,4.664730961,4.664730961,3.103088053,3.103088053,2.04546916,2.04546916,-1.8,13287.8363,12.65159546,5.233467659,2.901820229,107.8560448,9.843390349,5.749511833,0,0,0,0,0,42.46456948,30.18337432,6.420821623,12.71084835,9.843390349,0,18.94560963,7.109797541,65.7242066,5.749511833,4.736862954,5.749511833,0,12.21632494,12.02187243,0,18.05064018,54.59730362,0,29.46,5.601050811,5.106527395,0,6.420821623,16.87641482,0,7.109797541,61.52104082,0,4.736862954,5.118487728,0,0,10.56200491,1.151518986,0.80024177,17.54919827,0.597389692,1.835128496,1.636030145,0.25,18,1,2,0,0,2,0,2,2,1,2,4,2,3.1454,72.7108,1,0,0,0,0,2,0,0,1,1,0,24
PC5,O=C(C1=CC=C(Cl)C=C1)C2=CC=C(Cl)C=C2,-9.22316845,-0.57605687,3.9726,2.546,11.98272865,-0.033950617,11.98272865,0.033950617,0.729885872,251.112,243.048,249.9952202,80,0.192523133,-0.288615936,0.288615936,0.192523133,0.6875,1,1.3125,35.4967833,10.03810561,2.075487365,-2.008421405,2.154008117,-1.997396695,6.307679477,0.103406298,2.315627695,452.9607328,11.5436056,8.28297939,9.794837282,7.664703798,4.724823028,5.480751974,3.342910195,4.215781756,2.212820736,2.716773367,1.369193323,1.621169638,-1.31,5153.110264,11.18363037,4.68605723,2.43440873,103.621494,0,0,5.783244946,0,0,4.794537184,0,0,23.20187978,48.53093655,21.17216961,0,4.794537184,28.98512473,0,0,0,69.70310616,0,0,0,0,23.20187978,5.783244946,0,15.92144017,48.53093655,10.04526663,0,17.07,0,4.794537184,5.783244946,21.17216961,0,0,48.53093655,0,0,23.20187978,0,11.508797,11.98272865,1.236400227,1.234671202,-0.033950617,13.6269091,0,0,0,0,16,0,1,0,0,0,2,0,2,1,0,3,2,2,4.2244,66.3365,0,0,1,1,0,0,0,0,0,0,2,0,0,2,1,0,0,0,Alc9,OC(CC1=CC=CC=C1)(C)C2=CC(OC)=C(OC)C=C2,-7.83976121,1.02803158,110.3090658,10.72641534,-0.957435752,10.72641534,0.544963388,0.908372189,272.344,252.184,272.1412445,106,0.160595357,-0.492869947,0.492869947,0.160595357,0.95,1.6,2.2,16.50786391,9.886714685,2.244651992,-2.246767403,2.332200447,-2.238535517,5.4439743,0.057303819,2.290057545,561.7027291,14.58757567,12.08961911,12.08961911,9.564010035,6.554175925,6.554175925,5.005991953,5.005991953,3.396609945,3.396609945,2.266626138,2.266626138,-2,33330.10718,14.4099723,5.969821674,3.114186851,119.3345321,14.5802533,0,11.49902367,0,0,0,0,36.39820241,30.18337432,6.420821623,19.82064589,14.5802533,0,18.94560963,14.21959508,59.65783953,11.49902367,9.473725908,11.49902367,0,19.32612248,12.02187243,0,18.05064018,48.53093655,0,38.69,5.601050811,5.106527395,0,17.91984529,11.12690298,0,21.14333228,48.53093655,0,9.473725908,10.50166658,0,0,10.72641534,0.937275316,1.282497953,15.42937264,0.544963388,1.806795163,3.187680277,0.294117647,20,1,3,0,0,2,0,2,3,1,3,5,2,3.154,79.2628,1,0,0,0,0,2,0,0,2,2,0,50
PC5,O=C(C1=CC=C(Cl)C=C1)C2=CC=C(Cl)C=C2,-9.22316845,-0.57605687,3.9726,2.546,11.98272865,-0.033950617,11.98272865,0.033950617,0.729885872,251.112,243.048,249.9952202,80,0.192523133,-0.288615936,0.288615936,0.192523133,0.6875,1,1.3125,35.4967833,10.03810561,2.075487365,-2.008421405,2.154008117,-1.997396695,6.307679477,0.103406298,2.315627695,452.9607328,11.5436056,8.28297939,9.794837282,7.664703798,4.724823028,5.480751974,3.342910195,4.215781756,2.212820736,2.716773367,1.369193323,1.621169638,-1.31,5153.110264,11.18363037,4.68605723,2.43440873,103.621494,0,0,5.783244946,0,0,4.794537184,0,0,23.20187978,48.53093655,21.17216961,0,4.794537184,28.98512473,0,0,0,69.70310616,0,0,0,0,23.20187978,5.783244946,0,15.92144017,48.53093655,10.04526663,0,17.07,0,4.794537184,5.783244946,21.17216961,0,0,48.53093655,0,0,23.20187978,0,11.508797,11.98272865,1.236400227,1.234671202,-0.033950617,13.6269091,0,0,0,0,16,0,1,0,0,0,2,0,2,1,0,3,2,2,4.2244,66.3365,0,0,1,1,0,0,0,0,0,0,2,0,0,2,1,0,0,0,Alc10,OC(CC1=CC=CC=C1)C2=CC=CS2,-8.64139727,1.03292956,111.8150659,9.873253023,-0.363518519,9.873253023,0.363518519,0.814439084,204.294,192.198,204.060886,72,0.09216528,-0.38723214,0.38723214,0.09216528,1.071428571,1.857142857,2.5,32.13347352,10.07645264,2.078921369,-2.072307397,2.216794261,-1.983243765,7.095204082,0.182071194,2.055317991,366.4849572,9.803118619,7.75872109,8.575217671,6.860173345,4.614527515,5.494180326,3.220940058,4.200212366,2.143483815,3.117025632,1.418819851,2.130640812,-1.12,3066.32425,9.435606308,4.398850502,2.21844236,87.65297858,5.106527395,0,0,0,0,0,11.33678588,36.39820241,17.00988133,11.29796882,6.103966388,5.106527395,11.33678588,12.52478801,0,58.28523094,0,0,0,11.33678588,5.106527395,6.420821623,0,16.54456507,47.84463225,0,20.23,0,5.106527395,6.103966388,6.420821623,4.877147194,5.563451492,11.33678588,47.84463225,0,0,0,1.600269038,1.035975057,11.86288265,1.174444444,0,13.99416029,0.332268519,0,0,0.166666667,14,1,1,0,0,1,1,2,2,1,2,3,2,3.0242,59.4248,1,1,0,0,0,1,0,0,0,0,1,1
PC5,O=C(C1=CC=C(Cl)C=C1)C2=CC=C(Cl)C=C2,-9.22316845,-0.57605687,3.9726,2.546,11.98272865,-0.033950617,11.98272865,0.033950617,0.729885872,251.112,243.048,249.9952202,80,0.192523133,-0.288615936,0.288615936,0.192523133,0.6875,1,1.3125,35.4967833,10.03810561,2.075487365,-2.008421405,2.154008117,-1.997396695,6.307679477,0.103406298,2.315627695,452.9607328,11.5436056,8.28297939,9.794837282,7.664703798,4.724823028,5.480751974,3.342910195,4.215781756,2.212820736,2.716773367,1.369193323,1.621169638,-1.31,5153.110264,11.18363037,4.68605723,2.43440873,103.621494,0,0,5.783244946,0,0,4.794537184,0,0,23.20187978,48.53093655,21.17216961,0,4.794537184,28.98512473,0,0,0,69.70310616,0,0,0,0,23.20187978,5.783244946,0,15.92144017,48.53093655,10.04526663,0,17.07,0,4.794537184,5.783244946,21.17216961,0,0,48.53093655,0,0,23.20187978,0,11.508797,11.98272865,1.236400227,1.234671202,-0.033950617,13.6269091,0,0,0,0,16,0,1,0,0,0,2,0,2,1,0,3,2,2,4.2244,66.3365,0,0,1,1,0,0,0,0,0,0,2,0,0,2,1,0,0,0,Alc11,OC(CC1=CC=CC=C1)C2=CC=C3C(C=CC=C3)=C2,-8.12765359,0.32353879,110.1333659,10.33341648,-0.451846183,10.33341648,0.451846183,0.739012436,248.325,232.197,248.1201151,94,0.083009866,-0.388071663,0.388071663,0.083009866,0.736842105,1.421052632,2.210526316,16.26608468,9.986417292,2.083747824,-2.117047312,2.224950035,-2.010327051,5.82588213,0.178379756,1.869464155,673.3497853,13.0791395,10.65987388,10.65987388,9.32649984,6.534743449,6.534743449,4.812108497,4.812108497,3.430171422,3.430171422,2.370271693,2.370271693,-2.12,36765.48652,11.94179079,5.249619382,2.66527869,112.6942798,5.106527395,0,0,0,0,0,0,66.73003775,27.96571848,6.420821623,6.103966388,5.106527395,10.77244843,12.52478801,0,83.9233078,0,0,0,0,5.106527395,6.420821623,0,17.23086937,72.79640482,10.77244843,20.23,6.103966388,5.106527395,0,6.420821623,11.12690298,10.77244843,0,48.53093655,24.26546827,0,0,0,0,12.71329869,2.130288591,0,24.45629438,0.200118339,0,0,0.111111111,19,1,1,0,0,3,0,3,1,1,1,3,3,4.1159,79.0538,1,1,0,0,0,3,1,0,0,0,0,0
PC5,O=C(C1=CC=C(Cl)C=C1)C2=CC=C(Cl)C=C2,-9.22316845,-0.57605687,3.9726,2.546,11.98272865,-0.033950617,11.98272865,0.033950617,0.729885872,251.112,243.048,249.9952202,80,0.192523133,-0.288615936,0.288615936,0.192523133,0.6875,1,1.3125,35.4967833,10.03810561,2.075487365,-2.008421405,2.154008117,-1.997396695,6.307679477,0.103406298,2.315627695,452.9607328,11.5436056,8.28297939,9.794837282,7.664703798,4.724823028,5.480751974,3.342910195,4.215781756,2.212820736,2.716773367,1.369193323,1.621169638,-1.31,5153.110264,11.18363037,4.68605723,2.43440873,103.621494,0,0,5.783244946,0,0,4.794537184,0,0,23.20187978,48.53093655,21.17216961,0,4.794537184,28.98512473,0,0,0,69.70310616,0,0,0,0,23.20187978,5.783244946,0,15.92144017,48.53093655,10.04526663,0,17.07,0,4.794537184,5.783244946,21.17216961,0,0,48.53093655,0,0,23.20187978,0,11.508797,11.98272865,1.236400227,1.234671202,-0.033950617,13.6269091,0,0,0,0,16,0,1,0,0,0,2,0,2,1,0,3,2,2,4.2244,66.3365,0,0,1,1,0,0,0,0,0,0,2,0,0,2,1,0,0,0,Alc12,OC(CC1=CC=CC=C1)C2=C3C(C=CC=C3)=CC=C2,-8.02670078,0.27891275,110.2902409,10.47196901,-0.464351852,10.47196901,0.464351852,0.739012436,248.325,232.197,248.1201151,94,0.083586962,-0.388048921,0.388048921,0.083586962,0.736842105,1.421052632,2.263157895,16.2661245,9.961087362,2.108514386,-2.135341267,2.259726004,-2.019364071,5.854953123,0.179785723,1.955927549,668.0997853,13.0791395,10.65987388,10.65987388,9.343336593,6.540726513,6.540726513,4.773896154,4.773896154,3.454236172,3.454236172,2.488346906,2.488346906,-2.12,37234.02226,11.94179079,5.249619382,2.514643812,112.6942798,5.106527395,0,0,0,0,0,0,72.79640482,21.89935141,6.420821623,6.103966388,5.106527395,10.77244843,12.52478801,0,83.9233078,0,0,0,0,5.106527395,6.420821623,0,17.23086937,72.79640482,10.77244843,20.23,6.103966388,5.106527395,0,6.420821623,16.5131272,5.386224214,0,54.59730362,18.19910121,0,0,0,0,12.77802716,2.157303005,0,24.3813554,0.183314437,0,0,0.111111111,19,1,1,0,0,3,0,3,1,1,1,3,3,4.1159,79.0538,1,1,0,0,0,3,1,0,0,0,0,0
PC5,O=C(C1=CC=C(Cl)C=C1)C2=CC=C(Cl)C=C2,-9.22316845,-0.57605687,3.9726,2.546,11.98272865,-0.033950617,11.98272865,0.033950617,0.729885872,251.112,243.048,249.9952202,80,0.192523133,-0.288615936,0.288615936,0.192523133,0.6875,1,1.3125,35.4967833,10.03810561,2.075487365,-2.008421405,2.154008117,-1.997396695,6.307679477,0.103406298,2.315627695,452.9607328,11.5436056,8.28297939,9.794837282,7.664703798,4.724823028,5.480751974,3.342910195,4.215781756,2.212820736,2.716773367,1.369193323,1.621169638,-1.31,5153.110264,11.18363037,4.68605723,2.43440873,103.621494,0,0,5.783244946,0,0,4.794537184,0,0,23.20187978,48.53093655,21.17216961,0,4.794537184,28.98512473,0,0,0,69.70310616,0,0,0,0,23.20187978,5.783244946,0,15.92144017,48.53093655,10.04526663,0,17.07,0,4.794537184,5.783244946,21.17216961,0,0,48.53093655,0,0,23.20187978,0,11.508797,11.98272865,1.236400227,1.234671202,-0.033950617,13.6269091,0,0,0,0,16,0,1,0,0,0,2,0,2,1,0,3,2,2,4.2244,66.3365,0,0,1,1,0,0,0,0,0,0,2,0,0,2,1,0,0,0,Alc13,OC(CC1=CC=CC=C1)C2=CC(OCO3)=C3C=C2,-7.9864285,1.08381413,109.9953158,10.20884165,-0.526018519,10.20884165,0.257507114,0.898944943,242.274,228.162,242.0942943,92,0.230800378,-0.453595466,0.453595466,0.230800378,1,1.777777778,2.611111111,16.69672243,10.01045676,2.161838013,-2.112079703,2.342342866,-2.01108597,5.447982472,0.171222171,1.782012697,536.689907,12.37203272,9.874076162,9.874076162,8.82649984,5.942991739,5.942991739,4.318219186,4.318219186,3.053275195,3.053275195,2.075602865,2.075602865,-2,27276.07585,11.11111111,4.704,2.172635445,105.5988167,14.5802533,0,11.49902367,6.792942306,0,0,0,36.39820241,23.25963712,6.420821623,6.103966388,14.5802533,0,12.52478801,6.792942306,59.65783953,11.49902367,9.473725908,11.49902367,0,11.8994697,6.420821623,0,17.23086937,48.53093655,0,38.69,6.103966388,5.106527395,6.792942306,12.17033346,16.87641482,0,0,48.53093655,0,9.473725908,10.55373952,0,0,10.20884165,1.963675831,1.449326657,15.49522555,0.071683673,0.257507114,0,0.2,18,1,3,1,1,2,0,2,3,1,3,3,3,2.6914,67.6708,1,1,0,0,0,2,1,0,2,0,0,33
PC5,O=C(C1=CC=C(Cl)C=C1)C2=CC=C(Cl)C=C2,-9.22316845,-0.57605687,3.9726,2.546,11.98272865,-0.033950617,11.98272865,0.033950617,0.729885872,251.112,243.048,249.9952202,80,0.192523133,-0.288615936,0.288615936,0.192523133,0.6875,1,1.3125,35.4967833,10.03810561,2.075487365,-2.008421405,2.154008117,-1.997396695,6.307679477,0.103406298,2.315627695,452.9607328,11.5436056,8.28297939,9.794837282,7.664703798,4.724823028,5.480751974,3.342910195,4.215781756,2.212820736,2.716773367,1.369193323,1.621169638,-1.31,5153.110264,11.18363037,4.68605723,2.43440873,103.621494,0,0,5.783244946,0,0,4.794537184,0,0,23.20187978,48.53093655,21.17216961,0,4.794537184,28.98512473,0,0,0,69.70310616,0,0,0,0,23.20187978,5.783244946,0,15.92144017,48.53093655,10.04526663,0,17.07,0,4.794537184,5.783244946,21.17216961,0,0,48.53093655,0,0,23.20187978,0,11.508797,11.98272865,1.236400227,1.234671202,-0.033950617,13.6269091,0,0,0,0,16,0,1,0,0,0,2,0,2,1,0,3,2,2,4.2244,66.3365,0,0,1,1,0,0,0,0,0,0,2,0,0,2,1,0,0,0,Alc14,OC(CC1=CC=CC=C1)C2=CC=C3C(OCCO3)=C2,-8.04792536,1.06912019,110.6792909,10.27915415,-0.529419879,10.27915415,0.529419879,0.917331086,256.301,240.173,256.1099444,98,0.161229612,-0.486147273,0.486147273,0.161229612,0.947368421,1.684210526,2.473684211,16.56262844,10.00869622,2.151138065,-2.198867245,2.32807113,-2.153791222,5.441928646,0.164210297,1.779518637,551.1754333,13.0791395,10.58118294,10.58118294,9.32649984,6.442991739,6.442991739,4.608616347,4.608616347,3.222881543,3.222881543,2.222419671,2.222419671,-2,36765.48652,12.05540166,5.325443787,2.712802768,111.9637588,14.5802533,13.21376393,11.49902367,0,0,0,0,36.39820241,23.25963712,6.420821623,6.103966388,14.5802533,0,12.52478801,13.21376393,59.65783953,11.49902367,9.473725908,11.49902367,0,18.32029132,6.420821623,0,17.23086937,48.53093655,0,38.69,6.103966388,5.106527395,0,19.63458555,22.62592665,0,0,48.53093655,0,9.473725908,10.99818397,0,0,10.27915415,1.970363074,1.47015999,15.57085113,0.068282313,1.14300538,0,0.25,19,1,3,1,1,2,0,2,3,1,3,3,3,2.7339,72.5378,1,1,0,0,0,2,1,0,2,0,0,25
PC6,O=C(C1=CC=C(OC)C=C1)C2=CC=C(OC)C=C2,-8.50452594,-0.13904821,4.0845,2.642,12.16392196,-0.013605442,12.16392196,0.013605442,0.773167549,242.274,228.162,242.0942943,92,0.19252879,-0.496767786,0.496767786,0.19252879,0.722222222,1.055555556,1.333333333,16.46754491,10.03240442,2.084026207,-2.040676311,2.169343079,-2.005543223,6.08574035,0.103398449,2.230539155,477.1701016,12.95781916,10.34354702,10.34354702,8.740713403,5.571603427,5.571603427,3.786127226,3.786127226,2.704414468,2.704414468,1.651453456,1.651453456,-2.29,16092.07002,12.17442983,5.361092664,2.509130516,105.9719362,9.473725908,11.49902367,5.783244946,0,0,4.794537184,0,0,0,48.53093655,11.12690298,14.21959508,14.26826309,5.783244946,0,0,14.21959508,59.65783953,11.49902367,9.473725908,0,11.49902367,0,20.00284003,0,15.92144017,48.53093655,0,0,35.53,0,4.794537184,5.783244946,11.12690298,11.49902367,0,62.75053163,0,0,9.473725908,10.11414872,0,12.16392196,0,1.279568216,1.460988846,14.11966459,0,0,3.19504101,0.133333333,18,0,3,0,0,0,2,0,2,3,0,3,4,2,2.9348,69.4205,0,0,1,1,0,0,0,0,0,0,2,0,2,0,1,2,0,0,Alc1,OC(CC1=CC=CC=C1)C2=CC=C(C(OC)=O)C=C2,-8.93854139,0.12353794,110.2839659,11.30088219,-0.574910242,11.30088219,0.371204472,0.855519056,256.301,240.173,256.1099444,98,0.337341793,-0.465417521,0.465417521,0.337341793,1.105263158,1.736842105,2.315789474,16.52329338,10.00323688,2.100617015,-2.111125286,2.185198708,-2.040609497,5.887593188,0.060023834,2.073681425,531.6803208,13.66492594,10.74431965,10.74431965,9.2027086,6.107223094,6.107223094,4.319110573,4.319110573,2.988430816,2.988430816,1.914407383,1.914407383,-2.13,25130.04108,13.30515172,6.15877057,3.421837675,112.0175669,9.843390349,0,0,0,5.969305288,4.794537184,0,42.46456948,23.25963712,6.420821623,18.77721542,14.63792753,5.969305288,12.52478801,7.109797541,71.28765809,0,0,0,0,18.18563022,11.15768458,0,27.58885805,54.59730362,0,46.53,6.103966388,9.901064579,5.969305288,11.98427311,11.12690298,7.109797541,24.26546827,30.33183534,4.736862954,0,4.630823061,0,11.30088219,10.14446232,2.348807109,-0.371204472,16.61944778,-0.020931201,0,1.347713215,0.1875,19,1,3,0,0,2,0,2,3,1,3,4,2,2.7493,72.8873,1,1,1,1,0,2,0,1,1,1,0,0
PC6,O=C(C1=CC=C(OC)C=C1)C2=CC=C(OC)C=C2,-8.50452594,-0.13904821,4.0845,2.642,12.16392196,-0.013605442,12.16392196,0.013605442,0.773167549,242.274,228.162,242.0942943,92,0.19252879,-0.496767786,0.496767786,0.19252879,0.722222222,1.055555556,1.333333333,16.46754491,10.03240442,2.084026207,-2.040676311,2.169343079,-2.005543223,6.08574035,0.103398449,2.230539155,477.1701016,12.95781916,10.34354702,10.34354702,8.740713403,5.571603427,5.571603427,3.786127226,3.786127226,2.704414468,2.704414468,1.651453456,1.651453456,-2.29,16092.07002,12.17442983,5.361092664,2.509130516,105.9719362,9.473725908,11.49902367,5.783244946,0,0,4.794537184,0,0,0,48.53093655,11.12690298,14.21959508,14.26826309,5.783244946,0,0,14.21959508,59.65783953,11.49902367,9.473725908,0,11.49902367,0,20.00284003,0,15.92144017,48.53093655,0,0,35.53,0,4.794537184,5.783244946,11.12690298,11.49902367,0,62.75053163,0,0,9.473725908,10.11414872,0,12.16392196,0,1.279568216,1.460988846,14.11966459,0,0,3.19504101,0.133333333,18,0,3,0,0,0,2,0,2,3,0,3,4,2,2.9348,69.4205,0,0,1,1,0,0,0,0,0,0,2,0,2,0,1,2,0,0,Alc2,OC(CC1=CC=CC=C1)C2=CC=CC=C2,-8.90697663,1.05415414,110.1584658,9.973947468,-0.408703704,9.973947468,0.408703704,0.803505173,198.265,184.153,198.1044651,76,0.08298805,-0.388072044,0.388072044,0.08298805,0.8,1.333333333,1.933333333,16.26607617,10.01729244,2.063045969,-2.099774891,2.167902087,-2.005146996,5.216146633,0.178227923,2.078451608,394.1985815,10.5102254,8.505173338,8.505173338,7.360173345,5.13004291,5.13004291,3.616204083,3.616204083,2.456222038,2.456222038,1.630392829,1.630392829,-1.6,4035.300847,9.936265432,4.759877127,2.672959184,90.01261531,5.106527395,0,0,0,0,0,0,60.66367068,11.12690298,6.420821623,6.103966388,5.106527395,0,12.52478801,0,71.79057367,0,0,0,0,5.106527395,6.420821623,0,17.23086937,60.66367068,0,20.23,6.103966388,5.106527395,0,6.420821623,11.12690298,0,0,60.66367068,0,0,0,0,0,9.973947468,2.134450113,0,19.79549131,0.262777778,0,0,0.142857143,15,1,1,0,0,2,0,2,1,1,1,3,2,2.9627,61.5478,1,1,0,0,0,2,0,0,0,0,0,0
PC6,O=C(C1=CC=C(OC)C=C1)C2=CC=C(OC)C=C2,-8.50452594,-0.13904821,4.0845,2.642,12.16392196,-0.013605442,12.16392196,0.013605442,0.773167549,242.274,228.162,242.0942943,92,0.19252879,-0.496767786,0.496767786,0.19252879,0.722222222,1.055555556,1.333333333,16.46754491,10.03240442,2.084026207,-2.040676311,2.169343079,-2.005543223,6.08574035,0.103398449,2.230539155,477.1701016,12.95781916,10.34354702,10.34354702,8.740713403,5.571603427,5.571603427,3.786127226,3.786127226,2.704414468,2.704414468,1.651453456,1.651453456,-2.29,16092.07002,12.17442983,5.361092664,2.509130516,105.9719362,9.473725908,11.49902367,5.783244946,0,0,4.794537184,0,0,0,48.53093655,11.12690298,14.21959508,14.26826309,5.783244946,0,0,14.21959508,59.65783953,11.49902367,9.473725908,0,11.49902367,0,20.00284003,0,15.92144017,48.53093655,0,0,35.53,0,4.794537184,5.783244946,11.12690298,11.49902367,0,62.75053163,0,0,9.473725908,10.11414872,0,12.16392196,0,1.279568216,1.460988846,14.11966459,0,0,3.19504101,0.133333333,18,0,3,0,0,0,2,0,2,3,0,3,4,2,2.9348,69.4205,0,0,1,1,0,0,0,0,0,0,2,0,2,0,1,2,0,0,Alc3,OC(CC1=CC=CC=C1)C2=CC=C(C3=CC=CC=C3)C=C2,-8.36030764,0.54884587,110.1647408,10.33540753,-0.4609043,10.33540753,0.4609043,0.735116307,274.363,256.219,274.1357652,104,0.082988753,-0.388072038,0.388072038,0.082988753,0.619047619,1.142857143,1.761904762,16.26608329,9.982653574,2.08184519,-2.117053785,2.231560759,-2.009876154,5.629945447,0.178242278,1.7483318,672.0487817,14.49335306,11.81457441,11.81457441,10.32649984,7.201410115,7.201410115,5.193554353,5.193554353,3.674455551,3.674455551,2.483526522,2.483526522,-2.38,104293.4243,13.59609414,6.379998763,3.388286558,125.0697095,5.106527395,0,0,0,0,0,0,84.92913896,22.25380597,6.420821623,6.103966388,5.106527395,0,12.52478801,0,96.05604194,11.12690298,0,0,0,5.106527395,6.420821623,0,17.23086937,84.92913896,11.12690298,20.23,6.103966388,5.106527395,0,6.420821623,11.12690298,11.12690298,0,60.66367068,24.26546827,0,0,0,0,10.33540753,4.475491082,0,28.50563698,0.183464401,0,0,0.1,21,1,1,0,0,3,0,3,1,1,1,4,3,4.6297,86.9838,1,1,0,0,0,3,0,0,0,0,0,0
PC6,O=C(C1=CC=C(OC)C=C1)C2=CC=C(OC)C=C2,-8.50452594,-0.13904821,4.0845,2.642,12.16392196,-0.013605442,12.16392196,0.013605442,0.773167549,242.274,228.162,242.0942943,92,0.19252879,-0.496767786,0.496767786,0.19252879,0.722222222,1.055555556,1.333333333,16.46754491,10.03240442,2.084026207,-2.040676311,2.169343079,-2.005543223,6.08574035,0.103398449,2.230539155,477.1701016,12.95781916,10.34354702,10.34354702,8.740713403,5.571603427,5.571603427,3.786127226,3.786127226,2.704414468,2.704414468,1.651453456,1.651453456,-2.29,16092.07002,12.17442983,5.361092664,2.509130516,105.9719362,9.473725908,11.49902367,5.783244946,0,0,4.794537184,0,0,0,48.53093655,11.12690298,14.21959508,14.26826309,5.783244946,0,0,14.21959508,59.65783953,11.49902367,9.473725908,0,11.49902367,0,20.00284003,0,15.92144017,48.53093655,0,0,35.53,0,4.794537184,5.783244946,11.12690298,11.49902367,0,62.75053163,0,0,9.473725908,10.11414872,0,12.16392196,0,1.279568216,1.460988846,14.11966459,0,0,3.19504101,0.133333333,18,0,3,0,0,0,2,0,2,3,0,3,4,2,2.9348,69.4205,0,0,1,1,0,0,0,0,0,0,2,0,2,0,1,2,0,0,Alc4,OC(CC1=CC=CC=C1)C2=CC=C(C)C=C2,-8.66833616,1.06231744,110.0894409,10.06483938,-0.413888889,10.06483938,0.413888889,0.827496934,212.292,196.164,212.1201151,82,0.082988375,-0.388072041,0.388072041,0.082988375,0.9375,1.5625,2.1875,16.26607839,10.0062892,2.069742142,-2.107210664,2.178966078,-2.009250363,5.250301887,0.178214004,2.085070945,430.7519476,11.38046889,9.427823069,9.427823069,7.754020195,5.540726513,5.540726513,4.116204083,4.116204083,2.733999816,2.733999816,1.743806823,1.743806823,-1.6,5689.016293,10.90261427,4.950941945,2.706772373,96.37755742,5.106527395,0,0,0,0,0,0,60.16075511,18.05064018,6.420821623,6.103966388,5.106527395,0,19.44852521,0,71.28765809,0,0,0,0,5.106527395,6.420821623,6.9237372,22.79432086,54.59730362,0,20.23,6.103966388,5.106527395,0,6.420821623,11.12690298,5.563451492,0,61.52104082,0,0,0,0,0,10.06483938,3.361749234,0,18.101132,0.25664777,2.048964947,0,0.2,16,1,1,0,0,2,0,2,1,1,1,3,2,3.27112,66.2848,1,1,0,0,1,2,0,0,0,0,0,0
PC6,O=C(C1=CC=C(OC)C=C1)C2=CC=C(OC)C=C2,-8.50452594,-0.13904821,4.0845,2.642,12.16392196,-0.013605442,12.16392196,0.013605442,0.773167549,242.274,228.162,242.0942943,92,0.19252879,-0.496767786,0.496767786,0.19252879,0.722222222,1.055555556,1.333333333,16.46754491,10.03240442,2.084026207,-2.040676311,2.169343079,-2.005543223,6.08574035,0.103398449,2.230539155,477.1701016,12.95781916,10.34354702,10.34354702,8.740713403,5.571603427,5.571603427,3.786127226,3.786127226,2.704414468,2.704414468,1.651453456,1.651453456,-2.29,16092.07002,12.17442983,5.361092664,2.509130516,105.9719362,9.473725908,11.49902367,5.783244946,0,0,4.794537184,0,0,0,48.53093655,11.12690298,14.21959508,14.26826309,5.783244946,0,0,14.21959508,59.65783953,11.49902367,9.473725908,0,11.49902367,0,20.00284003,0,15.92144017,48.53093655,0,0,35.53,0,4.794537184,5.783244946,11.12690298,11.49902367,0,62.75053163,0,0,9.473725908,10.11414872,0,12.16392196,0,1.279568216,1.460988846,14.11966459,0,0,3.19504101,0.133333333,18,0,3,0,0,0,2,0,2,3,0,3,4,2,2.9348,69.4205,0,0,1,1,0,0,0,0,0,0,2,0,2,0,1,2,0,0,Alc5,OC(CC1=CC=CC=C1)C2=CC=C(OC)C=C2,-8.23187172,1.04735139,110.4094658,10.09672714,-0.469160998,10.09672714,0.469160998,0.871362138,228.291,212.163,228.1150298,88,0.118381005,-0.496768192,0.496768192,0.118381005,1,1.647058824,2.235294118,16.46529396,10.01448176,2.0766339,-2.111463059,2.203362817,-2.010311168,5.291757737,0.178131117,2.062926536,448.1078528,12.08757567,9.836071359,9.836071359,8.292024998,5.653098949,5.653098949,3.97868022,3.97868022,2.772451507,2.772451507,1.781264301,1.781264301,-1.8,10090.55557,11.67858558,5.50509078,3.078969757,101.4911027,9.843390349,5.749511833,0,0,0,0,0,42.46456948,23.25963712,6.420821623,13.21376393,9.843390349,0,12.52478801,7.109797541,65.7242066,5.749511833,4.736862954,5.749511833,0,12.21632494,6.420821623,0,17.23086937,54.59730362,0,29.46,6.103966388,5.106527395,0,6.420821623,16.87641482,0,7.109797541,54.59730362,0,4.736862954,5.085560668,0,0,10.09672714,2.046732516,0.806167695,17.50086494,0.162950916,0,1.634329465,0.2,17,1,2,0,0,2,0,2,2,1,2,4,2,2.9713,68.0998,1,1,0,0,0,2,0,0,1,1,0,0
PC6,O=C(C1=CC=C(OC)C=C1)C2=CC=C(OC)C=C2,-8.50452594,-0.13904821,4.0845,2.642,12.16392196,-0.013605442,12.16392196,0.013605442,0.773167549,242.274,228.162,242.0942943,92,0.19252879,-0.496767786,0.496767786,0.19252879,0.722222222,1.055555556,1.333333333,16.46754491,10.03240442,2.084026207,-2.040676311,2.169343079,-2.005543223,6.08574035,0.103398449,2.230539155,477.1701016,12.95781916,10.34354702,10.34354702,8.740713403,5.571603427,5.571603427,3.786127226,3.786127226,2.704414468,2.704414468,1.651453456,1.651453456,-2.29,16092.07002,12.17442983,5.361092664,2.509130516,105.9719362,9.473725908,11.49902367,5.783244946,0,0,4.794537184,0,0,0,48.53093655,11.12690298,14.21959508,14.26826309,5.783244946,0,0,14.21959508,59.65783953,11.49902367,9.473725908,0,11.49902367,0,20.00284003,0,15.92144017,48.53093655,0,0,35.53,0,4.794537184,5.783244946,11.12690298,11.49902367,0,62.75053163,0,0,9.473725908,10.11414872,0,12.16392196,0,1.279568216,1.460988846,14.11966459,0,0,3.19504101,0.133333333,18,0,3,0,0,0,2,0,2,3,0,3,4,2,2.9348,69.4205,0,0,1,1,0,0,0,0,0,0,2,0,2,0,1,2,0,0,Alc6,OC(CC1=CC=CC=C1)C2=CC=C(OC)C(OC)=C2,-7.88792468,1.04517451,110.5224158,10.26113757,-0.55351285,10.26113757,0.55351285,0.895699088,258.317,240.173,258.1255944,100,0.160584538,-0.49286995,0.49286995,0.160584538,0.947368421,1.631578947,2.263157895,16.50784068,10.0096787,2.117243407,-2.139118621,2.303972964,-2.023299719,5.433081291,0.177599354,2.170628056,522.7721843,13.66492594,11.16696938,11.16696938,9.240713403,6.182138051,6.182138051,4.319941212,4.319941212,3.064246236,3.064246236,2.015286458,2.015286458,-2,25290.51808,13.43209877,6.25,3.26326743,112.96959,14.5802533,0,11.49902367,0,0,0,0,36.39820241,23.25963712,6.420821623,20.32356147,14.5802533,0,12.52478801,14.21959508,59.65783953,11.49902367,9.473725908,11.49902367,0,19.32612248,6.420821623,0,17.23086937,48.53093655,0,38.69,6.103966388,5.106527395,0,17.91984529,11.12690298,0,14.21959508,48.53093655,0,9.473725908,10.42373952,0,0,10.26113757,1.922488846,1.296548879,15.38624764,0.026172761,0,3.183664782,0.25,19,1,3,0,0,2,0,2,3,1,3,5,2,2.9799,74.6518,1,1,0,0,0,2,0,0,2,2,0,27
PC6,O=C(C1=CC=C(OC)C=C1)C2=CC=C(OC)C=C2,-8.50452594,-0.13904821,4.0845,2.642,12.16392196,-0.013605442,12.16392196,0.013605442,0.773167549,242.274,228.162,242.0942943,92,0.19252879,-0.496767786,0.496767786,0.19252879,0.722222222,1.055555556,1.333333333,16.46754491,10.03240442,2.084026207,-2.040676311,2.169343079,-2.005543223,6.08574035,0.103398449,2.230539155,477.1701016,12.95781916,10.34354702,10.34354702,8.740713403,5.571603427,5.571603427,3.786127226,3.786127226,2.704414468,2.704414468,1.651453456,1.651453456,-2.29,16092.07002,12.17442983,5.361092664,2.509130516,105.9719362,9.473725908,11.49902367,5.783244946,0,0,4.794537184,0,0,0,48.53093655,11.12690298,14.21959508,14.26826309,5.783244946,0,0,14.21959508,59.65783953,11.49902367,9.473725908,0,11.49902367,0,20.00284003,0,15.92144017,48.53093655,0,0,35.53,0,4.794537184,5.783244946,11.12690298,11.49902367,0,62.75053163,0,0,9.473725908,10.11414872,0,12.16392196,0,1.279568216,1.460988846,14.11966459,0,0,3.19504101,0.133333333,18,0,3,0,0,0,2,0,2,3,0,3,4,2,2.9348,69.4205,0,0,1,1,0,0,0,0,0,0,2,0,2,0,1,2,0,0,Alc7,OC(CC1=CC=CC=C1)C2=C(OC)C=CC=C2OC,-8.24683777,1.0149703,107.1841159,10.43783636,-0.658796296,10.43783636,0.52537037,0.895699088,258.317,240.173,258.1255944,100,0.127902095,-0.496228759,0.496228759,0.127902095,0.894736842,1.473684211,2,16.47797685,9.995068211,2.183895081,-2.176698553,2.348905965,-2.059889902,5.463673305,0.169084656,2.29696563,500.5221843,13.66492594,11.16696938,11.16696938,9.257550155,6.188121115,6.188121115,4.281728869,4.281728869,3.07104304,3.07104304,2.14772538,2.14772538,-2,25369.48259,13.43209877,6.25,3.0625,112.96959,14.5802533,11.49902367,0,0,0,0,0,36.39820241,17.69618563,6.420821623,25.88701296,14.5802533,0,12.52478801,14.21959508,59.65783953,11.49902367,9.473725908,11.49902367,0,19.32612248,6.420821623,0,17.23086937,48.53093655,0,38.69,6.103966388,5.106527395,0,23.48329678,5.563451492,0,14.21959508,48.53093655,0,9.473725908,10.61332861,0,0,10.43783636,1.763252079,1.282928005,15.35451247,-0.133425926,0,3.181568405,0.25,19,1,3,0,0,2,0,2,3,1,3,5,2,2.9799,74.6518,1,1,0,0,0,2,0,0,2,2,0,0
PC6,O=C(C1=CC=C(OC)C=C1)C2=CC=C(OC)C=C2,-8.50452594,-0.13904821,4.0845,2.642,12.16392196,-0.013605442,12.16392196,0.013605442,0.773167549,242.274,228.162,242.0942943,92,0.19252879,-0.496767786,0.496767786,0.19252879,0.722222222,1.055555556,1.333333333,16.46754491,10.03240442,2.084026207,-2.040676311,2.169343079,-2.005543223,6.08574035,0.103398449,2.230539155,477.1701016,12.95781916,10.34354702,10.34354702,8.740713403,5.571603427,5.571603427,3.786127226,3.786127226,2.704414468,2.704414468,1.651453456,1.651453456,-2.29,16092.07002,12.17442983,5.361092664,2.509130516,105.9719362,9.473725908,11.49902367,5.783244946,0,0,4.794537184,0,0,0,48.53093655,11.12690298,14.21959508,14.26826309,5.783244946,0,0,14.21959508,59.65783953,11.49902367,9.473725908,0,11.49902367,0,20.00284003,0,15.92144017,48.53093655,0,0,35.53,0,4.794537184,5.783244946,11.12690298,11.49902367,0,62.75053163,0,0,9.473725908,10.11414872,0,12.16392196,0,1.279568216,1.460988846,14.11966459,0,0,3.19504101,0.133333333,18,0,3,0,0,0,2,0,2,3,0,3,4,2,2.9348,69.4205,0,0,1,1,0,0,0,0,0,0,2,0,2,0,1,2,0,0,Alc8,OC(CC1=CC=CC=C1)(C)C2=CC=C(OC)C=C2,-8.17772183,1.02993635,110.2274909,10.56200491,-0.867435752,10.56200491,0.597389692,0.892105667,242.318,224.174,242.1306798,94,0.118381372,-0.496768189,0.496768189,0.118381372,1,1.611111111,2.166666667,16.46530434,9.889503761,2.227971509,-2.238534935,2.263139458,-2.236217268,5.316379902,0.05756913,2.188427957,486.2652269,13.0102254,10.75872109,10.75872109,8.61532163,6.025136822,6.025136822,4.664730961,4.664730961,3.103088053,3.103088053,2.04546916,2.04546916,-1.8,13287.8363,12.65159546,5.233467659,2.901820229,107.8560448,9.843390349,5.749511833,0,0,0,0,0,42.46456948,30.18337432,6.420821623,12.71084835,9.843390349,0,18.94560963,7.109797541,65.7242066,5.749511833,4.736862954,5.749511833,0,12.21632494,12.02187243,0,18.05064018,54.59730362,0,29.46,5.601050811,5.106527395,0,6.420821623,16.87641482,0,7.109797541,61.52104082,0,4.736862954,5.118487728,0,0,10.56200491,1.151518986,0.80024177,17.54919827,0.597389692,1.835128496,1.636030145,0.25,18,1,2,0,0,2,0,2,2,1,2,4,2,3.1454,72.7108,1,0,0,0,0,2,0,0,1,1,0,0
PC6,O=C(C1=CC=C(OC)C=C1)C2=CC=C(OC)C=C2,-8.50452594,-0.13904821,4.0845,2.642,12.16392196,-0.013605442,12.16392196,0.013605442,0.773167549,242.274,228.162,242.0942943,92,0.19252879,-0.496767786,0.496767786,0.19252879,0.722222222,1.055555556,1.333333333,16.46754491,10.03240442,2.084026207,-2.040676311,2.169343079,-2.005543223,6.08574035,0.103398449,2.230539155,477.1701016,12.95781916,10.34354702,10.34354702,8.740713403,5.571603427,5.571603427,3.786127226,3.786127226,2.704414468,2.704414468,1.651453456,1.651453456,-2.29,16092.07002,12.17442983,5.361092664,2.509130516,105.9719362,9.473725908,11.49902367,5.783244946,0,0,4.794537184,0,0,0,48.53093655,11.12690298,14.21959508,14.26826309,5.783244946,0,0,14.21959508,59.65783953,11.49902367,9.473725908,0,11.49902367,0,20.00284003,0,15.92144017,48.53093655,0,0,35.53,0,4.794537184,5.783244946,11.12690298,11.49902367,0,62.75053163,0,0,9.473725908,10.11414872,0,12.16392196,0,1.279568216,1.460988846,14.11966459,0,0,3.19504101,0.133333333,18,0,3,0,0,0,2,0,2,3,0,3,4,2,2.9348,69.4205,0,0,1,1,0,0,0,0,0,0,2,0,2,0,1,2,0,0,Alc9,OC(CC1=CC=CC=C1)(C)C2=CC(OC)=C(OC)C=C2,-7.83976121,1.02803158,110.3090658,10.72641534,-0.957435752,10.72641534,0.544963388,0.908372189,272.344,252.184,272.1412445,106,0.160595357,-0.492869947,0.492869947,0.160595357,0.95,1.6,2.2,16.50786391,9.886714685,2.244651992,-2.246767403,2.332200447,-2.238535517,5.4439743,0.057303819,2.290057545,561.7027291,14.58757567,12.08961911,12.08961911,9.564010035,6.554175925,6.554175925,5.005991953,5.005991953,3.396609945,3.396609945,2.266626138,2.266626138,-2,33330.10718,14.4099723,5.969821674,3.114186851,119.3345321,14.5802533,0,11.49902367,0,0,0,0,36.39820241,30.18337432,6.420821623,19.82064589,14.5802533,0,18.94560963,14.21959508,59.65783953,11.49902367,9.473725908,11.49902367,0,19.32612248,12.02187243,0,18.05064018,48.53093655,0,38.69,5.601050811,5.106527395,0,17.91984529,11.12690298,0,21.14333228,48.53093655,0,9.473725908,10.50166658,0,0,10.72641534,0.937275316,1.282497953,15.42937264,0.544963388,1.806795163,3.187680277,0.294117647,20,1,3,0,0,2,0,2,3,1,3,5,2,3.154,79.2628,1,0,0,0,0,2,0,0,2,2,0,2
PC6,O=C(C1=CC=C(OC)C=C1)C2=CC=C(OC)C=C2,-8.50452594,-0.13904821,4.0845,2.642,12.16392196,-0.013605442,12.16392196,0.013605442,0.773167549,242.274,228.162,242.0942943,92,0.19252879,-0.496767786,0.496767786,0.19252879,0.722222222,1.055555556,1.333333333,16.46754491,10.03240442,2.084026207,-2.040676311,2.169343079,-2.005543223,6.08574035,0.103398449,2.230539155,477.1701016,12.95781916,10.34354702,10.34354702,8.740713403,5.571603427,5.571603427,3.786127226,3.786127226,2.704414468,2.704414468,1.651453456,1.651453456,-2.29,16092.07002,12.17442983,5.361092664,2.509130516,105.9719362,9.473725908,11.49902367,5.783244946,0,0,4.794537184,0,0,0,48.53093655,11.12690298,14.21959508,14.26826309,5.783244946,0,0,14.21959508,59.65783953,11.49902367,9.473725908,0,11.49902367,0,20.00284003,0,15.92144017,48.53093655,0,0,35.53,0,4.794537184,5.783244946,11.12690298,11.49902367,0,62.75053163,0,0,9.473725908,10.11414872,0,12.16392196,0,1.279568216,1.460988846,14.11966459,0,0,3.19504101,0.133333333,18,0,3,0,0,0,2,0,2,3,0,3,4,2,2.9348,69.4205,0,0,1,1,0,0,0,0,0,0,2,0,2,0,1,2,0,0,Alc10,OC(CC1=CC=CC=C1)C2=CC=CS2,-8.64139727,1.03292956,111.8150659,9.873253023,-0.363518519,9.873253023,0.363518519,0.814439084,204.294,192.198,204.060886,72,0.09216528,-0.38723214,0.38723214,0.09216528,1.071428571,1.857142857,2.5,32.13347352,10.07645264,2.078921369,-2.072307397,2.216794261,-1.983243765,7.095204082,0.182071194,2.055317991,366.4849572,9.803118619,7.75872109,8.575217671,6.860173345,4.614527515,5.494180326,3.220940058,4.200212366,2.143483815,3.117025632,1.418819851,2.130640812,-1.12,3066.32425,9.435606308,4.398850502,2.21844236,87.65297858,5.106527395,0,0,0,0,0,11.33678588,36.39820241,17.00988133,11.29796882,6.103966388,5.106527395,11.33678588,12.52478801,0,58.28523094,0,0,0,11.33678588,5.106527395,6.420821623,0,16.54456507,47.84463225,0,20.23,0,5.106527395,6.103966388,6.420821623,4.877147194,5.563451492,11.33678588,47.84463225,0,0,0,1.600269038,1.035975057,11.86288265,1.174444444,0,13.99416029,0.332268519,0,0,0.166666667,14,1,1,0,0,1,1,2,2,1,2,3,2,3.0242,59.4248,1,1,0,0,0,1,0,0,0,0,1,0
PC6,O=C(C1=CC=C(OC)C=C1)C2=CC=C(OC)C=C2,-8.50452594,-0.13904821,4.0845,2.642,12.16392196,-0.013605442,12.16392196,0.013605442,0.773167549,242.274,228.162,242.0942943,92,0.19252879,-0.496767786,0.496767786,0.19252879,0.722222222,1.055555556,1.333333333,16.46754491,10.03240442,2.084026207,-2.040676311,2.169343079,-2.005543223,6.08574035,0.103398449,2.230539155,477.1701016,12.95781916,10.34354702,10.34354702,8.740713403,5.571603427,5.571603427,3.786127226,3.786127226,2.704414468,2.704414468,1.651453456,1.651453456,-2.29,16092.07002,12.17442983,5.361092664,2.509130516,105.9719362,9.473725908,11.49902367,5.783244946,0,0,4.794537184,0,0,0,48.53093655,11.12690298,14.21959508,14.26826309,5.783244946,0,0,14.21959508,59.65783953,11.49902367,9.473725908,0,11.49902367,0,20.00284003,0,15.92144017,48.53093655,0,0,35.53,0,4.794537184,5.783244946,11.12690298,11.49902367,0,62.75053163,0,0,9.473725908,10.11414872,0,12.16392196,0,1.279568216,1.460988846,14.11966459,0,0,3.19504101,0.133333333,18,0,3,0,0,0,2,0,2,3,0,3,4,2,2.9348,69.4205,0,0,1,1,0,0,0,0,0,0,2,0,2,0,1,2,0,0,Alc11,OC(CC1=CC=CC=C1)C2=CC=C3C(C=CC=C3)=C2,-8.12765359,0.32353879,110.1333659,10.33341648,-0.451846183,10.33341648,0.451846183,0.739012436,248.325,232.197,248.1201151,94,0.083009866,-0.388071663,0.388071663,0.083009866,0.736842105,1.421052632,2.210526316,16.26608468,9.986417292,2.083747824,-2.117047312,2.224950035,-2.010327051,5.82588213,0.178379756,1.869464155,673.3497853,13.0791395,10.65987388,10.65987388,9.32649984,6.534743449,6.534743449,4.812108497,4.812108497,3.430171422,3.430171422,2.370271693,2.370271693,-2.12,36765.48652,11.94179079,5.249619382,2.66527869,112.6942798,5.106527395,0,0,0,0,0,0,66.73003775,27.96571848,6.420821623,6.103966388,5.106527395,10.77244843,12.52478801,0,83.9233078,0,0,0,0,5.106527395,6.420821623,0,17.23086937,72.79640482,10.77244843,20.23,6.103966388,5.106527395,0,6.420821623,11.12690298,10.77244843,0,48.53093655,24.26546827,0,0,0,0,12.71329869,2.130288591,0,24.45629438,0.200118339,0,0,0.111111111,19,1,1,0,0,3,0,3,1,1,1,3,3,4.1159,79.0538,1,1,0,0,0,3,1,0,0,0,0,0
PC6,O=C(C1=CC=C(OC)C=C1)C2=CC=C(OC)C=C2,-8.50452594,-0.13904821,4.0845,2.642,12.16392196,-0.013605442,12.16392196,0.013605442,0.773167549,242.274,228.162,242.0942943,92,0.19252879,-0.496767786,0.496767786,0.19252879,0.722222222,1.055555556,1.333333333,16.46754491,10.03240442,2.084026207,-2.040676311,2.169343079,-2.005543223,6.08574035,0.103398449,2.230539155,477.1701016,12.95781916,10.34354702,10.34354702,8.740713403,5.571603427,5.571603427,3.786127226,3.786127226,2.704414468,2.704414468,1.651453456,1.651453456,-2.29,16092.07002,12.17442983,5.361092664,2.509130516,105.9719362,9.473725908,11.49902367,5.783244946,0,0,4.794537184,0,0,0,48.53093655,11.12690298,14.21959508,14.26826309,5.783244946,0,0,14.21959508,59.65783953,11.49902367,9.473725908,0,11.49902367,0,20.00284003,0,15.92144017,48.53093655,0,0,35.53,0,4.794537184,5.783244946,11.12690298,11.49902367,0,62.75053163,0,0,9.473725908,10.11414872,0,12.16392196,0,1.279568216,1.460988846,14.11966459,0,0,3.19504101,0.133333333,18,0,3,0,0,0,2,0,2,3,0,3,4,2,2.9348,69.4205,0,0,1,1,0,0,0,0,0,0,2,0,2,0,1,2,0,0,Alc12,OC(CC1=CC=CC=C1)C2=C3C(C=CC=C3)=CC=C2,-8.02670078,0.27891275,110.2902409,10.47196901,-0.464351852,10.47196901,0.464351852,0.739012436,248.325,232.197,248.1201151,94,0.083586962,-0.388048921,0.388048921,0.083586962,0.736842105,1.421052632,2.263157895,16.2661245,9.961087362,2.108514386,-2.135341267,2.259726004,-2.019364071,5.854953123,0.179785723,1.955927549,668.0997853,13.0791395,10.65987388,10.65987388,9.343336593,6.540726513,6.540726513,4.773896154,4.773896154,3.454236172,3.454236172,2.488346906,2.488346906,-2.12,37234.02226,11.94179079,5.249619382,2.514643812,112.6942798,5.106527395,0,0,0,0,0,0,72.79640482,21.89935141,6.420821623,6.103966388,5.106527395,10.77244843,12.52478801,0,83.9233078,0,0,0,0,5.106527395,6.420821623,0,17.23086937,72.79640482,10.77244843,20.23,6.103966388,5.106527395,0,6.420821623,16.5131272,5.386224214,0,54.59730362,18.19910121,0,0,0,0,12.77802716,2.157303005,0,24.3813554,0.183314437,0,0,0.111111111,19,1,1,0,0,3,0,3,1,1,1,3,3,4.1159,79.0538,1,1,0,0,0,3,1,0,0,0,0,0
PC6,O=C(C1=CC=C(OC)C=C1)C2=CC=C(OC)C=C2,-8.50452594,-0.13904821,4.0845,2.642,12.16392196,-0.013605442,12.16392196,0.013605442,0.773167549,242.274,228.162,242.0942943,92,0.19252879,-0.496767786,0.496767786,0.19252879,0.722222222,1.055555556,1.333333333,16.46754491,10.03240442,2.084026207,-2.040676311,2.169343079,-2.005543223,6.08574035,0.103398449,2.230539155,477.1701016,12.95781916,10.34354702,10.34354702,8.740713403,5.571603427,5.571603427,3.786127226,3.786127226,2.704414468,2.704414468,1.651453456,1.651453456,-2.29,16092.07002,12.17442983,5.361092664,2.509130516,105.9719362,9.473725908,11.49902367,5.783244946,0,0,4.794537184,0,0,0,48.53093655,11.12690298,14.21959508,14.26826309,5.783244946,0,0,14.21959508,59.65783953,11.49902367,9.473725908,0,11.49902367,0,20.00284003,0,15.92144017,48.53093655,0,0,35.53,0,4.794537184,5.783244946,11.12690298,11.49902367,0,62.75053163,0,0,9.473725908,10.11414872,0,12.16392196,0,1.279568216,1.460988846,14.11966459,0,0,3.19504101,0.133333333,18,0,3,0,0,0,2,0,2,3,0,3,4,2,2.9348,69.4205,0,0,1,1,0,0,0,0,0,0,2,0,2,0,1,2,0,0,Alc13,OC(CC1=CC=CC=C1)C2=CC(OCO3)=C3C=C2,-7.9864285,1.08381413,109.9953158,10.20884165,-0.526018519,10.20884165,0.257507114,0.898944943,242.274,228.162,242.0942943,92,0.230800378,-0.453595466,0.453595466,0.230800378,1,1.777777778,2.611111111,16.69672243,10.01045676,2.161838013,-2.112079703,2.342342866,-2.01108597,5.447982472,0.171222171,1.782012697,536.689907,12.37203272,9.874076162,9.874076162,8.82649984,5.942991739,5.942991739,4.318219186,4.318219186,3.053275195,3.053275195,2.075602865,2.075602865,-2,27276.07585,11.11111111,4.704,2.172635445,105.5988167,14.5802533,0,11.49902367,6.792942306,0,0,0,36.39820241,23.25963712,6.420821623,6.103966388,14.5802533,0,12.52478801,6.792942306,59.65783953,11.49902367,9.473725908,11.49902367,0,11.8994697,6.420821623,0,17.23086937,48.53093655,0,38.69,6.103966388,5.106527395,6.792942306,12.17033346,16.87641482,0,0,48.53093655,0,9.473725908,10.55373952,0,0,10.20884165,1.963675831,1.449326657,15.49522555,0.071683673,0.257507114,0,0.2,18,1,3,1,1,2,0,2,3,1,3,3,3,2.6914,67.6708,1,1,0,0,0,2,1,0,2,0,0,4
PC6,O=C(C1=CC=C(OC)C=C1)C2=CC=C(OC)C=C2,-8.50452594,-0.13904821,4.0845,2.642,12.16392196,-0.013605442,12.16392196,0.013605442,0.773167549,242.274,228.162,242.0942943,92,0.19252879,-0.496767786,0.496767786,0.19252879,0.722222222,1.055555556,1.333333333,16.46754491,10.03240442,2.084026207,-2.040676311,2.169343079,-2.005543223,6.08574035,0.103398449,2.230539155,477.1701016,12.95781916,10.34354702,10.34354702,8.740713403,5.571603427,5.571603427,3.786127226,3.786127226,2.704414468,2.704414468,1.651453456,1.651453456,-2.29,16092.07002,12.17442983,5.361092664,2.509130516,105.9719362,9.473725908,11.49902367,5.783244946,0,0,4.794537184,0,0,0,48.53093655,11.12690298,14.21959508,14.26826309,5.783244946,0,0,14.21959508,59.65783953,11.49902367,9.473725908,0,11.49902367,0,20.00284003,0,15.92144017,48.53093655,0,0,35.53,0,4.794537184,5.783244946,11.12690298,11.49902367,0,62.75053163,0,0,9.473725908,10.11414872,0,12.16392196,0,1.279568216,1.460988846,14.11966459,0,0,3.19504101,0.133333333,18,0,3,0,0,0,2,0,2,3,0,3,4,2,2.9348,69.4205,0,0,1,1,0,0,0,0,0,0,2,0,2,0,1,2,0,0,Alc14,OC(CC1=CC=CC=C1)C2=CC=C3C(OCCO3)=C2,-8.04792536,1.06912019,110.6792909,10.27915415,-0.529419879,10.27915415,0.529419879,0.917331086,256.301,240.173,256.1099444,98,0.161229612,-0.486147273,0.486147273,0.161229612,0.947368421,1.684210526,2.473684211,16.56262844,10.00869622,2.151138065,-2.198867245,2.32807113,-2.153791222,5.441928646,0.164210297,1.779518637,551.1754333,13.0791395,10.58118294,10.58118294,9.32649984,6.442991739,6.442991739,4.608616347,4.608616347,3.222881543,3.222881543,2.222419671,2.222419671,-2,36765.48652,12.05540166,5.325443787,2.712802768,111.9637588,14.5802533,13.21376393,11.49902367,0,0,0,0,36.39820241,23.25963712,6.420821623,6.103966388,14.5802533,0,12.52478801,13.21376393,59.65783953,11.49902367,9.473725908,11.49902367,0,18.32029132,6.420821623,0,17.23086937,48.53093655,0,38.69,6.103966388,5.106527395,0,19.63458555,22.62592665,0,0,48.53093655,0,9.473725908,10.99818397,0,0,10.27915415,1.970363074,1.47015999,15.57085113,0.068282313,1.14300538,0,0.25,19,1,3,1,1,2,0,2,3,1,3,3,3,2.7339,72.5378,1,1,0,0,0,2,1,0,2,0,0,0
PC7,O=C(C1=CC=C(N(C)C)C=C1)C2=CC=C(N(C)C)C=C2,-7.38805861,0.0952385,4.0322,2.6504,12.38139645,0.056122449,12.38139645,0.056122449,0.796269721,268.36,248.2,268.1575633,104,0.192524798,-0.377660881,0.377660881,0.192524798,0.65,0.95,1.2,16.13828362,10.02472541,2.090285113,-2.132514619,2.175396988,-2.096732954,6.087944405,0.103406602,2.2190021,529.8919985,14.69830613,12.42147763,12.42147763,9.486071003,6.582926533,6.582926533,5.211726576,5.211726576,3.291782377,3.291782377,1.988561158,1.988561158,-2.29,32168.37817,14.12615236,5.780708152,2.991465685,119.9943973,9.799819462,0,5.783244946,0,0,4.794537184,0,0,0,48.53093655,50.69236346,0,4.794537184,17.1580175,0,0,37.99050739,59.65783953,0,9.799819462,11.37477255,0,0,33.97393288,0,15.92144017,48.53093655,0,0,23.55,0,4.794537184,5.783244946,11.12690298,11.37477255,0,0,86.52144394,0,0,0,0,16.40943878,0,3.606868093,0.056122449,15.32915533,0,0,7.931748687,0.235294118,20,0,3,0,0,0,2,0,2,3,0,3,4,2,3.0496,84.9705,0,0,1,1,2,0,0,0,2,0,2,0,0,0,1,0,0,0,Alc1,OC(CC1=CC=CC=C1)C2=CC=C(C(OC)=O)C=C2,-8.93854139,0.12353794,110.2839659,11.30088219,-0.574910242,11.30088219,0.371204472,0.855519056,256.301,240.173,256.1099444,98,0.337341793,-0.465417521,0.465417521,0.337341793,1.105263158,1.736842105,2.315789474,16.52329338,10.00323688,2.100617015,-2.111125286,2.185198708,-2.040609497,5.887593188,0.060023834,2.073681425,531.6803208,13.66492594,10.74431965,10.74431965,9.2027086,6.107223094,6.107223094,4.319110573,4.319110573,2.988430816,2.988430816,1.914407383,1.914407383,-2.13,25130.04108,13.30515172,6.15877057,3.421837675,112.0175669,9.843390349,0,0,0,5.969305288,4.794537184,0,42.46456948,23.25963712,6.420821623,18.77721542,14.63792753,5.969305288,12.52478801,7.109797541,71.28765809,0,0,0,0,18.18563022,11.15768458,0,27.58885805,54.59730362,0,46.53,6.103966388,9.901064579,5.969305288,11.98427311,11.12690298,7.109797541,24.26546827,30.33183534,4.736862954,0,4.630823061,0,11.30088219,10.14446232,2.348807109,-0.371204472,16.61944778,-0.020931201,0,1.347713215,0.1875,19,1,3,0,0,2,0,2,3,1,3,4,2,2.7493,72.8873,1,1,1,1,0,2,0,1,1,1,0,0
PC7,O=C(C1=CC=C(N(C)C)C=C1)C2=CC=C(N(C)C)C=C2,-7.38805861,0.0952385,4.0322,2.6504,12.38139645,0.056122449,12.38139645,0.056122449,0.796269721,268.36,248.2,268.1575633,104,0.192524798,-0.377660881,0.377660881,0.192524798,0.65,0.95,1.2,16.13828362,10.02472541,2.090285113,-2.132514619,2.175396988,-2.096732954,6.087944405,0.103406602,2.2190021,529.8919985,14.69830613,12.42147763,12.42147763,9.486071003,6.582926533,6.582926533,5.211726576,5.211726576,3.291782377,3.291782377,1.988561158,1.988561158,-2.29,32168.37817,14.12615236,5.780708152,2.991465685,119.9943973,9.799819462,0,5.783244946,0,0,4.794537184,0,0,0,48.53093655,50.69236346,0,4.794537184,17.1580175,0,0,37.99050739,59.65783953,0,9.799819462,11.37477255,0,0,33.97393288,0,15.92144017,48.53093655,0,0,23.55,0,4.794537184,5.783244946,11.12690298,11.37477255,0,0,86.52144394,0,0,0,0,16.40943878,0,3.606868093,0.056122449,15.32915533,0,0,7.931748687,0.235294118,20,0,3,0,0,0,2,0,2,3,0,3,4,2,3.0496,84.9705,0,0,1,1,2,0,0,0,2,0,2,0,0,0,1,0,0,0,Alc2,OC(CC1=CC=CC=C1)C2=CC=CC=C2,-8.90697663,1.05415414,110.1584658,9.973947468,-0.408703704,9.973947468,0.408703704,0.803505173,198.265,184.153,198.1044651,76,0.08298805,-0.388072044,0.388072044,0.08298805,0.8,1.333333333,1.933333333,16.26607617,10.01729244,2.063045969,-2.099774891,2.167902087,-2.005146996,5.216146633,0.178227923,2.078451608,394.1985815,10.5102254,8.505173338,8.505173338,7.360173345,5.13004291,5.13004291,3.616204083,3.616204083,2.456222038,2.456222038,1.630392829,1.630392829,-1.6,4035.300847,9.936265432,4.759877127,2.672959184,90.01261531,5.106527395,0,0,0,0,0,0,60.66367068,11.12690298,6.420821623,6.103966388,5.106527395,0,12.52478801,0,71.79057367,0,0,0,0,5.106527395,6.420821623,0,17.23086937,60.66367068,0,20.23,6.103966388,5.106527395,0,6.420821623,11.12690298,0,0,60.66367068,0,0,0,0,0,9.973947468,2.134450113,0,19.79549131,0.262777778,0,0,0.142857143,15,1,1,0,0,2,0,2,1,1,1,3,2,2.9627,61.5478,1,1,0,0,0,2,0,0,0,0,0,0
PC7,O=C(C1=CC=C(N(C)C)C=C1)C2=CC=C(N(C)C)C=C2,-7.38805861,0.0952385,4.0322,2.6504,12.38139645,0.056122449,12.38139645,0.056122449,0.796269721,268.36,248.2,268.1575633,104,0.192524798,-0.377660881,0.377660881,0.192524798,0.65,0.95,1.2,16.13828362,10.02472541,2.090285113,-2.132514619,2.175396988,-2.096732954,6.087944405,0.103406602,2.2190021,529.8919985,14.69830613,12.42147763,12.42147763,9.486071003,6.582926533,6.582926533,5.211726576,5.211726576,3.291782377,3.291782377,1.988561158,1.988561158,-2.29,32168.37817,14.12615236,5.780708152,2.991465685,119.9943973,9.799819462,0,5.783244946,0,0,4.794537184,0,0,0,48.53093655,50.69236346,0,4.794537184,17.1580175,0,0,37.99050739,59.65783953,0,9.799819462,11.37477255,0,0,33.97393288,0,15.92144017,48.53093655,0,0,23.55,0,4.794537184,5.783244946,11.12690298,11.37477255,0,0,86.52144394,0,0,0,0,16.40943878,0,3.606868093,0.056122449,15.32915533,0,0,7.931748687,0.235294118,20,0,3,0,0,0,2,0,2,3,0,3,4,2,3.0496,84.9705,0,0,1,1,2,0,0,0,2,0,2,0,0,0,1,0,0,0,Alc3,OC(CC1=CC=CC=C1)C2=CC=C(C3=CC=CC=C3)C=C2,-8.36030764,0.54884587,110.1647408,10.33540753,-0.4609043,10.33540753,0.4609043,0.735116307,274.363,256.219,274.1357652,104,0.082988753,-0.388072038,0.388072038,0.082988753,0.619047619,1.142857143,1.761904762,16.26608329,9.982653574,2.08184519,-2.117053785,2.231560759,-2.009876154,5.629945447,0.178242278,1.7483318,672.0487817,14.49335306,11.81457441,11.81457441,10.32649984,7.201410115,7.201410115,5.193554353,5.193554353,3.674455551,3.674455551,2.483526522,2.483526522,-2.38,104293.4243,13.59609414,6.379998763,3.388286558,125.0697095,5.106527395,0,0,0,0,0,0,84.92913896,22.25380597,6.420821623,6.103966388,5.106527395,0,12.52478801,0,96.05604194,11.12690298,0,0,0,5.106527395,6.420821623,0,17.23086937,84.92913896,11.12690298,20.23,6.103966388,5.106527395,0,6.420821623,11.12690298,11.12690298,0,60.66367068,24.26546827,0,0,0,0,10.33540753,4.475491082,0,28.50563698,0.183464401,0,0,0.1,21,1,1,0,0,3,0,3,1,1,1,4,3,4.6297,86.9838,1,1,0,0,0,3,0,0,0,0,0,0
PC7,O=C(C1=CC=C(N(C)C)C=C1)C2=CC=C(N(C)C)C=C2,-7.38805861,0.0952385,4.0322,2.6504,12.38139645,0.056122449,12.38139645,0.056122449,0.796269721,268.36,248.2,268.1575633,104,0.192524798,-0.377660881,0.377660881,0.192524798,0.65,0.95,1.2,16.13828362,10.02472541,2.090285113,-2.132514619,2.175396988,-2.096732954,6.087944405,0.103406602,2.2190021,529.8919985,14.69830613,12.42147763,12.42147763,9.486071003,6.582926533,6.582926533,5.211726576,5.211726576,3.291782377,3.291782377,1.988561158,1.988561158,-2.29,32168.37817,14.12615236,5.780708152,2.991465685,119.9943973,9.799819462,0,5.783244946,0,0,4.794537184,0,0,0,48.53093655,50.69236346,0,4.794537184,17.1580175,0,0,37.99050739,59.65783953,0,9.799819462,11.37477255,0,0,33.97393288,0,15.92144017,48.53093655,0,0,23.55,0,4.794537184,5.783244946,11.12690298,11.37477255,0,0,86.52144394,0,0,0,0,16.40943878,0,3.606868093,0.056122449,15.32915533,0,0,7.931748687,0.235294118,20,0,3,0,0,0,2,0,2,3,0,3,4,2,3.0496,84.9705,0,0,1,1,2,0,0,0,2,0,2,0,0,0,1,0,0,0,Alc4,OC(CC1=CC=CC=C1)C2=CC=C(C)C=C2,-8.66833616,1.06231744,110.0894409,10.06483938,-0.413888889,10.06483938,0.413888889,0.827496934,212.292,196.164,212.1201151,82,0.082988375,-0.388072041,0.388072041,0.082988375,0.9375,1.5625,2.1875,16.26607839,10.0062892,2.069742142,-2.107210664,2.178966078,-2.009250363,5.250301887,0.178214004,2.085070945,430.7519476,11.38046889,9.427823069,9.427823069,7.754020195,5.540726513,5.540726513,4.116204083,4.116204083,2.733999816,2.733999816,1.743806823,1.743806823,-1.6,5689.016293,10.90261427,4.950941945,2.706772373,96.37755742,5.106527395,0,0,0,0,0,0,60.16075511,18.05064018,6.420821623,6.103966388,5.106527395,0,19.44852521,0,71.28765809,0,0,0,0,5.106527395,6.420821623,6.9237372,22.79432086,54.59730362,0,20.23,6.103966388,5.106527395,0,6.420821623,11.12690298,5.563451492,0,61.52104082,0,0,0,0,0,10.06483938,3.361749234,0,18.101132,0.25664777,2.048964947,0,0.2,16,1,1,0,0,2,0,2,1,1,1,3,2,3.27112,66.2848,1,1,0,0,1,2,0,0,0,0,0,1
PC7,O=C(C1=CC=C(N(C)C)C=C1)C2=CC=C(N(C)C)C=C2,-7.38805861,0.0952385,4.0322,2.6504,12.38139645,0.056122449,12.38139645,0.056122449,0.796269721,268.36,248.2,268.1575633,104,0.192524798,-0.377660881,0.377660881,0.192524798,0.65,0.95,1.2,16.13828362,10.02472541,2.090285113,-2.132514619,2.175396988,-2.096732954,6.087944405,0.103406602,2.2190021,529.8919985,14.69830613,12.42147763,12.42147763,9.486071003,6.582926533,6.582926533,5.211726576,5.211726576,3.291782377,3.291782377,1.988561158,1.988561158,-2.29,32168.37817,14.12615236,5.780708152,2.991465685,119.9943973,9.799819462,0,5.783244946,0,0,4.794537184,0,0,0,48.53093655,50.69236346,0,4.794537184,17.1580175,0,0,37.99050739,59.65783953,0,9.799819462,11.37477255,0,0,33.97393288,0,15.92144017,48.53093655,0,0,23.55,0,4.794537184,5.783244946,11.12690298,11.37477255,0,0,86.52144394,0,0,0,0,16.40943878,0,3.606868093,0.056122449,15.32915533,0,0,7.931748687,0.235294118,20,0,3,0,0,0,2,0,2,3,0,3,4,2,3.0496,84.9705,0,0,1,1,2,0,0,0,2,0,2,0,0,0,1,0,0,0,Alc5,OC(CC1=CC=CC=C1)C2=CC=C(OC)C=C2,-8.23187172,1.04735139,110.4094658,10.09672714,-0.469160998,10.09672714,0.469160998,0.871362138,228.291,212.163,228.1150298,88,0.118381005,-0.496768192,0.496768192,0.118381005,1,1.647058824,2.235294118,16.46529396,10.01448176,2.0766339,-2.111463059,2.203362817,-2.010311168,5.291757737,0.178131117,2.062926536,448.1078528,12.08757567,9.836071359,9.836071359,8.292024998,5.653098949,5.653098949,3.97868022,3.97868022,2.772451507,2.772451507,1.781264301,1.781264301,-1.8,10090.55557,11.67858558,5.50509078,3.078969757,101.4911027,9.843390349,5.749511833,0,0,0,0,0,42.46456948,23.25963712,6.420821623,13.21376393,9.843390349,0,12.52478801,7.109797541,65.7242066,5.749511833,4.736862954,5.749511833,0,12.21632494,6.420821623,0,17.23086937,54.59730362,0,29.46,6.103966388,5.106527395,0,6.420821623,16.87641482,0,7.109797541,54.59730362,0,4.736862954,5.085560668,0,0,10.09672714,2.046732516,0.806167695,17.50086494,0.162950916,0,1.634329465,0.2,17,1,2,0,0,2,0,2,2,1,2,4,2,2.9713,68.0998,1,1,0,0,0,2,0,0,1,1,0,0
PC7,O=C(C1=CC=C(N(C)C)C=C1)C2=CC=C(N(C)C)C=C2,-7.38805861,0.0952385,4.0322,2.6504,12.38139645,0.056122449,12.38139645,0.056122449,0.796269721,268.36,248.2,268.1575633,104,0.192524798,-0.377660881,0.377660881,0.192524798,0.65,0.95,1.2,16.13828362,10.02472541,2.090285113,-2.132514619,2.175396988,-2.096732954,6.087944405,0.103406602,2.2190021,529.8919985,14.69830613,12.42147763,12.42147763,9.486071003,6.582926533,6.582926533,5.211726576,5.211726576,3.291782377,3.291782377,1.988561158,1.988561158,-2.29,32168.37817,14.12615236,5.780708152,2.991465685,119.9943973,9.799819462,0,5.783244946,0,0,4.794537184,0,0,0,48.53093655,50.69236346,0,4.794537184,17.1580175,0,0,37.99050739,59.65783953,0,9.799819462,11.37477255,0,0,33.97393288,0,15.92144017,48.53093655,0,0,23.55,0,4.794537184,5.783244946,11.12690298,11.37477255,0,0,86.52144394,0,0,0,0,16.40943878,0,3.606868093,0.056122449,15.32915533,0,0,7.931748687,0.235294118,20,0,3,0,0,0,2,0,2,3,0,3,4,2,3.0496,84.9705,0,0,1,1,2,0,0,0,2,0,2,0,0,0,1,0,0,0,Alc6,OC(CC1=CC=CC=C1)C2=CC=C(OC)C(OC)=C2,-7.88792468,1.04517451,110.5224158,10.26113757,-0.55351285,10.26113757,0.55351285,0.895699088,258.317,240.173,258.1255944,100,0.160584538,-0.49286995,0.49286995,0.160584538,0.947368421,1.631578947,2.263157895,16.50784068,10.0096787,2.117243407,-2.139118621,2.303972964,-2.023299719,5.433081291,0.177599354,2.170628056,522.7721843,13.66492594,11.16696938,11.16696938,9.240713403,6.182138051,6.182138051,4.319941212,4.319941212,3.064246236,3.064246236,2.015286458,2.015286458,-2,25290.51808,13.43209877,6.25,3.26326743,112.96959,14.5802533,0,11.49902367,0,0,0,0,36.39820241,23.25963712,6.420821623,20.32356147,14.5802533,0,12.52478801,14.21959508,59.65783953,11.49902367,9.473725908,11.49902367,0,19.32612248,6.420821623,0,17.23086937,48.53093655,0,38.69,6.103966388,5.106527395,0,17.91984529,11.12690298,0,14.21959508,48.53093655,0,9.473725908,10.42373952,0,0,10.26113757,1.922488846,1.296548879,15.38624764,0.026172761,0,3.183664782,0.25,19,1,3,0,0,2,0,2,3,1,3,5,2,2.9799,74.6518,1,1,0,0,0,2,0,0,2,2,0,2
PC7,O=C(C1=CC=C(N(C)C)C=C1)C2=CC=C(N(C)C)C=C2,-7.38805861,0.0952385,4.0322,2.6504,12.38139645,0.056122449,12.38139645,0.056122449,0.796269721,268.36,248.2,268.1575633,104,0.192524798,-0.377660881,0.377660881,0.192524798,0.65,0.95,1.2,16.13828362,10.02472541,2.090285113,-2.132514619,2.175396988,-2.096732954,6.087944405,0.103406602,2.2190021,529.8919985,14.69830613,12.42147763,12.42147763,9.486071003,6.582926533,6.582926533,5.211726576,5.211726576,3.291782377,3.291782377,1.988561158,1.988561158,-2.29,32168.37817,14.12615236,5.780708152,2.991465685,119.9943973,9.799819462,0,5.783244946,0,0,4.794537184,0,0,0,48.53093655,50.69236346,0,4.794537184,17.1580175,0,0,37.99050739,59.65783953,0,9.799819462,11.37477255,0,0,33.97393288,0,15.92144017,48.53093655,0,0,23.55,0,4.794537184,5.783244946,11.12690298,11.37477255,0,0,86.52144394,0,0,0,0,16.40943878,0,3.606868093,0.056122449,15.32915533,0,0,7.931748687,0.235294118,20,0,3,0,0,0,2,0,2,3,0,3,4,2,3.0496,84.9705,0,0,1,1,2,0,0,0,2,0,2,0,0,0,1,0,0,0,Alc7,OC(CC1=CC=CC=C1)C2=C(OC)C=CC=C2OC,-8.24683777,1.0149703,107.1841159,10.43783636,-0.658796296,10.43783636,0.52537037,0.895699088,258.317,240.173,258.1255944,100,0.127902095,-0.496228759,0.496228759,0.127902095,0.894736842,1.473684211,2,16.47797685,9.995068211,2.183895081,-2.176698553,2.348905965,-2.059889902,5.463673305,0.169084656,2.29696563,500.5221843,13.66492594,11.16696938,11.16696938,9.257550155,6.188121115,6.188121115,4.281728869,4.281728869,3.07104304,3.07104304,2.14772538,2.14772538,-2,25369.48259,13.43209877,6.25,3.0625,112.96959,14.5802533,11.49902367,0,0,0,0,0,36.39820241,17.69618563,6.420821623,25.88701296,14.5802533,0,12.52478801,14.21959508,59.65783953,11.49902367,9.473725908,11.49902367,0,19.32612248,6.420821623,0,17.23086937,48.53093655,0,38.69,6.103966388,5.106527395,0,23.48329678,5.563451492,0,14.21959508,48.53093655,0,9.473725908,10.61332861,0,0,10.43783636,1.763252079,1.282928005,15.35451247,-0.133425926,0,3.181568405,0.25,19,1,3,0,0,2,0,2,3,1,3,5,2,2.9799,74.6518,1,1,0,0,0,2,0,0,2,2,0,2
PC7,O=C(C1=CC=C(N(C)C)C=C1)C2=CC=C(N(C)C)C=C2,-7.38805861,0.0952385,4.0322,2.6504,12.38139645,0.056122449,12.38139645,0.056122449,0.796269721,268.36,248.2,268.1575633,104,0.192524798,-0.377660881,0.377660881,0.192524798,0.65,0.95,1.2,16.13828362,10.02472541,2.090285113,-2.132514619,2.175396988,-2.096732954,6.087944405,0.103406602,2.2190021,529.8919985,14.69830613,12.42147763,12.42147763,9.486071003,6.582926533,6.582926533,5.211726576,5.211726576,3.291782377,3.291782377,1.988561158,1.988561158,-2.29,32168.37817,14.12615236,5.780708152,2.991465685,119.9943973,9.799819462,0,5.783244946,0,0,4.794537184,0,0,0,48.53093655,50.69236346,0,4.794537184,17.1580175,0,0,37.99050739,59.65783953,0,9.799819462,11.37477255,0,0,33.97393288,0,15.92144017,48.53093655,0,0,23.55,0,4.794537184,5.783244946,11.12690298,11.37477255,0,0,86.52144394,0,0,0,0,16.40943878,0,3.606868093,0.056122449,15.32915533,0,0,7.931748687,0.235294118,20,0,3,0,0,0,2,0,2,3,0,3,4,2,3.0496,84.9705,0,0,1,1,2,0,0,0,2,0,2,0,0,0,1,0,0,0,Alc8,OC(CC1=CC=CC=C1)(C)C2=CC=C(OC)C=C2,-8.17772183,1.02993635,110.2274909,10.56200491,-0.867435752,10.56200491,0.597389692,0.892105667,242.318,224.174,242.1306798,94,0.118381372,-0.496768189,0.496768189,0.118381372,1,1.611111111,2.166666667,16.46530434,9.889503761,2.227971509,-2.238534935,2.263139458,-2.236217268,5.316379902,0.05756913,2.188427957,486.2652269,13.0102254,10.75872109,10.75872109,8.61532163,6.025136822,6.025136822,4.664730961,4.664730961,3.103088053,3.103088053,2.04546916,2.04546916,-1.8,13287.8363,12.65159546,5.233467659,2.901820229,107.8560448,9.843390349,5.749511833,0,0,0,0,0,42.46456948,30.18337432,6.420821623,12.71084835,9.843390349,0,18.94560963,7.109797541,65.7242066,5.749511833,4.736862954,5.749511833,0,12.21632494,12.02187243,0,18.05064018,54.59730362,0,29.46,5.601050811,5.106527395,0,6.420821623,16.87641482,0,7.109797541,61.52104082,0,4.736862954,5.118487728,0,0,10.56200491,1.151518986,0.80024177,17.54919827,0.597389692,1.835128496,1.636030145,0.25,18,1,2,0,0,2,0,2,2,1,2,4,2,3.1454,72.7108,1,0,0,0,0,2,0,0,1,1,0,0
PC7,O=C(C1=CC=C(N(C)C)C=C1)C2=CC=C(N(C)C)C=C2,-7.38805861,0.0952385,4.0322,2.6504,12.38139645,0.056122449,12.38139645,0.056122449,0.796269721,268.36,248.2,268.1575633,104,0.192524798,-0.377660881,0.377660881,0.192524798,0.65,0.95,1.2,16.13828362,10.02472541,2.090285113,-2.132514619,2.175396988,-2.096732954,6.087944405,0.103406602,2.2190021,529.8919985,14.69830613,12.42147763,12.42147763,9.486071003,6.582926533,6.582926533,5.211726576,5.211726576,3.291782377,3.291782377,1.988561158,1.988561158,-2.29,32168.37817,14.12615236,5.780708152,2.991465685,119.9943973,9.799819462,0,5.783244946,0,0,4.794537184,0,0,0,48.53093655,50.69236346,0,4.794537184,17.1580175,0,0,37.99050739,59.65783953,0,9.799819462,11.37477255,0,0,33.97393288,0,15.92144017,48.53093655,0,0,23.55,0,4.794537184,5.783244946,11.12690298,11.37477255,0,0,86.52144394,0,0,0,0,16.40943878,0,3.606868093,0.056122449,15.32915533,0,0,7.931748687,0.235294118,20,0,3,0,0,0,2,0,2,3,0,3,4,2,3.0496,84.9705,0,0,1,1,2,0,0,0,2,0,2,0,0,0,1,0,0,0,Alc9,OC(CC1=CC=CC=C1)(C)C2=CC(OC)=C(OC)C=C2,-7.83976121,1.02803158,110.3090658,10.72641534,-0.957435752,10.72641534,0.544963388,0.908372189,272.344,252.184,272.1412445,106,0.160595357,-0.492869947,0.492869947,0.160595357,0.95,1.6,2.2,16.50786391,9.886714685,2.244651992,-2.246767403,2.332200447,-2.238535517,5.4439743,0.057303819,2.290057545,561.7027291,14.58757567,12.08961911,12.08961911,9.564010035,6.554175925,6.554175925,5.005991953,5.005991953,3.396609945,3.396609945,2.266626138,2.266626138,-2,33330.10718,14.4099723,5.969821674,3.114186851,119.3345321,14.5802533,0,11.49902367,0,0,0,0,36.39820241,30.18337432,6.420821623,19.82064589,14.5802533,0,18.94560963,14.21959508,59.65783953,11.49902367,9.473725908,11.49902367,0,19.32612248,12.02187243,0,18.05064018,48.53093655,0,38.69,5.601050811,5.106527395,0,17.91984529,11.12690298,0,21.14333228,48.53093655,0,9.473725908,10.50166658,0,0,10.72641534,0.937275316,1.282497953,15.42937264,0.544963388,1.806795163,3.187680277,0.294117647,20,1,3,0,0,2,0,2,3,1,3,5,2,3.154,79.2628,1,0,0,0,0,2,0,0,2,2,0,0
PC7,O=C(C1=CC=C(N(C)C)C=C1)C2=CC=C(N(C)C)C=C2,-7.38805861,0.0952385,4.0322,2.6504,12.38139645,0.056122449,12.38139645,0.056122449,0.796269721,268.36,248.2,268.1575633,104,0.192524798,-0.377660881,0.377660881,0.192524798,0.65,0.95,1.2,16.13828362,10.02472541,2.090285113,-2.132514619,2.175396988,-2.096732954,6.087944405,0.103406602,2.2190021,529.8919985,14.69830613,12.42147763,12.42147763,9.486071003,6.582926533,6.582926533,5.211726576,5.211726576,3.291782377,3.291782377,1.988561158,1.988561158,-2.29,32168.37817,14.12615236,5.780708152,2.991465685,119.9943973,9.799819462,0,5.783244946,0,0,4.794537184,0,0,0,48.53093655,50.69236346,0,4.794537184,17.1580175,0,0,37.99050739,59.65783953,0,9.799819462,11.37477255,0,0,33.97393288,0,15.92144017,48.53093655,0,0,23.55,0,4.794537184,5.783244946,11.12690298,11.37477255,0,0,86.52144394,0,0,0,0,16.40943878,0,3.606868093,0.056122449,15.32915533,0,0,7.931748687,0.235294118,20,0,3,0,0,0,2,0,2,3,0,3,4,2,3.0496,84.9705,0,0,1,1,2,0,0,0,2,0,2,0,0,0,1,0,0,0,Alc10,OC(CC1=CC=CC=C1)C2=CC=CS2,-8.64139727,1.03292956,111.8150659,9.873253023,-0.363518519,9.873253023,0.363518519,0.814439084,204.294,192.198,204.060886,72,0.09216528,-0.38723214,0.38723214,0.09216528,1.071428571,1.857142857,2.5,32.13347352,10.07645264,2.078921369,-2.072307397,2.216794261,-1.983243765,7.095204082,0.182071194,2.055317991,366.4849572,9.803118619,7.75872109,8.575217671,6.860173345,4.614527515,5.494180326,3.220940058,4.200212366,2.143483815,3.117025632,1.418819851,2.130640812,-1.12,3066.32425,9.435606308,4.398850502,2.21844236,87.65297858,5.106527395,0,0,0,0,0,11.33678588,36.39820241,17.00988133,11.29796882,6.103966388,5.106527395,11.33678588,12.52478801,0,58.28523094,0,0,0,11.33678588,5.106527395,6.420821623,0,16.54456507,47.84463225,0,20.23,0,5.106527395,6.103966388,6.420821623,4.877147194,5.563451492,11.33678588,47.84463225,0,0,0,1.600269038,1.035975057,11.86288265,1.174444444,0,13.99416029,0.332268519,0,0,0.166666667,14,1,1,0,0,1,1,2,2,1,2,3,2,3.0242,59.4248,1,1,0,0,0,1,0,0,0,0,1,0
PC7,O=C(C1=CC=C(N(C)C)C=C1)C2=CC=C(N(C)C)C=C2,-7.38805861,0.0952385,4.0322,2.6504,12.38139645,0.056122449,12.38139645,0.056122449,0.796269721,268.36,248.2,268.1575633,104,0.192524798,-0.377660881,0.377660881,0.192524798,0.65,0.95,1.2,16.13828362,10.02472541,2.090285113,-2.132514619,2.175396988,-2.096732954,6.087944405,0.103406602,2.2190021,529.8919985,14.69830613,12.42147763,12.42147763,9.486071003,6.582926533,6.582926533,5.211726576,5.211726576,3.291782377,3.291782377,1.988561158,1.988561158,-2.29,32168.37817,14.12615236,5.780708152,2.991465685,119.9943973,9.799819462,0,5.783244946,0,0,4.794537184,0,0,0,48.53093655,50.69236346,0,4.794537184,17.1580175,0,0,37.99050739,59.65783953,0,9.799819462,11.37477255,0,0,33.97393288,0,15.92144017,48.53093655,0,0,23.55,0,4.794537184,5.783244946,11.12690298,11.37477255,0,0,86.52144394,0,0,0,0,16.40943878,0,3.606868093,0.056122449,15.32915533,0,0,7.931748687,0.235294118,20,0,3,0,0,0,2,0,2,3,0,3,4,2,3.0496,84.9705,0,0,1,1,2,0,0,0,2,0,2,0,0,0,1,0,0,0,Alc11,OC(CC1=CC=CC=C1)C2=CC=C3C(C=CC=C3)=C2,-8.12765359,0.32353879,110.1333659,10.33341648,-0.451846183,10.33341648,0.451846183,0.739012436,248.325,232.197,248.1201151,94,0.083009866,-0.388071663,0.388071663,0.083009866,0.736842105,1.421052632,2.210526316,16.26608468,9.986417292,2.083747824,-2.117047312,2.224950035,-2.010327051,5.82588213,0.178379756,1.869464155,673.3497853,13.0791395,10.65987388,10.65987388,9.32649984,6.534743449,6.534743449,4.812108497,4.812108497,3.430171422,3.430171422,2.370271693,2.370271693,-2.12,36765.48652,11.94179079,5.249619382,2.66527869,112.6942798,5.106527395,0,0,0,0,0,0,66.73003775,27.96571848,6.420821623,6.103966388,5.106527395,10.77244843,12.52478801,0,83.9233078,0,0,0,0,5.106527395,6.420821623,0,17.23086937,72.79640482,10.77244843,20.23,6.103966388,5.106527395,0,6.420821623,11.12690298,10.77244843,0,48.53093655,24.26546827,0,0,0,0,12.71329869,2.130288591,0,24.45629438,0.200118339,0,0,0.111111111,19,1,1,0,0,3,0,3,1,1,1,3,3,4.1159,79.0538,1,1,0,0,0,3,1,0,0,0,0,0
PC7,O=C(C1=CC=C(N(C)C)C=C1)C2=CC=C(N(C)C)C=C2,-7.38805861,0.0952385,4.0322,2.6504,12.38139645,0.056122449,12.38139645,0.056122449,0.796269721,268.36,248.2,268.1575633,104,0.192524798,-0.377660881,0.377660881,0.192524798,0.65,0.95,1.2,16.13828362,10.02472541,2.090285113,-2.132514619,2.175396988,-2.096732954,6.087944405,0.103406602,2.2190021,529.8919985,14.69830613,12.42147763,12.42147763,9.486071003,6.582926533,6.582926533,5.211726576,5.211726576,3.291782377,3.291782377,1.988561158,1.988561158,-2.29,32168.37817,14.12615236,5.780708152,2.991465685,119.9943973,9.799819462,0,5.783244946,0,0,4.794537184,0,0,0,48.53093655,50.69236346,0,4.794537184,17.1580175,0,0,37.99050739,59.65783953,0,9.799819462,11.37477255,0,0,33.97393288,0,15.92144017,48.53093655,0,0,23.55,0,4.794537184,5.783244946,11.12690298,11.37477255,0,0,86.52144394,0,0,0,0,16.40943878,0,3.606868093,0.056122449,15.32915533,0,0,7.931748687,0.235294118,20,0,3,0,0,0,2,0,2,3,0,3,4,2,3.0496,84.9705,0,0,1,1,2,0,0,0,2,0,2,0,0,0,1,0,0,0,Alc12,OC(CC1=CC=CC=C1)C2=C3C(C=CC=C3)=CC=C2,-8.02670078,0.27891275,110.2902409,10.47196901,-0.464351852,10.47196901,0.464351852,0.739012436,248.325,232.197,248.1201151,94,0.083586962,-0.388048921,0.388048921,0.083586962,0.736842105,1.421052632,2.263157895,16.2661245,9.961087362,2.108514386,-2.135341267,2.259726004,-2.019364071,5.854953123,0.179785723,1.955927549,668.0997853,13.0791395,10.65987388,10.65987388,9.343336593,6.540726513,6.540726513,4.773896154,4.773896154,3.454236172,3.454236172,2.488346906,2.488346906,-2.12,37234.02226,11.94179079,5.249619382,2.514643812,112.6942798,5.106527395,0,0,0,0,0,0,72.79640482,21.89935141,6.420821623,6.103966388,5.106527395,10.77244843,12.52478801,0,83.9233078,0,0,0,0,5.106527395,6.420821623,0,17.23086937,72.79640482,10.77244843,20.23,6.103966388,5.106527395,0,6.420821623,16.5131272,5.386224214,0,54.59730362,18.19910121,0,0,0,0,12.77802716,2.157303005,0,24.3813554,0.183314437,0,0,0.111111111,19,1,1,0,0,3,0,3,1,1,1,3,3,4.1159,79.0538,1,1,0,0,0,3,1,0,0,0,0,0
PC7,O=C(C1=CC=C(N(C)C)C=C1)C2=CC=C(N(C)C)C=C2,-7.38805861,0.0952385,4.0322,2.6504,12.38139645,0.056122449,12.38139645,0.056122449,0.796269721,268.36,248.2,268.1575633,104,0.192524798,-0.377660881,0.377660881,0.192524798,0.65,0.95,1.2,16.13828362,10.02472541,2.090285113,-2.132514619,2.175396988,-2.096732954,6.087944405,0.103406602,2.2190021,529.8919985,14.69830613,12.42147763,12.42147763,9.486071003,6.582926533,6.582926533,5.211726576,5.211726576,3.291782377,3.291782377,1.988561158,1.988561158,-2.29,32168.37817,14.12615236,5.780708152,2.991465685,119.9943973,9.799819462,0,5.783244946,0,0,4.794537184,0,0,0,48.53093655,50.69236346,0,4.794537184,17.1580175,0,0,37.99050739,59.65783953,0,9.799819462,11.37477255,0,0,33.97393288,0,15.92144017,48.53093655,0,0,23.55,0,4.794537184,5.783244946,11.12690298,11.37477255,0,0,86.52144394,0,0,0,0,16.40943878,0,3.606868093,0.056122449,15.32915533,0,0,7.931748687,0.235294118,20,0,3,0,0,0,2,0,2,3,0,3,4,2,3.0496,84.9705,0,0,1,1,2,0,0,0,2,0,2,0,0,0,1,0,0,0,Alc13,OC(CC1=CC=CC=C1)C2=CC(OCO3)=C3C=C2,-7.9864285,1.08381413,109.9953158,10.20884165,-0.526018519,10.20884165,0.257507114,0.898944943,242.274,228.162,242.0942943,92,0.230800378,-0.453595466,0.453595466,0.230800378,1,1.777777778,2.611111111,16.69672243,10.01045676,2.161838013,-2.112079703,2.342342866,-2.01108597,5.447982472,0.171222171,1.782012697,536.689907,12.37203272,9.874076162,9.874076162,8.82649984,5.942991739,5.942991739,4.318219186,4.318219186,3.053275195,3.053275195,2.075602865,2.075602865,-2,27276.07585,11.11111111,4.704,2.172635445,105.5988167,14.5802533,0,11.49902367,6.792942306,0,0,0,36.39820241,23.25963712,6.420821623,6.103966388,14.5802533,0,12.52478801,6.792942306,59.65783953,11.49902367,9.473725908,11.49902367,0,11.8994697,6.420821623,0,17.23086937,48.53093655,0,38.69,6.103966388,5.106527395,6.792942306,12.17033346,16.87641482,0,0,48.53093655,0,9.473725908,10.55373952,0,0,10.20884165,1.963675831,1.449326657,15.49522555,0.071683673,0.257507114,0,0.2,18,1,3,1,1,2,0,2,3,1,3,3,3,2.6914,67.6708,1,1,0,0,0,2,1,0,2,0,0,0
PC7,O=C(C1=CC=C(N(C)C)C=C1)C2=CC=C(N(C)C)C=C2,-7.38805861,0.0952385,4.0322,2.6504,12.38139645,0.056122449,12.38139645,0.056122449,0.796269721,268.36,248.2,268.1575633,104,0.192524798,-0.377660881,0.377660881,0.192524798,0.65,0.95,1.2,16.13828362,10.02472541,2.090285113,-2.132514619,2.175396988,-2.096732954,6.087944405,0.103406602,2.2190021,529.8919985,14.69830613,12.42147763,12.42147763,9.486071003,6.582926533,6.582926533,5.211726576,5.211726576,3.291782377,3.291782377,1.988561158,1.988561158,-2.29,32168.37817,14.12615236,5.780708152,2.991465685,119.9943973,9.799819462,0,5.783244946,0,0,4.794537184,0,0,0,48.53093655,50.69236346,0,4.794537184,17.1580175,0,0,37.99050739,59.65783953,0,9.799819462,11.37477255,0,0,33.97393288,0,15.92144017,48.53093655,0,0,23.55,0,4.794537184,5.783244946,11.12690298,11.37477255,0,0,86.52144394,0,0,0,0,16.40943878,0,3.606868093,0.056122449,15.32915533,0,0,7.931748687,0.235294118,20,0,3,0,0,0,2,0,2,3,0,3,4,2,3.0496,84.9705,0,0,1,1,2,0,0,0,2,0,2,0,0,0,1,0,0,0,Alc14,OC(CC1=CC=CC=C1)C2=CC=C3C(OCCO3)=C2,-8.04792536,1.06912019,110.6792909,10.27915415,-0.529419879,10.27915415,0.529419879,0.917331086,256.301,240.173,256.1099444,98,0.161229612,-0.486147273,0.486147273,0.161229612,0.947368421,1.684210526,2.473684211,16.56262844,10.00869622,2.151138065,-2.198867245,2.32807113,-2.153791222,5.441928646,0.164210297,1.779518637,551.1754333,13.0791395,10.58118294,10.58118294,9.32649984,6.442991739,6.442991739,4.608616347,4.608616347,3.222881543,3.222881543,2.222419671,2.222419671,-2,36765.48652,12.05540166,5.325443787,2.712802768,111.9637588,14.5802533,13.21376393,11.49902367,0,0,0,0,36.39820241,23.25963712,6.420821623,6.103966388,14.5802533,0,12.52478801,13.21376393,59.65783953,11.49902367,9.473725908,11.49902367,0,18.32029132,6.420821623,0,17.23086937,48.53093655,0,38.69,6.103966388,5.106527395,0,19.63458555,22.62592665,0,0,48.53093655,0,9.473725908,10.99818397,0,0,10.27915415,1.970363074,1.47015999,15.57085113,0.068282313,1.14300538,0,0.25,19,1,3,1,1,2,0,2,3,1,3,3,3,2.7339,72.5378,1,1,0,0,0,2,1,0,2,0,0,0
PC8,O=C1C2=C(C=CC=C2)NC3=CC=CC=C31,-7.8748634,-0.36626006,3.8604,2.5643,12.06796296,0.097175926,12.06796296,0.097175926,0.549464255,195.221,186.149,195.0684139,72,0.19670205,-0.354317896,0.354317896,0.19670205,0.733333333,1.2,1.733333333,16.13209326,10.11470321,2.020415721,-2.005746108,2.127926142,-2.027664869,5.916339367,1.479719212,2.662766691,640.2898406,10.25071238,8.027050444,8.027050444,7.360173345,4.858824684,4.858824684,3.545291709,3.545291709,2.612719207,2.612719207,1.870412276,1.870412276,-2.09,4959.094332,8.237481995,2.953088807,1.148696934,86.17590226,4.983978521,0,5.428790392,0,0,4.794537184,0,0,24.26546827,24.26546827,21.80584986,0,0,21.80584986,4.983978521,0,0,58.75426412,0,5.428790392,0,0,0,4.983978521,0,0,53.32547373,0,21.80584986,32.86,0,4.794537184,5.428790392,0,21.80584986,0,0,48.53093655,4.983978521,0,0,0,15.31800926,1.492962963,1.877175926,0,15.14518519,0,0,0,0,15,1,2,0,0,0,2,1,3,1,1,2,0,3,2.6813,62.0747,1,1,0,0,0,1,1,0,0,0,2,2,0,0,0,0,2,1,Alc1,OC(CC1=CC=CC=C1)C2=CC=C(C(OC)=O)C=C2,-8.93854139,0.12353794,110.2839659,11.30088219,-0.574910242,11.30088219,0.371204472,0.855519056,256.301,240.173,256.1099444,98,0.337341793,-0.465417521,0.465417521,0.337341793,1.105263158,1.736842105,2.315789474,16.52329338,10.00323688,2.100617015,-2.111125286,2.185198708,-2.040609497,5.887593188,0.060023834,2.073681425,531.6803208,13.66492594,10.74431965,10.74431965,9.2027086,6.107223094,6.107223094,4.319110573,4.319110573,2.988430816,2.988430816,1.914407383,1.914407383,-2.13,25130.04108,13.30515172,6.15877057,3.421837675,112.0175669,9.843390349,0,0,0,5.969305288,4.794537184,0,42.46456948,23.25963712,6.420821623,18.77721542,14.63792753,5.969305288,12.52478801,7.109797541,71.28765809,0,0,0,0,18.18563022,11.15768458,0,27.58885805,54.59730362,0,46.53,6.103966388,9.901064579,5.969305288,11.98427311,11.12690298,7.109797541,24.26546827,30.33183534,4.736862954,0,4.630823061,0,11.30088219,10.14446232,2.348807109,-0.371204472,16.61944778,-0.020931201,0,1.347713215,0.1875,19,1,3,0,0,2,0,2,3,1,3,4,2,2.7493,72.8873,1,1,1,1,0,2,0,1,1,1,0,1
PC8,O=C1C2=C(C=CC=C2)NC3=CC=CC=C31,-7.8748634,-0.36626006,3.8604,2.5643,12.06796296,0.097175926,12.06796296,0.097175926,0.549464255,195.221,186.149,195.0684139,72,0.19670205,-0.354317896,0.354317896,0.19670205,0.733333333,1.2,1.733333333,16.13209326,10.11470321,2.020415721,-2.005746108,2.127926142,-2.027664869,5.916339367,1.479719212,2.662766691,640.2898406,10.25071238,8.027050444,8.027050444,7.360173345,4.858824684,4.858824684,3.545291709,3.545291709,2.612719207,2.612719207,1.870412276,1.870412276,-2.09,4959.094332,8.237481995,2.953088807,1.148696934,86.17590226,4.983978521,0,5.428790392,0,0,4.794537184,0,0,24.26546827,24.26546827,21.80584986,0,0,21.80584986,4.983978521,0,0,58.75426412,0,5.428790392,0,0,0,4.983978521,0,0,53.32547373,0,21.80584986,32.86,0,4.794537184,5.428790392,0,21.80584986,0,0,48.53093655,4.983978521,0,0,0,15.31800926,1.492962963,1.877175926,0,15.14518519,0,0,0,0,15,1,2,0,0,0,2,1,3,1,1,2,0,3,2.6813,62.0747,1,1,0,0,0,1,1,0,0,0,2,2,0,0,0,0,2,1,Alc2,OC(CC1=CC=CC=C1)C2=CC=CC=C2,-8.90697663,1.05415414,110.1584658,9.973947468,-0.408703704,9.973947468,0.408703704,0.803505173,198.265,184.153,198.1044651,76,0.08298805,-0.388072044,0.388072044,0.08298805,0.8,1.333333333,1.933333333,16.26607617,10.01729244,2.063045969,-2.099774891,2.167902087,-2.005146996,5.216146633,0.178227923,2.078451608,394.1985815,10.5102254,8.505173338,8.505173338,7.360173345,5.13004291,5.13004291,3.616204083,3.616204083,2.456222038,2.456222038,1.630392829,1.630392829,-1.6,4035.300847,9.936265432,4.759877127,2.672959184,90.01261531,5.106527395,0,0,0,0,0,0,60.66367068,11.12690298,6.420821623,6.103966388,5.106527395,0,12.52478801,0,71.79057367,0,0,0,0,5.106527395,6.420821623,0,17.23086937,60.66367068,0,20.23,6.103966388,5.106527395,0,6.420821623,11.12690298,0,0,60.66367068,0,0,0,0,0,9.973947468,2.134450113,0,19.79549131,0.262777778,0,0,0.142857143,15,1,1,0,0,2,0,2,1,1,1,3,2,2.9627,61.5478,1,1,0,0,0,2,0,0,0,0,0,0
PC8,O=C1C2=C(C=CC=C2)NC3=CC=CC=C31,-7.8748634,-0.36626006,3.8604,2.5643,12.06796296,0.097175926,12.06796296,0.097175926,0.549464255,195.221,186.149,195.0684139,72,0.19670205,-0.354317896,0.354317896,0.19670205,0.733333333,1.2,1.733333333,16.13209326,10.11470321,2.020415721,-2.005746108,2.127926142,-2.027664869,5.916339367,1.479719212,2.662766691,640.2898406,10.25071238,8.027050444,8.027050444,7.360173345,4.858824684,4.858824684,3.545291709,3.545291709,2.612719207,2.612719207,1.870412276,1.870412276,-2.09,4959.094332,8.237481995,2.953088807,1.148696934,86.17590226,4.983978521,0,5.428790392,0,0,4.794537184,0,0,24.26546827,24.26546827,21.80584986,0,0,21.80584986,4.983978521,0,0,58.75426412,0,5.428790392,0,0,0,4.983978521,0,0,53.32547373,0,21.80584986,32.86,0,4.794537184,5.428790392,0,21.80584986,0,0,48.53093655,4.983978521,0,0,0,15.31800926,1.492962963,1.877175926,0,15.14518519,0,0,0,0,15,1,2,0,0,0,2,1,3,1,1,2,0,3,2.6813,62.0747,1,1,0,0,0,1,1,0,0,0,2,2,0,0,0,0,2,1,Alc3,OC(CC1=CC=CC=C1)C2=CC=C(C3=CC=CC=C3)C=C2,-8.36030764,0.54884587,110.1647408,10.33540753,-0.4609043,10.33540753,0.4609043,0.735116307,274.363,256.219,274.1357652,104,0.082988753,-0.388072038,0.388072038,0.082988753,0.619047619,1.142857143,1.761904762,16.26608329,9.982653574,2.08184519,-2.117053785,2.231560759,-2.009876154,5.629945447,0.178242278,1.7483318,672.0487817,14.49335306,11.81457441,11.81457441,10.32649984,7.201410115,7.201410115,5.193554353,5.193554353,3.674455551,3.674455551,2.483526522,2.483526522,-2.38,104293.4243,13.59609414,6.379998763,3.388286558,125.0697095,5.106527395,0,0,0,0,0,0,84.92913896,22.25380597,6.420821623,6.103966388,5.106527395,0,12.52478801,0,96.05604194,11.12690298,0,0,0,5.106527395,6.420821623,0,17.23086937,84.92913896,11.12690298,20.23,6.103966388,5.106527395,0,6.420821623,11.12690298,11.12690298,0,60.66367068,24.26546827,0,0,0,0,10.33540753,4.475491082,0,28.50563698,0.183464401,0,0,0.1,21,1,1,0,0,3,0,3,1,1,1,4,3,4.6297,86.9838,1,1,0,0,0,3,0,0,0,0,0,1
PC8,O=C1C2=C(C=CC=C2)NC3=CC=CC=C31,-7.8748634,-0.36626006,3.8604,2.5643,12.06796296,0.097175926,12.06796296,0.097175926,0.549464255,195.221,186.149,195.0684139,72,0.19670205,-0.354317896,0.354317896,0.19670205,0.733333333,1.2,1.733333333,16.13209326,10.11470321,2.020415721,-2.005746108,2.127926142,-2.027664869,5.916339367,1.479719212,2.662766691,640.2898406,10.25071238,8.027050444,8.027050444,7.360173345,4.858824684,4.858824684,3.545291709,3.545291709,2.612719207,2.612719207,1.870412276,1.870412276,-2.09,4959.094332,8.237481995,2.953088807,1.148696934,86.17590226,4.983978521,0,5.428790392,0,0,4.794537184,0,0,24.26546827,24.26546827,21.80584986,0,0,21.80584986,4.983978521,0,0,58.75426412,0,5.428790392,0,0,0,4.983978521,0,0,53.32547373,0,21.80584986,32.86,0,4.794537184,5.428790392,0,21.80584986,0,0,48.53093655,4.983978521,0,0,0,15.31800926,1.492962963,1.877175926,0,15.14518519,0,0,0,0,15,1,2,0,0,0,2,1,3,1,1,2,0,3,2.6813,62.0747,1,1,0,0,0,1,1,0,0,0,2,2,0,0,0,0,2,1,Alc4,OC(CC1=CC=CC=C1)C2=CC=C(C)C=C2,-8.66833616,1.06231744,110.0894409,10.06483938,-0.413888889,10.06483938,0.413888889,0.827496934,212.292,196.164,212.1201151,82,0.082988375,-0.388072041,0.388072041,0.082988375,0.9375,1.5625,2.1875,16.26607839,10.0062892,2.069742142,-2.107210664,2.178966078,-2.009250363,5.250301887,0.178214004,2.085070945,430.7519476,11.38046889,9.427823069,9.427823069,7.754020195,5.540726513,5.540726513,4.116204083,4.116204083,2.733999816,2.733999816,1.743806823,1.743806823,-1.6,5689.016293,10.90261427,4.950941945,2.706772373,96.37755742,5.106527395,0,0,0,0,0,0,60.16075511,18.05064018,6.420821623,6.103966388,5.106527395,0,19.44852521,0,71.28765809,0,0,0,0,5.106527395,6.420821623,6.9237372,22.79432086,54.59730362,0,20.23,6.103966388,5.106527395,0,6.420821623,11.12690298,5.563451492,0,61.52104082,0,0,0,0,0,10.06483938,3.361749234,0,18.101132,0.25664777,2.048964947,0,0.2,16,1,1,0,0,2,0,2,1,1,1,3,2,3.27112,66.2848,1,1,0,0,1,2,0,0,0,0,0,4
PC8,O=C1C2=C(C=CC=C2)NC3=CC=CC=C31,-7.8748634,-0.36626006,3.8604,2.5643,12.06796296,0.097175926,12.06796296,0.097175926,0.549464255,195.221,186.149,195.0684139,72,0.19670205,-0.354317896,0.354317896,0.19670205,0.733333333,1.2,1.733333333,16.13209326,10.11470321,2.020415721,-2.005746108,2.127926142,-2.027664869,5.916339367,1.479719212,2.662766691,640.2898406,10.25071238,8.027050444,8.027050444,7.360173345,4.858824684,4.858824684,3.545291709,3.545291709,2.612719207,2.612719207,1.870412276,1.870412276,-2.09,4959.094332,8.237481995,2.953088807,1.148696934,86.17590226,4.983978521,0,5.428790392,0,0,4.794537184,0,0,24.26546827,24.26546827,21.80584986,0,0,21.80584986,4.983978521,0,0,58.75426412,0,5.428790392,0,0,0,4.983978521,0,0,53.32547373,0,21.80584986,32.86,0,4.794537184,5.428790392,0,21.80584986,0,0,48.53093655,4.983978521,0,0,0,15.31800926,1.492962963,1.877175926,0,15.14518519,0,0,0,0,15,1,2,0,0,0,2,1,3,1,1,2,0,3,2.6813,62.0747,1,1,0,0,0,1,1,0,0,0,2,2,0,0,0,0,2,1,Alc5,OC(CC1=CC=CC=C1)C2=CC=C(OC)C=C2,-8.23187172,1.04735139,110.4094658,10.09672714,-0.469160998,10.09672714,0.469160998,0.871362138,228.291,212.163,228.1150298,88,0.118381005,-0.496768192,0.496768192,0.118381005,1,1.647058824,2.235294118,16.46529396,10.01448176,2.0766339,-2.111463059,2.203362817,-2.010311168,5.291757737,0.178131117,2.062926536,448.1078528,12.08757567,9.836071359,9.836071359,8.292024998,5.653098949,5.653098949,3.97868022,3.97868022,2.772451507,2.772451507,1.781264301,1.781264301,-1.8,10090.55557,11.67858558,5.50509078,3.078969757,101.4911027,9.843390349,5.749511833,0,0,0,0,0,42.46456948,23.25963712,6.420821623,13.21376393,9.843390349,0,12.52478801,7.109797541,65.7242066,5.749511833,4.736862954,5.749511833,0,12.21632494,6.420821623,0,17.23086937,54.59730362,0,29.46,6.103966388,5.106527395,0,6.420821623,16.87641482,0,7.109797541,54.59730362,0,4.736862954,5.085560668,0,0,10.09672714,2.046732516,0.806167695,17.50086494,0.162950916,0,1.634329465,0.2,17,1,2,0,0,2,0,2,2,1,2,4,2,2.9713,68.0998,1,1,0,0,0,2,0,0,1,1,0,3
PC8,O=C1C2=C(C=CC=C2)NC3=CC=CC=C31,-7.8748634,-0.36626006,3.8604,2.5643,12.06796296,0.097175926,12.06796296,0.097175926,0.549464255,195.221,186.149,195.0684139,72,0.19670205,-0.354317896,0.354317896,0.19670205,0.733333333,1.2,1.733333333,16.13209326,10.11470321,2.020415721,-2.005746108,2.127926142,-2.027664869,5.916339367,1.479719212,2.662766691,640.2898406,10.25071238,8.027050444,8.027050444,7.360173345,4.858824684,4.858824684,3.545291709,3.545291709,2.612719207,2.612719207,1.870412276,1.870412276,-2.09,4959.094332,8.237481995,2.953088807,1.148696934,86.17590226,4.983978521,0,5.428790392,0,0,4.794537184,0,0,24.26546827,24.26546827,21.80584986,0,0,21.80584986,4.983978521,0,0,58.75426412,0,5.428790392,0,0,0,4.983978521,0,0,53.32547373,0,21.80584986,32.86,0,4.794537184,5.428790392,0,21.80584986,0,0,48.53093655,4.983978521,0,0,0,15.31800926,1.492962963,1.877175926,0,15.14518519,0,0,0,0,15,1,2,0,0,0,2,1,3,1,1,2,0,3,2.6813,62.0747,1,1,0,0,0,1,1,0,0,0,2,2,0,0,0,0,2,1,Alc6,OC(CC1=CC=CC=C1)C2=CC=C(OC)C(OC)=C2,-7.88792468,1.04517451,110.5224158,10.26113757,-0.55351285,10.26113757,0.55351285,0.895699088,258.317,240.173,258.1255944,100,0.160584538,-0.49286995,0.49286995,0.160584538,0.947368421,1.631578947,2.263157895,16.50784068,10.0096787,2.117243407,-2.139118621,2.303972964,-2.023299719,5.433081291,0.177599354,2.170628056,522.7721843,13.66492594,11.16696938,11.16696938,9.240713403,6.182138051,6.182138051,4.319941212,4.319941212,3.064246236,3.064246236,2.015286458,2.015286458,-2,25290.51808,13.43209877,6.25,3.26326743,112.96959,14.5802533,0,11.49902367,0,0,0,0,36.39820241,23.25963712,6.420821623,20.32356147,14.5802533,0,12.52478801,14.21959508,59.65783953,11.49902367,9.473725908,11.49902367,0,19.32612248,6.420821623,0,17.23086937,48.53093655,0,38.69,6.103966388,5.106527395,0,17.91984529,11.12690298,0,14.21959508,48.53093655,0,9.473725908,10.42373952,0,0,10.26113757,1.922488846,1.296548879,15.38624764,0.026172761,0,3.183664782,0.25,19,1,3,0,0,2,0,2,3,1,3,5,2,2.9799,74.6518,1,1,0,0,0,2,0,0,2,2,0,7
PC8,O=C1C2=C(C=CC=C2)NC3=CC=CC=C31,-7.8748634,-0.36626006,3.8604,2.5643,12.06796296,0.097175926,12.06796296,0.097175926,0.549464255,195.221,186.149,195.0684139,72,0.19670205,-0.354317896,0.354317896,0.19670205,0.733333333,1.2,1.733333333,16.13209326,10.11470321,2.020415721,-2.005746108,2.127926142,-2.027664869,5.916339367,1.479719212,2.662766691,640.2898406,10.25071238,8.027050444,8.027050444,7.360173345,4.858824684,4.858824684,3.545291709,3.545291709,2.612719207,2.612719207,1.870412276,1.870412276,-2.09,4959.094332,8.237481995,2.953088807,1.148696934,86.17590226,4.983978521,0,5.428790392,0,0,4.794537184,0,0,24.26546827,24.26546827,21.80584986,0,0,21.80584986,4.983978521,0,0,58.75426412,0,5.428790392,0,0,0,4.983978521,0,0,53.32547373,0,21.80584986,32.86,0,4.794537184,5.428790392,0,21.80584986,0,0,48.53093655,4.983978521,0,0,0,15.31800926,1.492962963,1.877175926,0,15.14518519,0,0,0,0,15,1,2,0,0,0,2,1,3,1,1,2,0,3,2.6813,62.0747,1,1,0,0,0,1,1,0,0,0,2,2,0,0,0,0,2,1,Alc7,OC(CC1=CC=CC=C1)C2=C(OC)C=CC=C2OC,-8.24683777,1.0149703,107.1841159,10.43783636,-0.658796296,10.43783636,0.52537037,0.895699088,258.317,240.173,258.1255944,100,0.127902095,-0.496228759,0.496228759,0.127902095,0.894736842,1.473684211,2,16.47797685,9.995068211,2.183895081,-2.176698553,2.348905965,-2.059889902,5.463673305,0.169084656,2.29696563,500.5221843,13.66492594,11.16696938,11.16696938,9.257550155,6.188121115,6.188121115,4.281728869,4.281728869,3.07104304,3.07104304,2.14772538,2.14772538,-2,25369.48259,13.43209877,6.25,3.0625,112.96959,14.5802533,11.49902367,0,0,0,0,0,36.39820241,17.69618563,6.420821623,25.88701296,14.5802533,0,12.52478801,14.21959508,59.65783953,11.49902367,9.473725908,11.49902367,0,19.32612248,6.420821623,0,17.23086937,48.53093655,0,38.69,6.103966388,5.106527395,0,23.48329678,5.563451492,0,14.21959508,48.53093655,0,9.473725908,10.61332861,0,0,10.43783636,1.763252079,1.282928005,15.35451247,-0.133425926,0,3.181568405,0.25,19,1,3,0,0,2,0,2,3,1,3,5,2,2.9799,74.6518,1,1,0,0,0,2,0,0,2,2,0,5
PC8,O=C1C2=C(C=CC=C2)NC3=CC=CC=C31,-7.8748634,-0.36626006,3.8604,2.5643,12.06796296,0.097175926,12.06796296,0.097175926,0.549464255,195.221,186.149,195.0684139,72,0.19670205,-0.354317896,0.354317896,0.19670205,0.733333333,1.2,1.733333333,16.13209326,10.11470321,2.020415721,-2.005746108,2.127926142,-2.027664869,5.916339367,1.479719212,2.662766691,640.2898406,10.25071238,8.027050444,8.027050444,7.360173345,4.858824684,4.858824684,3.545291709,3.545291709,2.612719207,2.612719207,1.870412276,1.870412276,-2.09,4959.094332,8.237481995,2.953088807,1.148696934,86.17590226,4.983978521,0,5.428790392,0,0,4.794537184,0,0,24.26546827,24.26546827,21.80584986,0,0,21.80584986,4.983978521,0,0,58.75426412,0,5.428790392,0,0,0,4.983978521,0,0,53.32547373,0,21.80584986,32.86,0,4.794537184,5.428790392,0,21.80584986,0,0,48.53093655,4.983978521,0,0,0,15.31800926,1.492962963,1.877175926,0,15.14518519,0,0,0,0,15,1,2,0,0,0,2,1,3,1,1,2,0,3,2.6813,62.0747,1,1,0,0,0,1,1,0,0,0,2,2,0,0,0,0,2,1,Alc8,OC(CC1=CC=CC=C1)(C)C2=CC=C(OC)C=C2,-8.17772183,1.02993635,110.2274909,10.56200491,-0.867435752,10.56200491,0.597389692,0.892105667,242.318,224.174,242.1306798,94,0.118381372,-0.496768189,0.496768189,0.118381372,1,1.611111111,2.166666667,16.46530434,9.889503761,2.227971509,-2.238534935,2.263139458,-2.236217268,5.316379902,0.05756913,2.188427957,486.2652269,13.0102254,10.75872109,10.75872109,8.61532163,6.025136822,6.025136822,4.664730961,4.664730961,3.103088053,3.103088053,2.04546916,2.04546916,-1.8,13287.8363,12.65159546,5.233467659,2.901820229,107.8560448,9.843390349,5.749511833,0,0,0,0,0,42.46456948,30.18337432,6.420821623,12.71084835,9.843390349,0,18.94560963,7.109797541,65.7242066,5.749511833,4.736862954,5.749511833,0,12.21632494,12.02187243,0,18.05064018,54.59730362,0,29.46,5.601050811,5.106527395,0,6.420821623,16.87641482,0,7.109797541,61.52104082,0,4.736862954,5.118487728,0,0,10.56200491,1.151518986,0.80024177,17.54919827,0.597389692,1.835128496,1.636030145,0.25,18,1,2,0,0,2,0,2,2,1,2,4,2,3.1454,72.7108,1,0,0,0,0,2,0,0,1,1,0,0
PC8,O=C1C2=C(C=CC=C2)NC3=CC=CC=C31,-7.8748634,-0.36626006,3.8604,2.5643,12.06796296,0.097175926,12.06796296,0.097175926,0.549464255,195.221,186.149,195.0684139,72,0.19670205,-0.354317896,0.354317896,0.19670205,0.733333333,1.2,1.733333333,16.13209326,10.11470321,2.020415721,-2.005746108,2.127926142,-2.027664869,5.916339367,1.479719212,2.662766691,640.2898406,10.25071238,8.027050444,8.027050444,7.360173345,4.858824684,4.858824684,3.545291709,3.545291709,2.612719207,2.612719207,1.870412276,1.870412276,-2.09,4959.094332,8.237481995,2.953088807,1.148696934,86.17590226,4.983978521,0,5.428790392,0,0,4.794537184,0,0,24.26546827,24.26546827,21.80584986,0,0,21.80584986,4.983978521,0,0,58.75426412,0,5.428790392,0,0,0,4.983978521,0,0,53.32547373,0,21.80584986,32.86,0,4.794537184,5.428790392,0,21.80584986,0,0,48.53093655,4.983978521,0,0,0,15.31800926,1.492962963,1.877175926,0,15.14518519,0,0,0,0,15,1,2,0,0,0,2,1,3,1,1,2,0,3,2.6813,62.0747,1,1,0,0,0,1,1,0,0,0,2,2,0,0,0,0,2,1,Alc9,OC(CC1=CC=CC=C1)(C)C2=CC(OC)=C(OC)C=C2,-7.83976121,1.02803158,110.3090658,10.72641534,-0.957435752,10.72641534,0.544963388,0.908372189,272.344,252.184,272.1412445,106,0.160595357,-0.492869947,0.492869947,0.160595357,0.95,1.6,2.2,16.50786391,9.886714685,2.244651992,-2.246767403,2.332200447,-2.238535517,5.4439743,0.057303819,2.290057545,561.7027291,14.58757567,12.08961911,12.08961911,9.564010035,6.554175925,6.554175925,5.005991953,5.005991953,3.396609945,3.396609945,2.266626138,2.266626138,-2,33330.10718,14.4099723,5.969821674,3.114186851,119.3345321,14.5802533,0,11.49902367,0,0,0,0,36.39820241,30.18337432,6.420821623,19.82064589,14.5802533,0,18.94560963,14.21959508,59.65783953,11.49902367,9.473725908,11.49902367,0,19.32612248,12.02187243,0,18.05064018,48.53093655,0,38.69,5.601050811,5.106527395,0,17.91984529,11.12690298,0,21.14333228,48.53093655,0,9.473725908,10.50166658,0,0,10.72641534,0.937275316,1.282497953,15.42937264,0.544963388,1.806795163,3.187680277,0.294117647,20,1,3,0,0,2,0,2,3,1,3,5,2,3.154,79.2628,1,0,0,0,0,2,0,0,2,2,0,37
PC8,O=C1C2=C(C=CC=C2)NC3=CC=CC=C31,-7.8748634,-0.36626006,3.8604,2.5643,12.06796296,0.097175926,12.06796296,0.097175926,0.549464255,195.221,186.149,195.0684139,72,0.19670205,-0.354317896,0.354317896,0.19670205,0.733333333,1.2,1.733333333,16.13209326,10.11470321,2.020415721,-2.005746108,2.127926142,-2.027664869,5.916339367,1.479719212,2.662766691,640.2898406,10.25071238,8.027050444,8.027050444,7.360173345,4.858824684,4.858824684,3.545291709,3.545291709,2.612719207,2.612719207,1.870412276,1.870412276,-2.09,4959.094332,8.237481995,2.953088807,1.148696934,86.17590226,4.983978521,0,5.428790392,0,0,4.794537184,0,0,24.26546827,24.26546827,21.80584986,0,0,21.80584986,4.983978521,0,0,58.75426412,0,5.428790392,0,0,0,4.983978521,0,0,53.32547373,0,21.80584986,32.86,0,4.794537184,5.428790392,0,21.80584986,0,0,48.53093655,4.983978521,0,0,0,15.31800926,1.492962963,1.877175926,0,15.14518519,0,0,0,0,15,1,2,0,0,0,2,1,3,1,1,2,0,3,2.6813,62.0747,1,1,0,0,0,1,1,0,0,0,2,2,0,0,0,0,2,1,Alc10,OC(CC1=CC=CC=C1)C2=CC=CS2,-8.64139727,1.03292956,111.8150659,9.873253023,-0.363518519,9.873253023,0.363518519,0.814439084,204.294,192.198,204.060886,72,0.09216528,-0.38723214,0.38723214,0.09216528,1.071428571,1.857142857,2.5,32.13347352,10.07645264,2.078921369,-2.072307397,2.216794261,-1.983243765,7.095204082,0.182071194,2.055317991,366.4849572,9.803118619,7.75872109,8.575217671,6.860173345,4.614527515,5.494180326,3.220940058,4.200212366,2.143483815,3.117025632,1.418819851,2.130640812,-1.12,3066.32425,9.435606308,4.398850502,2.21844236,87.65297858,5.106527395,0,0,0,0,0,11.33678588,36.39820241,17.00988133,11.29796882,6.103966388,5.106527395,11.33678588,12.52478801,0,58.28523094,0,0,0,11.33678588,5.106527395,6.420821623,0,16.54456507,47.84463225,0,20.23,0,5.106527395,6.103966388,6.420821623,4.877147194,5.563451492,11.33678588,47.84463225,0,0,0,1.600269038,1.035975057,11.86288265,1.174444444,0,13.99416029,0.332268519,0,0,0.166666667,14,1,1,0,0,1,1,2,2,1,2,3,2,3.0242,59.4248,1,1,0,0,0,1,0,0,0,0,1,0
PC8,O=C1C2=C(C=CC=C2)NC3=CC=CC=C31,-7.8748634,-0.36626006,3.8604,2.5643,12.06796296,0.097175926,12.06796296,0.097175926,0.549464255,195.221,186.149,195.0684139,72,0.19670205,-0.354317896,0.354317896,0.19670205,0.733333333,1.2,1.733333333,16.13209326,10.11470321,2.020415721,-2.005746108,2.127926142,-2.027664869,5.916339367,1.479719212,2.662766691,640.2898406,10.25071238,8.027050444,8.027050444,7.360173345,4.858824684,4.858824684,3.545291709,3.545291709,2.612719207,2.612719207,1.870412276,1.870412276,-2.09,4959.094332,8.237481995,2.953088807,1.148696934,86.17590226,4.983978521,0,5.428790392,0,0,4.794537184,0,0,24.26546827,24.26546827,21.80584986,0,0,21.80584986,4.983978521,0,0,58.75426412,0,5.428790392,0,0,0,4.983978521,0,0,53.32547373,0,21.80584986,32.86,0,4.794537184,5.428790392,0,21.80584986,0,0,48.53093655,4.983978521,0,0,0,15.31800926,1.492962963,1.877175926,0,15.14518519,0,0,0,0,15,1,2,0,0,0,2,1,3,1,1,2,0,3,2.6813,62.0747,1,1,0,0,0,1,1,0,0,0,2,2,0,0,0,0,2,1,Alc11,OC(CC1=CC=CC=C1)C2=CC=C3C(C=CC=C3)=C2,-8.12765359,0.32353879,110.1333659,10.33341648,-0.451846183,10.33341648,0.451846183,0.739012436,248.325,232.197,248.1201151,94,0.083009866,-0.388071663,0.388071663,0.083009866,0.736842105,1.421052632,2.210526316,16.26608468,9.986417292,2.083747824,-2.117047312,2.224950035,-2.010327051,5.82588213,0.178379756,1.869464155,673.3497853,13.0791395,10.65987388,10.65987388,9.32649984,6.534743449,6.534743449,4.812108497,4.812108497,3.430171422,3.430171422,2.370271693,2.370271693,-2.12,36765.48652,11.94179079,5.249619382,2.66527869,112.6942798,5.106527395,0,0,0,0,0,0,66.73003775,27.96571848,6.420821623,6.103966388,5.106527395,10.77244843,12.52478801,0,83.9233078,0,0,0,0,5.106527395,6.420821623,0,17.23086937,72.79640482,10.77244843,20.23,6.103966388,5.106527395,0,6.420821623,11.12690298,10.77244843,0,48.53093655,24.26546827,0,0,0,0,12.71329869,2.130288591,0,24.45629438,0.200118339,0,0,0.111111111,19,1,1,0,0,3,0,3,1,1,1,3,3,4.1159,79.0538,1,1,0,0,0,3,1,0,0,0,0,2
PC8,O=C1C2=C(C=CC=C2)NC3=CC=CC=C31,-7.8748634,-0.36626006,3.8604,2.5643,12.06796296,0.097175926,12.06796296,0.097175926,0.549464255,195.221,186.149,195.0684139,72,0.19670205,-0.354317896,0.354317896,0.19670205,0.733333333,1.2,1.733333333,16.13209326,10.11470321,2.020415721,-2.005746108,2.127926142,-2.027664869,5.916339367,1.479719212,2.662766691,640.2898406,10.25071238,8.027050444,8.027050444,7.360173345,4.858824684,4.858824684,3.545291709,3.545291709,2.612719207,2.612719207,1.870412276,1.870412276,-2.09,4959.094332,8.237481995,2.953088807,1.148696934,86.17590226,4.983978521,0,5.428790392,0,0,4.794537184,0,0,24.26546827,24.26546827,21.80584986,0,0,21.80584986,4.983978521,0,0,58.75426412,0,5.428790392,0,0,0,4.983978521,0,0,53.32547373,0,21.80584986,32.86,0,4.794537184,5.428790392,0,21.80584986,0,0,48.53093655,4.983978521,0,0,0,15.31800926,1.492962963,1.877175926,0,15.14518519,0,0,0,0,15,1,2,0,0,0,2,1,3,1,1,2,0,3,2.6813,62.0747,1,1,0,0,0,1,1,0,0,0,2,2,0,0,0,0,2,1,Alc12,OC(CC1=CC=CC=C1)C2=C3C(C=CC=C3)=CC=C2,-8.02670078,0.27891275,110.2902409,10.47196901,-0.464351852,10.47196901,0.464351852,0.739012436,248.325,232.197,248.1201151,94,0.083586962,-0.388048921,0.388048921,0.083586962,0.736842105,1.421052632,2.263157895,16.2661245,9.961087362,2.108514386,-2.135341267,2.259726004,-2.019364071,5.854953123,0.179785723,1.955927549,668.0997853,13.0791395,10.65987388,10.65987388,9.343336593,6.540726513,6.540726513,4.773896154,4.773896154,3.454236172,3.454236172,2.488346906,2.488346906,-2.12,37234.02226,11.94179079,5.249619382,2.514643812,112.6942798,5.106527395,0,0,0,0,0,0,72.79640482,21.89935141,6.420821623,6.103966388,5.106527395,10.77244843,12.52478801,0,83.9233078,0,0,0,0,5.106527395,6.420821623,0,17.23086937,72.79640482,10.77244843,20.23,6.103966388,5.106527395,0,6.420821623,16.5131272,5.386224214,0,54.59730362,18.19910121,0,0,0,0,12.77802716,2.157303005,0,24.3813554,0.183314437,0,0,0.111111111,19,1,1,0,0,3,0,3,1,1,1,3,3,4.1159,79.0538,1,1,0,0,0,3,1,0,0,0,0,5
PC8,O=C1C2=C(C=CC=C2)NC3=CC=CC=C31,-7.8748634,-0.36626006,3.8604,2.5643,12.06796296,0.097175926,12.06796296,0.097175926,0.549464255,195.221,186.149,195.0684139,72,0.19670205,-0.354317896,0.354317896,0.19670205,0.733333333,1.2,1.733333333,16.13209326,10.11470321,2.020415721,-2.005746108,2.127926142,-2.027664869,5.916339367,1.479719212,2.662766691,640.2898406,10.25071238,8.027050444,8.027050444,7.360173345,4.858824684,4.858824684,3.545291709,3.545291709,2.612719207,2.612719207,1.870412276,1.870412276,-2.09,4959.094332,8.237481995,2.953088807,1.148696934,86.17590226,4.983978521,0,5.428790392,0,0,4.794537184,0,0,24.26546827,24.26546827,21.80584986,0,0,21.80584986,4.983978521,0,0,58.75426412,0,5.428790392,0,0,0,4.983978521,0,0,53.32547373,0,21.80584986,32.86,0,4.794537184,5.428790392,0,21.80584986,0,0,48.53093655,4.983978521,0,0,0,15.31800926,1.492962963,1.877175926,0,15.14518519,0,0,0,0,15,1,2,0,0,0,2,1,3,1,1,2,0,3,2.6813,62.0747,1,1,0,0,0,1,1,0,0,0,2,2,0,0,0,0,2,1,Alc13,OC(CC1=CC=CC=C1)C2=CC(OCO3)=C3C=C2,-7.9864285,1.08381413,109.9953158,10.20884165,-0.526018519,10.20884165,0.257507114,0.898944943,242.274,228.162,242.0942943,92,0.230800378,-0.453595466,0.453595466,0.230800378,1,1.777777778,2.611111111,16.69672243,10.01045676,2.161838013,-2.112079703,2.342342866,-2.01108597,5.447982472,0.171222171,1.782012697,536.689907,12.37203272,9.874076162,9.874076162,8.82649984,5.942991739,5.942991739,4.318219186,4.318219186,3.053275195,3.053275195,2.075602865,2.075602865,-2,27276.07585,11.11111111,4.704,2.172635445,105.5988167,14.5802533,0,11.49902367,6.792942306,0,0,0,36.39820241,23.25963712,6.420821623,6.103966388,14.5802533,0,12.52478801,6.792942306,59.65783953,11.49902367,9.473725908,11.49902367,0,11.8994697,6.420821623,0,17.23086937,48.53093655,0,38.69,6.103966388,5.106527395,6.792942306,12.17033346,16.87641482,0,0,48.53093655,0,9.473725908,10.55373952,0,0,10.20884165,1.963675831,1.449326657,15.49522555,0.071683673,0.257507114,0,0.2,18,1,3,1,1,2,0,2,3,1,3,3,3,2.6914,67.6708,1,1,0,0,0,2,1,0,2,0,0,1
PC8,O=C1C2=C(C=CC=C2)NC3=CC=CC=C31,-7.8748634,-0.36626006,3.8604,2.5643,12.06796296,0.097175926,12.06796296,0.097175926,0.549464255,195.221,186.149,195.0684139,72,0.19670205,-0.354317896,0.354317896,0.19670205,0.733333333,1.2,1.733333333,16.13209326,10.11470321,2.020415721,-2.005746108,2.127926142,-2.027664869,5.916339367,1.479719212,2.662766691,640.2898406,10.25071238,8.027050444,8.027050444,7.360173345,4.858824684,4.858824684,3.545291709,3.545291709,2.612719207,2.612719207,1.870412276,1.870412276,-2.09,4959.094332,8.237481995,2.953088807,1.148696934,86.17590226,4.983978521,0,5.428790392,0,0,4.794537184,0,0,24.26546827,24.26546827,21.80584986,0,0,21.80584986,4.983978521,0,0,58.75426412,0,5.428790392,0,0,0,4.983978521,0,0,53.32547373,0,21.80584986,32.86,0,4.794537184,5.428790392,0,21.80584986,0,0,48.53093655,4.983978521,0,0,0,15.31800926,1.492962963,1.877175926,0,15.14518519,0,0,0,0,15,1,2,0,0,0,2,1,3,1,1,2,0,3,2.6813,62.0747,1,1,0,0,0,1,1,0,0,0,2,2,0,0,0,0,2,1,Alc14,OC(CC1=CC=CC=C1)C2=CC=C3C(OCCO3)=C2,-8.04792536,1.06912019,110.6792909,10.27915415,-0.529419879,10.27915415,0.529419879,0.917331086,256.301,240.173,256.1099444,98,0.161229612,-0.486147273,0.486147273,0.161229612,0.947368421,1.684210526,2.473684211,16.56262844,10.00869622,2.151138065,-2.198867245,2.32807113,-2.153791222,5.441928646,0.164210297,1.779518637,551.1754333,13.0791395,10.58118294,10.58118294,9.32649984,6.442991739,6.442991739,4.608616347,4.608616347,3.222881543,3.222881543,2.222419671,2.222419671,-2,36765.48652,12.05540166,5.325443787,2.712802768,111.9637588,14.5802533,13.21376393,11.49902367,0,0,0,0,36.39820241,23.25963712,6.420821623,6.103966388,14.5802533,0,12.52478801,13.21376393,59.65783953,11.49902367,9.473725908,11.49902367,0,18.32029132,6.420821623,0,17.23086937,48.53093655,0,38.69,6.103966388,5.106527395,0,19.63458555,22.62592665,0,0,48.53093655,0,9.473725908,10.99818397,0,0,10.27915415,1.970363074,1.47015999,15.57085113,0.068282313,1.14300538,0,0.25,19,1,3,1,1,2,0,2,3,1,3,3,3,2.7339,72.5378,1,1,0,0,0,2,1,0,2,0,0,7
PC9,O=C1C2=C(C=CC=C2)OC3=CC=CC=C31,-8.59541068,-0.57796164,4.0934,2.9348,12.02796296,0.034675926,12.02796296,0.034675926,0.517277127,196.205,188.141,196.0524295,72,0.200022192,-0.455817805,0.455817805,0.200022192,0.733333333,1.2,1.733333333,16.33472818,10.13715838,2.043988918,-1.98985329,2.167496211,-2.005822551,5.888395653,0.659741724,2.662766691,638.2898406,10.25071238,7.935298734,7.935298734,7.360173345,4.767072974,4.767072974,3.423505053,3.423505053,2.483286575,2.483286575,1.750001556,1.750001556,-2.09,4959.094332,8.237481995,2.953088807,1.148696934,85.76107111,4.417150937,11.16604028,0,5.428790392,0,4.794537184,0,0,24.26546827,24.26546827,0,10.77244843,4.417150937,21.93848871,0,0,0,58.75426412,0,5.428790392,0,0,0,0,0,0,57.74262467,0,21.93848871,30.21,0,4.794537184,5.428790392,21.93848871,0,0,12.13273414,36.39820241,0,4.417150937,5.626990741,0,12.02796296,1.270740741,1.314675926,0,14.59296296,0,0,0,0,15,0,2,0,0,0,2,1,3,2,0,2,0,3,2.9462,59.99,0,0,0,0,0,0,0,0,0,0,2,2,0,0,0,0,2,0,Alc1,OC(CC1=CC=CC=C1)C2=CC=C(C(OC)=O)C=C2,-8.93854139,0.12353794,110.2839659,11.30088219,-0.574910242,11.30088219,0.371204472,0.855519056,256.301,240.173,256.1099444,98,0.337341793,-0.465417521,0.465417521,0.337341793,1.105263158,1.736842105,2.315789474,16.52329338,10.00323688,2.100617015,-2.111125286,2.185198708,-2.040609497,5.887593188,0.060023834,2.073681425,531.6803208,13.66492594,10.74431965,10.74431965,9.2027086,6.107223094,6.107223094,4.319110573,4.319110573,2.988430816,2.988430816,1.914407383,1.914407383,-2.13,25130.04108,13.30515172,6.15877057,3.421837675,112.0175669,9.843390349,0,0,0,5.969305288,4.794537184,0,42.46456948,23.25963712,6.420821623,18.77721542,14.63792753,5.969305288,12.52478801,7.109797541,71.28765809,0,0,0,0,18.18563022,11.15768458,0,27.58885805,54.59730362,0,46.53,6.103966388,9.901064579,5.969305288,11.98427311,11.12690298,7.109797541,24.26546827,30.33183534,4.736862954,0,4.630823061,0,11.30088219,10.14446232,2.348807109,-0.371204472,16.61944778,-0.020931201,0,1.347713215,0.1875,19,1,3,0,0,2,0,2,3,1,3,4,2,2.7493,72.8873,1,1,1,1,0,2,0,1,1,1,0,0
PC9,O=C1C2=C(C=CC=C2)OC3=CC=CC=C31,-8.59541068,-0.57796164,4.0934,2.9348,12.02796296,0.034675926,12.02796296,0.034675926,0.517277127,196.205,188.141,196.0524295,72,0.200022192,-0.455817805,0.455817805,0.200022192,0.733333333,1.2,1.733333333,16.33472818,10.13715838,2.043988918,-1.98985329,2.167496211,-2.005822551,5.888395653,0.659741724,2.662766691,638.2898406,10.25071238,7.935298734,7.935298734,7.360173345,4.767072974,4.767072974,3.423505053,3.423505053,2.483286575,2.483286575,1.750001556,1.750001556,-2.09,4959.094332,8.237481995,2.953088807,1.148696934,85.76107111,4.417150937,11.16604028,0,5.428790392,0,4.794537184,0,0,24.26546827,24.26546827,0,10.77244843,4.417150937,21.93848871,0,0,0,58.75426412,0,5.428790392,0,0,0,0,0,0,57.74262467,0,21.93848871,30.21,0,4.794537184,5.428790392,21.93848871,0,0,12.13273414,36.39820241,0,4.417150937,5.626990741,0,12.02796296,1.270740741,1.314675926,0,14.59296296,0,0,0,0,15,0,2,0,0,0,2,1,3,2,0,2,0,3,2.9462,59.99,0,0,0,0,0,0,0,0,0,0,2,2,0,0,0,0,2,0,Alc2,OC(CC1=CC=CC=C1)C2=CC=CC=C2,-8.90697663,1.05415414,110.1584658,9.973947468,-0.408703704,9.973947468,0.408703704,0.803505173,198.265,184.153,198.1044651,76,0.08298805,-0.388072044,0.388072044,0.08298805,0.8,1.333333333,1.933333333,16.26607617,10.01729244,2.063045969,-2.099774891,2.167902087,-2.005146996,5.216146633,0.178227923,2.078451608,394.1985815,10.5102254,8.505173338,8.505173338,7.360173345,5.13004291,5.13004291,3.616204083,3.616204083,2.456222038,2.456222038,1.630392829,1.630392829,-1.6,4035.300847,9.936265432,4.759877127,2.672959184,90.01261531,5.106527395,0,0,0,0,0,0,60.66367068,11.12690298,6.420821623,6.103966388,5.106527395,0,12.52478801,0,71.79057367,0,0,0,0,5.106527395,6.420821623,0,17.23086937,60.66367068,0,20.23,6.103966388,5.106527395,0,6.420821623,11.12690298,0,0,60.66367068,0,0,0,0,0,9.973947468,2.134450113,0,19.79549131,0.262777778,0,0,0.142857143,15,1,1,0,0,2,0,2,1,1,1,3,2,2.9627,61.5478,1,1,0,0,0,2,0,0,0,0,0,0
PC9,O=C1C2=C(C=CC=C2)OC3=CC=CC=C31,-8.59541068,-0.57796164,4.0934,2.9348,12.02796296,0.034675926,12.02796296,0.034675926,0.517277127,196.205,188.141,196.0524295,72,0.200022192,-0.455817805,0.455817805,0.200022192,0.733333333,1.2,1.733333333,16.33472818,10.13715838,2.043988918,-1.98985329,2.167496211,-2.005822551,5.888395653,0.659741724,2.662766691,638.2898406,10.25071238,7.935298734,7.935298734,7.360173345,4.767072974,4.767072974,3.423505053,3.423505053,2.483286575,2.483286575,1.750001556,1.750001556,-2.09,4959.094332,8.237481995,2.953088807,1.148696934,85.76107111,4.417150937,11.16604028,0,5.428790392,0,4.794537184,0,0,24.26546827,24.26546827,0,10.77244843,4.417150937,21.93848871,0,0,0,58.75426412,0,5.428790392,0,0,0,0,0,0,57.74262467,0,21.93848871,30.21,0,4.794537184,5.428790392,21.93848871,0,0,12.13273414,36.39820241,0,4.417150937,5.626990741,0,12.02796296,1.270740741,1.314675926,0,14.59296296,0,0,0,0,15,0,2,0,0,0,2,1,3,2,0,2,0,3,2.9462,59.99,0,0,0,0,0,0,0,0,0,0,2,2,0,0,0,0,2,0,Alc3,OC(CC1=CC=CC=C1)C2=CC=C(C3=CC=CC=C3)C=C2,-8.36030764,0.54884587,110.1647408,10.33540753,-0.4609043,10.33540753,0.4609043,0.735116307,274.363,256.219,274.1357652,104,0.082988753,-0.388072038,0.388072038,0.082988753,0.619047619,1.142857143,1.761904762,16.26608329,9.982653574,2.08184519,-2.117053785,2.231560759,-2.009876154,5.629945447,0.178242278,1.7483318,672.0487817,14.49335306,11.81457441,11.81457441,10.32649984,7.201410115,7.201410115,5.193554353,5.193554353,3.674455551,3.674455551,2.483526522,2.483526522,-2.38,104293.4243,13.59609414,6.379998763,3.388286558,125.0697095,5.106527395,0,0,0,0,0,0,84.92913896,22.25380597,6.420821623,6.103966388,5.106527395,0,12.52478801,0,96.05604194,11.12690298,0,0,0,5.106527395,6.420821623,0,17.23086937,84.92913896,11.12690298,20.23,6.103966388,5.106527395,0,6.420821623,11.12690298,11.12690298,0,60.66367068,24.26546827,0,0,0,0,10.33540753,4.475491082,0,28.50563698,0.183464401,0,0,0.1,21,1,1,0,0,3,0,3,1,1,1,4,3,4.6297,86.9838,1,1,0,0,0,3,0,0,0,0,0,0
PC9,O=C1C2=C(C=CC=C2)OC3=CC=CC=C31,-8.59541068,-0.57796164,4.0934,2.9348,12.02796296,0.034675926,12.02796296,0.034675926,0.517277127,196.205,188.141,196.0524295,72,0.200022192,-0.455817805,0.455817805,0.200022192,0.733333333,1.2,1.733333333,16.33472818,10.13715838,2.043988918,-1.98985329,2.167496211,-2.005822551,5.888395653,0.659741724,2.662766691,638.2898406,10.25071238,7.935298734,7.935298734,7.360173345,4.767072974,4.767072974,3.423505053,3.423505053,2.483286575,2.483286575,1.750001556,1.750001556,-2.09,4959.094332,8.237481995,2.953088807,1.148696934,85.76107111,4.417150937,11.16604028,0,5.428790392,0,4.794537184,0,0,24.26546827,24.26546827,0,10.77244843,4.417150937,21.93848871,0,0,0,58.75426412,0,5.428790392,0,0,0,0,0,0,57.74262467,0,21.93848871,30.21,0,4.794537184,5.428790392,21.93848871,0,0,12.13273414,36.39820241,0,4.417150937,5.626990741,0,12.02796296,1.270740741,1.314675926,0,14.59296296,0,0,0,0,15,0,2,0,0,0,2,1,3,2,0,2,0,3,2.9462,59.99,0,0,0,0,0,0,0,0,0,0,2,2,0,0,0,0,2,0,Alc4,OC(CC1=CC=CC=C1)C2=CC=C(C)C=C2,-8.66833616,1.06231744,110.0894409,10.06483938,-0.413888889,10.06483938,0.413888889,0.827496934,212.292,196.164,212.1201151,82,0.082988375,-0.388072041,0.388072041,0.082988375,0.9375,1.5625,2.1875,16.26607839,10.0062892,2.069742142,-2.107210664,2.178966078,-2.009250363,5.250301887,0.178214004,2.085070945,430.7519476,11.38046889,9.427823069,9.427823069,7.754020195,5.540726513,5.540726513,4.116204083,4.116204083,2.733999816,2.733999816,1.743806823,1.743806823,-1.6,5689.016293,10.90261427,4.950941945,2.706772373,96.37755742,5.106527395,0,0,0,0,0,0,60.16075511,18.05064018,6.420821623,6.103966388,5.106527395,0,19.44852521,0,71.28765809,0,0,0,0,5.106527395,6.420821623,6.9237372,22.79432086,54.59730362,0,20.23,6.103966388,5.106527395,0,6.420821623,11.12690298,5.563451492,0,61.52104082,0,0,0,0,0,10.06483938,3.361749234,0,18.101132,0.25664777,2.048964947,0,0.2,16,1,1,0,0,2,0,2,1,1,1,3,2,3.27112,66.2848,1,1,0,0,1,2,0,0,0,0,0,0
PC9,O=C1C2=C(C=CC=C2)OC3=CC=CC=C31,-8.59541068,-0.57796164,4.0934,2.9348,12.02796296,0.034675926,12.02796296,0.034675926,0.517277127,196.205,188.141,196.0524295,72,0.200022192,-0.455817805,0.455817805,0.200022192,0.733333333,1.2,1.733333333,16.33472818,10.13715838,2.043988918,-1.98985329,2.167496211,-2.005822551,5.888395653,0.659741724,2.662766691,638.2898406,10.25071238,7.935298734,7.935298734,7.360173345,4.767072974,4.767072974,3.423505053,3.423505053,2.483286575,2.483286575,1.750001556,1.750001556,-2.09,4959.094332,8.237481995,2.953088807,1.148696934,85.76107111,4.417150937,11.16604028,0,5.428790392,0,4.794537184,0,0,24.26546827,24.26546827,0,10.77244843,4.417150937,21.93848871,0,0,0,58.75426412,0,5.428790392,0,0,0,0,0,0,57.74262467,0,21.93848871,30.21,0,4.794537184,5.428790392,21.93848871,0,0,12.13273414,36.39820241,0,4.417150937,5.626990741,0,12.02796296,1.270740741,1.314675926,0,14.59296296,0,0,0,0,15,0,2,0,0,0,2,1,3,2,0,2,0,3,2.9462,59.99,0,0,0,0,0,0,0,0,0,0,2,2,0,0,0,0,2,0,Alc5,OC(CC1=CC=CC=C1)C2=CC=C(OC)C=C2,-8.23187172,1.04735139,110.4094658,10.09672714,-0.469160998,10.09672714,0.469160998,0.871362138,228.291,212.163,228.1150298,88,0.118381005,-0.496768192,0.496768192,0.118381005,1,1.647058824,2.235294118,16.46529396,10.01448176,2.0766339,-2.111463059,2.203362817,-2.010311168,5.291757737,0.178131117,2.062926536,448.1078528,12.08757567,9.836071359,9.836071359,8.292024998,5.653098949,5.653098949,3.97868022,3.97868022,2.772451507,2.772451507,1.781264301,1.781264301,-1.8,10090.55557,11.67858558,5.50509078,3.078969757,101.4911027,9.843390349,5.749511833,0,0,0,0,0,42.46456948,23.25963712,6.420821623,13.21376393,9.843390349,0,12.52478801,7.109797541,65.7242066,5.749511833,4.736862954,5.749511833,0,12.21632494,6.420821623,0,17.23086937,54.59730362,0,29.46,6.103966388,5.106527395,0,6.420821623,16.87641482,0,7.109797541,54.59730362,0,4.736862954,5.085560668,0,0,10.09672714,2.046732516,0.806167695,17.50086494,0.162950916,0,1.634329465,0.2,17,1,2,0,0,2,0,2,2,1,2,4,2,2.9713,68.0998,1,1,0,0,0,2,0,0,1,1,0,0
PC9,O=C1C2=C(C=CC=C2)OC3=CC=CC=C31,-8.59541068,-0.57796164,4.0934,2.9348,12.02796296,0.034675926,12.02796296,0.034675926,0.517277127,196.205,188.141,196.0524295,72,0.200022192,-0.455817805,0.455817805,0.200022192,0.733333333,1.2,1.733333333,16.33472818,10.13715838,2.043988918,-1.98985329,2.167496211,-2.005822551,5.888395653,0.659741724,2.662766691,638.2898406,10.25071238,7.935298734,7.935298734,7.360173345,4.767072974,4.767072974,3.423505053,3.423505053,2.483286575,2.483286575,1.750001556,1.750001556,-2.09,4959.094332,8.237481995,2.953088807,1.148696934,85.76107111,4.417150937,11.16604028,0,5.428790392,0,4.794537184,0,0,24.26546827,24.26546827,0,10.77244843,4.417150937,21.93848871,0,0,0,58.75426412,0,5.428790392,0,0,0,0,0,0,57.74262467,0,21.93848871,30.21,0,4.794537184,5.428790392,21.93848871,0,0,12.13273414,36.39820241,0,4.417150937,5.626990741,0,12.02796296,1.270740741,1.314675926,0,14.59296296,0,0,0,0,15,0,2,0,0,0,2,1,3,2,0,2,0,3,2.9462,59.99,0,0,0,0,0,0,0,0,0,0,2,2,0,0,0,0,2,0,Alc6,OC(CC1=CC=CC=C1)C2=CC=C(OC)C(OC)=C2,-7.88792468,1.04517451,110.5224158,10.26113757,-0.55351285,10.26113757,0.55351285,0.895699088,258.317,240.173,258.1255944,100,0.160584538,-0.49286995,0.49286995,0.160584538,0.947368421,1.631578947,2.263157895,16.50784068,10.0096787,2.117243407,-2.139118621,2.303972964,-2.023299719,5.433081291,0.177599354,2.170628056,522.7721843,13.66492594,11.16696938,11.16696938,9.240713403,6.182138051,6.182138051,4.319941212,4.319941212,3.064246236,3.064246236,2.015286458,2.015286458,-2,25290.51808,13.43209877,6.25,3.26326743,112.96959,14.5802533,0,11.49902367,0,0,0,0,36.39820241,23.25963712,6.420821623,20.32356147,14.5802533,0,12.52478801,14.21959508,59.65783953,11.49902367,9.473725908,11.49902367,0,19.32612248,6.420821623,0,17.23086937,48.53093655,0,38.69,6.103966388,5.106527395,0,17.91984529,11.12690298,0,14.21959508,48.53093655,0,9.473725908,10.42373952,0,0,10.26113757,1.922488846,1.296548879,15.38624764,0.026172761,0,3.183664782,0.25,19,1,3,0,0,2,0,2,3,1,3,5,2,2.9799,74.6518,1,1,0,0,0,2,0,0,2,2,0,10
PC9,O=C1C2=C(C=CC=C2)OC3=CC=CC=C31,-8.59541068,-0.57796164,4.0934,2.9348,12.02796296,0.034675926,12.02796296,0.034675926,0.517277127,196.205,188.141,196.0524295,72,0.200022192,-0.455817805,0.455817805,0.200022192,0.733333333,1.2,1.733333333,16.33472818,10.13715838,2.043988918,-1.98985329,2.167496211,-2.005822551,5.888395653,0.659741724,2.662766691,638.2898406,10.25071238,7.935298734,7.935298734,7.360173345,4.767072974,4.767072974,3.423505053,3.423505053,2.483286575,2.483286575,1.750001556,1.750001556,-2.09,4959.094332,8.237481995,2.953088807,1.148696934,85.76107111,4.417150937,11.16604028,0,5.428790392,0,4.794537184,0,0,24.26546827,24.26546827,0,10.77244843,4.417150937,21.93848871,0,0,0,58.75426412,0,5.428790392,0,0,0,0,0,0,57.74262467,0,21.93848871,30.21,0,4.794537184,5.428790392,21.93848871,0,0,12.13273414,36.39820241,0,4.417150937,5.626990741,0,12.02796296,1.270740741,1.314675926,0,14.59296296,0,0,0,0,15,0,2,0,0,0,2,1,3,2,0,2,0,3,2.9462,59.99,0,0,0,0,0,0,0,0,0,0,2,2,0,0,0,0,2,0,Alc7,OC(CC1=CC=CC=C1)C2=C(OC)C=CC=C2OC,-8.24683777,1.0149703,107.1841159,10.43783636,-0.658796296,10.43783636,0.52537037,0.895699088,258.317,240.173,258.1255944,100,0.127902095,-0.496228759,0.496228759,0.127902095,0.894736842,1.473684211,2,16.47797685,9.995068211,2.183895081,-2.176698553,2.348905965,-2.059889902,5.463673305,0.169084656,2.29696563,500.5221843,13.66492594,11.16696938,11.16696938,9.257550155,6.188121115,6.188121115,4.281728869,4.281728869,3.07104304,3.07104304,2.14772538,2.14772538,-2,25369.48259,13.43209877,6.25,3.0625,112.96959,14.5802533,11.49902367,0,0,0,0,0,36.39820241,17.69618563,6.420821623,25.88701296,14.5802533,0,12.52478801,14.21959508,59.65783953,11.49902367,9.473725908,11.49902367,0,19.32612248,6.420821623,0,17.23086937,48.53093655,0,38.69,6.103966388,5.106527395,0,23.48329678,5.563451492,0,14.21959508,48.53093655,0,9.473725908,10.61332861,0,0,10.43783636,1.763252079,1.282928005,15.35451247,-0.133425926,0,3.181568405,0.25,19,1,3,0,0,2,0,2,3,1,3,5,2,2.9799,74.6518,1,1,0,0,0,2,0,0,2,2,0,3
PC9,O=C1C2=C(C=CC=C2)OC3=CC=CC=C31,-8.59541068,-0.57796164,4.0934,2.9348,12.02796296,0.034675926,12.02796296,0.034675926,0.517277127,196.205,188.141,196.0524295,72,0.200022192,-0.455817805,0.455817805,0.200022192,0.733333333,1.2,1.733333333,16.33472818,10.13715838,2.043988918,-1.98985329,2.167496211,-2.005822551,5.888395653,0.659741724,2.662766691,638.2898406,10.25071238,7.935298734,7.935298734,7.360173345,4.767072974,4.767072974,3.423505053,3.423505053,2.483286575,2.483286575,1.750001556,1.750001556,-2.09,4959.094332,8.237481995,2.953088807,1.148696934,85.76107111,4.417150937,11.16604028,0,5.428790392,0,4.794537184,0,0,24.26546827,24.26546827,0,10.77244843,4.417150937,21.93848871,0,0,0,58.75426412,0,5.428790392,0,0,0,0,0,0,57.74262467,0,21.93848871,30.21,0,4.794537184,5.428790392,21.93848871,0,0,12.13273414,36.39820241,0,4.417150937,5.626990741,0,12.02796296,1.270740741,1.314675926,0,14.59296296,0,0,0,0,15,0,2,0,0,0,2,1,3,2,0,2,0,3,2.9462,59.99,0,0,0,0,0,0,0,0,0,0,2,2,0,0,0,0,2,0,Alc8,OC(CC1=CC=CC=C1)(C)C2=CC=C(OC)C=C2,-8.17772183,1.02993635,110.2274909,10.56200491,-0.867435752,10.56200491,0.597389692,0.892105667,242.318,224.174,242.1306798,94,0.118381372,-0.496768189,0.496768189,0.118381372,1,1.611111111,2.166666667,16.46530434,9.889503761,2.227971509,-2.238534935,2.263139458,-2.236217268,5.316379902,0.05756913,2.188427957,486.2652269,13.0102254,10.75872109,10.75872109,8.61532163,6.025136822,6.025136822,4.664730961,4.664730961,3.103088053,3.103088053,2.04546916,2.04546916,-1.8,13287.8363,12.65159546,5.233467659,2.901820229,107.8560448,9.843390349,5.749511833,0,0,0,0,0,42.46456948,30.18337432,6.420821623,12.71084835,9.843390349,0,18.94560963,7.109797541,65.7242066,5.749511833,4.736862954,5.749511833,0,12.21632494,12.02187243,0,18.05064018,54.59730362,0,29.46,5.601050811,5.106527395,0,6.420821623,16.87641482,0,7.109797541,61.52104082,0,4.736862954,5.118487728,0,0,10.56200491,1.151518986,0.80024177,17.54919827,0.597389692,1.835128496,1.636030145,0.25,18,1,2,0,0,2,0,2,2,1,2,4,2,3.1454,72.7108,1,0,0,0,0,2,0,0,1,1,0,0
PC9,O=C1C2=C(C=CC=C2)OC3=CC=CC=C31,-8.59541068,-0.57796164,4.0934,2.9348,12.02796296,0.034675926,12.02796296,0.034675926,0.517277127,196.205,188.141,196.0524295,72,0.200022192,-0.455817805,0.455817805,0.200022192,0.733333333,1.2,1.733333333,16.33472818,10.13715838,2.043988918,-1.98985329,2.167496211,-2.005822551,5.888395653,0.659741724,2.662766691,638.2898406,10.25071238,7.935298734,7.935298734,7.360173345,4.767072974,4.767072974,3.423505053,3.423505053,2.483286575,2.483286575,1.750001556,1.750001556,-2.09,4959.094332,8.237481995,2.953088807,1.148696934,85.76107111,4.417150937,11.16604028,0,5.428790392,0,4.794537184,0,0,24.26546827,24.26546827,0,10.77244843,4.417150937,21.93848871,0,0,0,58.75426412,0,5.428790392,0,0,0,0,0,0,57.74262467,0,21.93848871,30.21,0,4.794537184,5.428790392,21.93848871,0,0,12.13273414,36.39820241,0,4.417150937,5.626990741,0,12.02796296,1.270740741,1.314675926,0,14.59296296,0,0,0,0,15,0,2,0,0,0,2,1,3,2,0,2,0,3,2.9462,59.99,0,0,0,0,0,0,0,0,0,0,2,2,0,0,0,0,2,0,Alc9,OC(CC1=CC=CC=C1)(C)C2=CC(OC)=C(OC)C=C2,-7.83976121,1.02803158,110.3090658,10.72641534,-0.957435752,10.72641534,0.544963388,0.908372189,272.344,252.184,272.1412445,106,0.160595357,-0.492869947,0.492869947,0.160595357,0.95,1.6,2.2,16.50786391,9.886714685,2.244651992,-2.246767403,2.332200447,-2.238535517,5.4439743,0.057303819,2.290057545,561.7027291,14.58757567,12.08961911,12.08961911,9.564010035,6.554175925,6.554175925,5.005991953,5.005991953,3.396609945,3.396609945,2.266626138,2.266626138,-2,33330.10718,14.4099723,5.969821674,3.114186851,119.3345321,14.5802533,0,11.49902367,0,0,0,0,36.39820241,30.18337432,6.420821623,19.82064589,14.5802533,0,18.94560963,14.21959508,59.65783953,11.49902367,9.473725908,11.49902367,0,19.32612248,12.02187243,0,18.05064018,48.53093655,0,38.69,5.601050811,5.106527395,0,17.91984529,11.12690298,0,21.14333228,48.53093655,0,9.473725908,10.50166658,0,0,10.72641534,0.937275316,1.282497953,15.42937264,0.544963388,1.806795163,3.187680277,0.294117647,20,1,3,0,0,2,0,2,3,1,3,5,2,3.154,79.2628,1,0,0,0,0,2,0,0,2,2,0,0
PC9,O=C1C2=C(C=CC=C2)OC3=CC=CC=C31,-8.59541068,-0.57796164,4.0934,2.9348,12.02796296,0.034675926,12.02796296,0.034675926,0.517277127,196.205,188.141,196.0524295,72,0.200022192,-0.455817805,0.455817805,0.200022192,0.733333333,1.2,1.733333333,16.33472818,10.13715838,2.043988918,-1.98985329,2.167496211,-2.005822551,5.888395653,0.659741724,2.662766691,638.2898406,10.25071238,7.935298734,7.935298734,7.360173345,4.767072974,4.767072974,3.423505053,3.423505053,2.483286575,2.483286575,1.750001556,1.750001556,-2.09,4959.094332,8.237481995,2.953088807,1.148696934,85.76107111,4.417150937,11.16604028,0,5.428790392,0,4.794537184,0,0,24.26546827,24.26546827,0,10.77244843,4.417150937,21.93848871,0,0,0,58.75426412,0,5.428790392,0,0,0,0,0,0,57.74262467,0,21.93848871,30.21,0,4.794537184,5.428790392,21.93848871,0,0,12.13273414,36.39820241,0,4.417150937,5.626990741,0,12.02796296,1.270740741,1.314675926,0,14.59296296,0,0,0,0,15,0,2,0,0,0,2,1,3,2,0,2,0,3,2.9462,59.99,0,0,0,0,0,0,0,0,0,0,2,2,0,0,0,0,2,0,Alc10,OC(CC1=CC=CC=C1)C2=CC=CS2,-8.64139727,1.03292956,111.8150659,9.873253023,-0.363518519,9.873253023,0.363518519,0.814439084,204.294,192.198,204.060886,72,0.09216528,-0.38723214,0.38723214,0.09216528,1.071428571,1.857142857,2.5,32.13347352,10.07645264,2.078921369,-2.072307397,2.216794261,-1.983243765,7.095204082,0.182071194,2.055317991,366.4849572,9.803118619,7.75872109,8.575217671,6.860173345,4.614527515,5.494180326,3.220940058,4.200212366,2.143483815,3.117025632,1.418819851,2.130640812,-1.12,3066.32425,9.435606308,4.398850502,2.21844236,87.65297858,5.106527395,0,0,0,0,0,11.33678588,36.39820241,17.00988133,11.29796882,6.103966388,5.106527395,11.33678588,12.52478801,0,58.28523094,0,0,0,11.33678588,5.106527395,6.420821623,0,16.54456507,47.84463225,0,20.23,0,5.106527395,6.103966388,6.420821623,4.877147194,5.563451492,11.33678588,47.84463225,0,0,0,1.600269038,1.035975057,11.86288265,1.174444444,0,13.99416029,0.332268519,0,0,0.166666667,14,1,1,0,0,1,1,2,2,1,2,3,2,3.0242,59.4248,1,1,0,0,0,1,0,0,0,0,1,0
PC9,O=C1C2=C(C=CC=C2)OC3=CC=CC=C31,-8.59541068,-0.57796164,4.0934,2.9348,12.02796296,0.034675926,12.02796296,0.034675926,0.517277127,196.205,188.141,196.0524295,72,0.200022192,-0.455817805,0.455817805,0.200022192,0.733333333,1.2,1.733333333,16.33472818,10.13715838,2.043988918,-1.98985329,2.167496211,-2.005822551,5.888395653,0.659741724,2.662766691,638.2898406,10.25071238,7.935298734,7.935298734,7.360173345,4.767072974,4.767072974,3.423505053,3.423505053,2.483286575,2.483286575,1.750001556,1.750001556,-2.09,4959.094332,8.237481995,2.953088807,1.148696934,85.76107111,4.417150937,11.16604028,0,5.428790392,0,4.794537184,0,0,24.26546827,24.26546827,0,10.77244843,4.417150937,21.93848871,0,0,0,58.75426412,0,5.428790392,0,0,0,0,0,0,57.74262467,0,21.93848871,30.21,0,4.794537184,5.428790392,21.93848871,0,0,12.13273414,36.39820241,0,4.417150937,5.626990741,0,12.02796296,1.270740741,1.314675926,0,14.59296296,0,0,0,0,15,0,2,0,0,0,2,1,3,2,0,2,0,3,2.9462,59.99,0,0,0,0,0,0,0,0,0,0,2,2,0,0,0,0,2,0,Alc11,OC(CC1=CC=CC=C1)C2=CC=C3C(C=CC=C3)=C2,-8.12765359,0.32353879,110.1333659,10.33341648,-0.451846183,10.33341648,0.451846183,0.739012436,248.325,232.197,248.1201151,94,0.083009866,-0.388071663,0.388071663,0.083009866,0.736842105,1.421052632,2.210526316,16.26608468,9.986417292,2.083747824,-2.117047312,2.224950035,-2.010327051,5.82588213,0.178379756,1.869464155,673.3497853,13.0791395,10.65987388,10.65987388,9.32649984,6.534743449,6.534743449,4.812108497,4.812108497,3.430171422,3.430171422,2.370271693,2.370271693,-2.12,36765.48652,11.94179079,5.249619382,2.66527869,112.6942798,5.106527395,0,0,0,0,0,0,66.73003775,27.96571848,6.420821623,6.103966388,5.106527395,10.77244843,12.52478801,0,83.9233078,0,0,0,0,5.106527395,6.420821623,0,17.23086937,72.79640482,10.77244843,20.23,6.103966388,5.106527395,0,6.420821623,11.12690298,10.77244843,0,48.53093655,24.26546827,0,0,0,0,12.71329869,2.130288591,0,24.45629438,0.200118339,0,0,0.111111111,19,1,1,0,0,3,0,3,1,1,1,3,3,4.1159,79.0538,1,1,0,0,0,3,1,0,0,0,0,0
PC9,O=C1C2=C(C=CC=C2)OC3=CC=CC=C31,-8.59541068,-0.57796164,4.0934,2.9348,12.02796296,0.034675926,12.02796296,0.034675926,0.517277127,196.205,188.141,196.0524295,72,0.200022192,-0.455817805,0.455817805,0.200022192,0.733333333,1.2,1.733333333,16.33472818,10.13715838,2.043988918,-1.98985329,2.167496211,-2.005822551,5.888395653,0.659741724,2.662766691,638.2898406,10.25071238,7.935298734,7.935298734,7.360173345,4.767072974,4.767072974,3.423505053,3.423505053,2.483286575,2.483286575,1.750001556,1.750001556,-2.09,4959.094332,8.237481995,2.953088807,1.148696934,85.76107111,4.417150937,11.16604028,0,5.428790392,0,4.794537184,0,0,24.26546827,24.26546827,0,10.77244843,4.417150937,21.93848871,0,0,0,58.75426412,0,5.428790392,0,0,0,0,0,0,57.74262467,0,21.93848871,30.21,0,4.794537184,5.428790392,21.93848871,0,0,12.13273414,36.39820241,0,4.417150937,5.626990741,0,12.02796296,1.270740741,1.314675926,0,14.59296296,0,0,0,0,15,0,2,0,0,0,2,1,3,2,0,2,0,3,2.9462,59.99,0,0,0,0,0,0,0,0,0,0,2,2,0,0,0,0,2,0,Alc12,OC(CC1=CC=CC=C1)C2=C3C(C=CC=C3)=CC=C2,-8.02670078,0.27891275,110.2902409,10.47196901,-0.464351852,10.47196901,0.464351852,0.739012436,248.325,232.197,248.1201151,94,0.083586962,-0.388048921,0.388048921,0.083586962,0.736842105,1.421052632,2.263157895,16.2661245,9.961087362,2.108514386,-2.135341267,2.259726004,-2.019364071,5.854953123,0.179785723,1.955927549,668.0997853,13.0791395,10.65987388,10.65987388,9.343336593,6.540726513,6.540726513,4.773896154,4.773896154,3.454236172,3.454236172,2.488346906,2.488346906,-2.12,37234.02226,11.94179079,5.249619382,2.514643812,112.6942798,5.106527395,0,0,0,0,0,0,72.79640482,21.89935141,6.420821623,6.103966388,5.106527395,10.77244843,12.52478801,0,83.9233078,0,0,0,0,5.106527395,6.420821623,0,17.23086937,72.79640482,10.77244843,20.23,6.103966388,5.106527395,0,6.420821623,16.5131272,5.386224214,0,54.59730362,18.19910121,0,0,0,0,12.77802716,2.157303005,0,24.3813554,0.183314437,0,0,0.111111111,19,1,1,0,0,3,0,3,1,1,1,3,3,4.1159,79.0538,1,1,0,0,0,3,1,0,0,0,0,0
PC9,O=C1C2=C(C=CC=C2)OC3=CC=CC=C31,-8.59541068,-0.57796164,4.0934,2.9348,12.02796296,0.034675926,12.02796296,0.034675926,0.517277127,196.205,188.141,196.0524295,72,0.200022192,-0.455817805,0.455817805,0.200022192,0.733333333,1.2,1.733333333,16.33472818,10.13715838,2.043988918,-1.98985329,2.167496211,-2.005822551,5.888395653,0.659741724,2.662766691,638.2898406,10.25071238,7.935298734,7.935298734,7.360173345,4.767072974,4.767072974,3.423505053,3.423505053,2.483286575,2.483286575,1.750001556,1.750001556,-2.09,4959.094332,8.237481995,2.953088807,1.148696934,85.76107111,4.417150937,11.16604028,0,5.428790392,0,4.794537184,0,0,24.26546827,24.26546827,0,10.77244843,4.417150937,21.93848871,0,0,0,58.75426412,0,5.428790392,0,0,0,0,0,0,57.74262467,0,21.93848871,30.21,0,4.794537184,5.428790392,21.93848871,0,0,12.13273414,36.39820241,0,4.417150937,5.626990741,0,12.02796296,1.270740741,1.314675926,0,14.59296296,0,0,0,0,15,0,2,0,0,0,2,1,3,2,0,2,0,3,2.9462,59.99,0,0,0,0,0,0,0,0,0,0,2,2,0,0,0,0,2,0,Alc13,OC(CC1=CC=CC=C1)C2=CC(OCO3)=C3C=C2,-7.9864285,1.08381413,109.9953158,10.20884165,-0.526018519,10.20884165,0.257507114,0.898944943,242.274,228.162,242.0942943,92,0.230800378,-0.453595466,0.453595466,0.230800378,1,1.777777778,2.611111111,16.69672243,10.01045676,2.161838013,-2.112079703,2.342342866,-2.01108597,5.447982472,0.171222171,1.782012697,536.689907,12.37203272,9.874076162,9.874076162,8.82649984,5.942991739,5.942991739,4.318219186,4.318219186,3.053275195,3.053275195,2.075602865,2.075602865,-2,27276.07585,11.11111111,4.704,2.172635445,105.5988167,14.5802533,0,11.49902367,6.792942306,0,0,0,36.39820241,23.25963712,6.420821623,6.103966388,14.5802533,0,12.52478801,6.792942306,59.65783953,11.49902367,9.473725908,11.49902367,0,11.8994697,6.420821623,0,17.23086937,48.53093655,0,38.69,6.103966388,5.106527395,6.792942306,12.17033346,16.87641482,0,0,48.53093655,0,9.473725908,10.55373952,0,0,10.20884165,1.963675831,1.449326657,15.49522555,0.071683673,0.257507114,0,0.2,18,1,3,1,1,2,0,2,3,1,3,3,3,2.6914,67.6708,1,1,0,0,0,2,1,0,2,0,0,1
PC9,O=C1C2=C(C=CC=C2)OC3=CC=CC=C31,-8.59541068,-0.57796164,4.0934,2.9348,12.02796296,0.034675926,12.02796296,0.034675926,0.517277127,196.205,188.141,196.0524295,72,0.200022192,-0.455817805,0.455817805,0.200022192,0.733333333,1.2,1.733333333,16.33472818,10.13715838,2.043988918,-1.98985329,2.167496211,-2.005822551,5.888395653,0.659741724,2.662766691,638.2898406,10.25071238,7.935298734,7.935298734,7.360173345,4.767072974,4.767072974,3.423505053,3.423505053,2.483286575,2.483286575,1.750001556,1.750001556,-2.09,4959.094332,8.237481995,2.953088807,1.148696934,85.76107111,4.417150937,11.16604028,0,5.428790392,0,4.794537184,0,0,24.26546827,24.26546827,0,10.77244843,4.417150937,21.93848871,0,0,0,58.75426412,0,5.428790392,0,0,0,0,0,0,57.74262467,0,21.93848871,30.21,0,4.794537184,5.428790392,21.93848871,0,0,12.13273414,36.39820241,0,4.417150937,5.626990741,0,12.02796296,1.270740741,1.314675926,0,14.59296296,0,0,0,0,15,0,2,0,0,0,2,1,3,2,0,2,0,3,2.9462,59.99,0,0,0,0,0,0,0,0,0,0,2,2,0,0,0,0,2,0,Alc14,OC(CC1=CC=CC=C1)C2=CC=C3C(OCCO3)=C2,-8.04792536,1.06912019,110.6792909,10.27915415,-0.529419879,10.27915415,0.529419879,0.917331086,256.301,240.173,256.1099444,98,0.161229612,-0.486147273,0.486147273,0.161229612,0.947368421,1.684210526,2.473684211,16.56262844,10.00869622,2.151138065,-2.198867245,2.32807113,-2.153791222,5.441928646,0.164210297,1.779518637,551.1754333,13.0791395,10.58118294,10.58118294,9.32649984,6.442991739,6.442991739,4.608616347,4.608616347,3.222881543,3.222881543,2.222419671,2.222419671,-2,36765.48652,12.05540166,5.325443787,2.712802768,111.9637588,14.5802533,13.21376393,11.49902367,0,0,0,0,36.39820241,23.25963712,6.420821623,6.103966388,14.5802533,0,12.52478801,13.21376393,59.65783953,11.49902367,9.473725908,11.49902367,0,18.32029132,6.420821623,0,17.23086937,48.53093655,0,38.69,6.103966388,5.106527395,0,19.63458555,22.62592665,0,0,48.53093655,0,9.473725908,10.99818397,0,0,10.27915415,1.970363074,1.47015999,15.57085113,0.068282313,1.14300538,0,0.25,19,1,3,1,1,2,0,2,3,1,3,3,3,2.7339,72.5378,1,1,0,0,0,2,1,0,2,0,0,0
PC10,O=C1C2=C(C=CC=C2)C3=C1C=CC=C3,-8.50833548,-0.98639875,3.4198,2.1715,11.88796296,0.149259259,11.88796296,0.149259259,0.519529369,180.206,172.142,180.0575149,66,0.193771752,-0.288567117,0.288567117,0.193771752,0.571428571,0.928571429,1.357142857,16.13859365,10.06881928,2.242827986,-1.960629754,2.350748791,-1.930946094,6.210775978,0.103864622,2.416126769,478.7637017,9.543605595,7.527050444,7.527050444,6.877010098,4.608824684,4.608824684,3.420291709,3.420291709,2.63355254,2.63355254,1.977053987,1.977053987,-1.89,3568.990544,7.507895748,2.548237506,0.813780536,82.00913039,0,0,5.783244946,0,0,4.794537184,0,0,48.53093655,11.12690298,11.12690298,0,4.794537184,5.783244946,0,0,0,59.65783953,11.12690298,0,0,0,0,5.783244946,0,15.92144017,48.53093655,0,11.12690298,17.07,0,4.794537184,5.783244946,0,22.25380597,0,0,48.53093655,0,0,0,0,11.88796296,0,3.781111111,0.149259259,15.515,0,0,0,0,14,0,1,1,0,1,2,0,2,1,0,1,0,3,2.898,55.3105,0,0,1,1,0,0,0,0,0,0,2,3,0,0,1,0,0,0,Alc1,OC(CC1=CC=CC=C1)C2=CC=C(C(OC)=O)C=C2,-8.93854139,0.12353794,110.2839659,11.30088219,-0.574910242,11.30088219,0.371204472,0.855519056,256.301,240.173,256.1099444,98,0.337341793,-0.465417521,0.465417521,0.337341793,1.105263158,1.736842105,2.315789474,16.52329338,10.00323688,2.100617015,-2.111125286,2.185198708,-2.040609497,5.887593188,0.060023834,2.073681425,531.6803208,13.66492594,10.74431965,10.74431965,9.2027086,6.107223094,6.107223094,4.319110573,4.319110573,2.988430816,2.988430816,1.914407383,1.914407383,-2.13,25130.04108,13.30515172,6.15877057,3.421837675,112.0175669,9.843390349,0,0,0,5.969305288,4.794537184,0,42.46456948,23.25963712,6.420821623,18.77721542,14.63792753,5.969305288,12.52478801,7.109797541,71.28765809,0,0,0,0,18.18563022,11.15768458,0,27.58885805,54.59730362,0,46.53,6.103966388,9.901064579,5.969305288,11.98427311,11.12690298,7.109797541,24.26546827,30.33183534,4.736862954,0,4.630823061,0,11.30088219,10.14446232,2.348807109,-0.371204472,16.61944778,-0.020931201,0,1.347713215,0.1875,19,1,3,0,0,2,0,2,3,1,3,4,2,2.7493,72.8873,1,1,1,1,0,2,0,1,1,1,0,1
PC10,O=C1C2=C(C=CC=C2)C3=C1C=CC=C3,-8.50833548,-0.98639875,3.4198,2.1715,11.88796296,0.149259259,11.88796296,0.149259259,0.519529369,180.206,172.142,180.0575149,66,0.193771752,-0.288567117,0.288567117,0.193771752,0.571428571,0.928571429,1.357142857,16.13859365,10.06881928,2.242827986,-1.960629754,2.350748791,-1.930946094,6.210775978,0.103864622,2.416126769,478.7637017,9.543605595,7.527050444,7.527050444,6.877010098,4.608824684,4.608824684,3.420291709,3.420291709,2.63355254,2.63355254,1.977053987,1.977053987,-1.89,3568.990544,7.507895748,2.548237506,0.813780536,82.00913039,0,0,5.783244946,0,0,4.794537184,0,0,48.53093655,11.12690298,11.12690298,0,4.794537184,5.783244946,0,0,0,59.65783953,11.12690298,0,0,0,0,5.783244946,0,15.92144017,48.53093655,0,11.12690298,17.07,0,4.794537184,5.783244946,0,22.25380597,0,0,48.53093655,0,0,0,0,11.88796296,0,3.781111111,0.149259259,15.515,0,0,0,0,14,0,1,1,0,1,2,0,2,1,0,1,0,3,2.898,55.3105,0,0,1,1,0,0,0,0,0,0,2,3,0,0,1,0,0,0,Alc2,OC(CC1=CC=CC=C1)C2=CC=CC=C2,-8.90697663,1.05415414,110.1584658,9.973947468,-0.408703704,9.973947468,0.408703704,0.803505173,198.265,184.153,198.1044651,76,0.08298805,-0.388072044,0.388072044,0.08298805,0.8,1.333333333,1.933333333,16.26607617,10.01729244,2.063045969,-2.099774891,2.167902087,-2.005146996,5.216146633,0.178227923,2.078451608,394.1985815,10.5102254,8.505173338,8.505173338,7.360173345,5.13004291,5.13004291,3.616204083,3.616204083,2.456222038,2.456222038,1.630392829,1.630392829,-1.6,4035.300847,9.936265432,4.759877127,2.672959184,90.01261531,5.106527395,0,0,0,0,0,0,60.66367068,11.12690298,6.420821623,6.103966388,5.106527395,0,12.52478801,0,71.79057367,0,0,0,0,5.106527395,6.420821623,0,17.23086937,60.66367068,0,20.23,6.103966388,5.106527395,0,6.420821623,11.12690298,0,0,60.66367068,0,0,0,0,0,9.973947468,2.134450113,0,19.79549131,0.262777778,0,0,0.142857143,15,1,1,0,0,2,0,2,1,1,1,3,2,2.9627,61.5478,1,1,0,0,0,2,0,0,0,0,0,0
PC10,O=C1C2=C(C=CC=C2)C3=C1C=CC=C3,-8.50833548,-0.98639875,3.4198,2.1715,11.88796296,0.149259259,11.88796296,0.149259259,0.519529369,180.206,172.142,180.0575149,66,0.193771752,-0.288567117,0.288567117,0.193771752,0.571428571,0.928571429,1.357142857,16.13859365,10.06881928,2.242827986,-1.960629754,2.350748791,-1.930946094,6.210775978,0.103864622,2.416126769,478.7637017,9.543605595,7.527050444,7.527050444,6.877010098,4.608824684,4.608824684,3.420291709,3.420291709,2.63355254,2.63355254,1.977053987,1.977053987,-1.89,3568.990544,7.507895748,2.548237506,0.813780536,82.00913039,0,0,5.783244946,0,0,4.794537184,0,0,48.53093655,11.12690298,11.12690298,0,4.794537184,5.783244946,0,0,0,59.65783953,11.12690298,0,0,0,0,5.783244946,0,15.92144017,48.53093655,0,11.12690298,17.07,0,4.794537184,5.783244946,0,22.25380597,0,0,48.53093655,0,0,0,0,11.88796296,0,3.781111111,0.149259259,15.515,0,0,0,0,14,0,1,1,0,1,2,0,2,1,0,1,0,3,2.898,55.3105,0,0,1,1,0,0,0,0,0,0,2,3,0,0,1,0,0,0,Alc3,OC(CC1=CC=CC=C1)C2=CC=C(C3=CC=CC=C3)C=C2,-8.36030764,0.54884587,110.1647408,10.33540753,-0.4609043,10.33540753,0.4609043,0.735116307,274.363,256.219,274.1357652,104,0.082988753,-0.388072038,0.388072038,0.082988753,0.619047619,1.142857143,1.761904762,16.26608329,9.982653574,2.08184519,-2.117053785,2.231560759,-2.009876154,5.629945447,0.178242278,1.7483318,672.0487817,14.49335306,11.81457441,11.81457441,10.32649984,7.201410115,7.201410115,5.193554353,5.193554353,3.674455551,3.674455551,2.483526522,2.483526522,-2.38,104293.4243,13.59609414,6.379998763,3.388286558,125.0697095,5.106527395,0,0,0,0,0,0,84.92913896,22.25380597,6.420821623,6.103966388,5.106527395,0,12.52478801,0,96.05604194,11.12690298,0,0,0,5.106527395,6.420821623,0,17.23086937,84.92913896,11.12690298,20.23,6.103966388,5.106527395,0,6.420821623,11.12690298,11.12690298,0,60.66367068,24.26546827,0,0,0,0,10.33540753,4.475491082,0,28.50563698,0.183464401,0,0,0.1,21,1,1,0,0,3,0,3,1,1,1,4,3,4.6297,86.9838,1,1,0,0,0,3,0,0,0,0,0,0
PC10,O=C1C2=C(C=CC=C2)C3=C1C=CC=C3,-8.50833548,-0.98639875,3.4198,2.1715,11.88796296,0.149259259,11.88796296,0.149259259,0.519529369,180.206,172.142,180.0575149,66,0.193771752,-0.288567117,0.288567117,0.193771752,0.571428571,0.928571429,1.357142857,16.13859365,10.06881928,2.242827986,-1.960629754,2.350748791,-1.930946094,6.210775978,0.103864622,2.416126769,478.7637017,9.543605595,7.527050444,7.527050444,6.877010098,4.608824684,4.608824684,3.420291709,3.420291709,2.63355254,2.63355254,1.977053987,1.977053987,-1.89,3568.990544,7.507895748,2.548237506,0.813780536,82.00913039,0,0,5.783244946,0,0,4.794537184,0,0,48.53093655,11.12690298,11.12690298,0,4.794537184,5.783244946,0,0,0,59.65783953,11.12690298,0,0,0,0,5.783244946,0,15.92144017,48.53093655,0,11.12690298,17.07,0,4.794537184,5.783244946,0,22.25380597,0,0,48.53093655,0,0,0,0,11.88796296,0,3.781111111,0.149259259,15.515,0,0,0,0,14,0,1,1,0,1,2,0,2,1,0,1,0,3,2.898,55.3105,0,0,1,1,0,0,0,0,0,0,2,3,0,0,1,0,0,0,Alc4,OC(CC1=CC=CC=C1)C2=CC=C(C)C=C2,-8.66833616,1.06231744,110.0894409,10.06483938,-0.413888889,10.06483938,0.413888889,0.827496934,212.292,196.164,212.1201151,82,0.082988375,-0.388072041,0.388072041,0.082988375,0.9375,1.5625,2.1875,16.26607839,10.0062892,2.069742142,-2.107210664,2.178966078,-2.009250363,5.250301887,0.178214004,2.085070945,430.7519476,11.38046889,9.427823069,9.427823069,7.754020195,5.540726513,5.540726513,4.116204083,4.116204083,2.733999816,2.733999816,1.743806823,1.743806823,-1.6,5689.016293,10.90261427,4.950941945,2.706772373,96.37755742,5.106527395,0,0,0,0,0,0,60.16075511,18.05064018,6.420821623,6.103966388,5.106527395,0,19.44852521,0,71.28765809,0,0,0,0,5.106527395,6.420821623,6.9237372,22.79432086,54.59730362,0,20.23,6.103966388,5.106527395,0,6.420821623,11.12690298,5.563451492,0,61.52104082,0,0,0,0,0,10.06483938,3.361749234,0,18.101132,0.25664777,2.048964947,0,0.2,16,1,1,0,0,2,0,2,1,1,1,3,2,3.27112,66.2848,1,1,0,0,1,2,0,0,0,0,0,0
PC10,O=C1C2=C(C=CC=C2)C3=C1C=CC=C3,-8.50833548,-0.98639875,3.4198,2.1715,11.88796296,0.149259259,11.88796296,0.149259259,0.519529369,180.206,172.142,180.0575149,66,0.193771752,-0.288567117,0.288567117,0.193771752,0.571428571,0.928571429,1.357142857,16.13859365,10.06881928,2.242827986,-1.960629754,2.350748791,-1.930946094,6.210775978,0.103864622,2.416126769,478.7637017,9.543605595,7.527050444,7.527050444,6.877010098,4.608824684,4.608824684,3.420291709,3.420291709,2.63355254,2.63355254,1.977053987,1.977053987,-1.89,3568.990544,7.507895748,2.548237506,0.813780536,82.00913039,0,0,5.783244946,0,0,4.794537184,0,0,48.53093655,11.12690298,11.12690298,0,4.794537184,5.783244946,0,0,0,59.65783953,11.12690298,0,0,0,0,5.783244946,0,15.92144017,48.53093655,0,11.12690298,17.07,0,4.794537184,5.783244946,0,22.25380597,0,0,48.53093655,0,0,0,0,11.88796296,0,3.781111111,0.149259259,15.515,0,0,0,0,14,0,1,1,0,1,2,0,2,1,0,1,0,3,2.898,55.3105,0,0,1,1,0,0,0,0,0,0,2,3,0,0,1,0,0,0,Alc5,OC(CC1=CC=CC=C1)C2=CC=C(OC)C=C2,-8.23187172,1.04735139,110.4094658,10.09672714,-0.469160998,10.09672714,0.469160998,0.871362138,228.291,212.163,228.1150298,88,0.118381005,-0.496768192,0.496768192,0.118381005,1,1.647058824,2.235294118,16.46529396,10.01448176,2.0766339,-2.111463059,2.203362817,-2.010311168,5.291757737,0.178131117,2.062926536,448.1078528,12.08757567,9.836071359,9.836071359,8.292024998,5.653098949,5.653098949,3.97868022,3.97868022,2.772451507,2.772451507,1.781264301,1.781264301,-1.8,10090.55557,11.67858558,5.50509078,3.078969757,101.4911027,9.843390349,5.749511833,0,0,0,0,0,42.46456948,23.25963712,6.420821623,13.21376393,9.843390349,0,12.52478801,7.109797541,65.7242066,5.749511833,4.736862954,5.749511833,0,12.21632494,6.420821623,0,17.23086937,54.59730362,0,29.46,6.103966388,5.106527395,0,6.420821623,16.87641482,0,7.109797541,54.59730362,0,4.736862954,5.085560668,0,0,10.09672714,2.046732516,0.806167695,17.50086494,0.162950916,0,1.634329465,0.2,17,1,2,0,0,2,0,2,2,1,2,4,2,2.9713,68.0998,1,1,0,0,0,2,0,0,1,1,0,6
PC10,O=C1C2=C(C=CC=C2)C3=C1C=CC=C3,-8.50833548,-0.98639875,3.4198,2.1715,11.88796296,0.149259259,11.88796296,0.149259259,0.519529369,180.206,172.142,180.0575149,66,0.193771752,-0.288567117,0.288567117,0.193771752,0.571428571,0.928571429,1.357142857,16.13859365,10.06881928,2.242827986,-1.960629754,2.350748791,-1.930946094,6.210775978,0.103864622,2.416126769,478.7637017,9.543605595,7.527050444,7.527050444,6.877010098,4.608824684,4.608824684,3.420291709,3.420291709,2.63355254,2.63355254,1.977053987,1.977053987,-1.89,3568.990544,7.507895748,2.548237506,0.813780536,82.00913039,0,0,5.783244946,0,0,4.794537184,0,0,48.53093655,11.12690298,11.12690298,0,4.794537184,5.783244946,0,0,0,59.65783953,11.12690298,0,0,0,0,5.783244946,0,15.92144017,48.53093655,0,11.12690298,17.07,0,4.794537184,5.783244946,0,22.25380597,0,0,48.53093655,0,0,0,0,11.88796296,0,3.781111111,0.149259259,15.515,0,0,0,0,14,0,1,1,0,1,2,0,2,1,0,1,0,3,2.898,55.3105,0,0,1,1,0,0,0,0,0,0,2,3,0,0,1,0,0,0,Alc6,OC(CC1=CC=CC=C1)C2=CC=C(OC)C(OC)=C2,-7.88792468,1.04517451,110.5224158,10.26113757,-0.55351285,10.26113757,0.55351285,0.895699088,258.317,240.173,258.1255944,100,0.160584538,-0.49286995,0.49286995,0.160584538,0.947368421,1.631578947,2.263157895,16.50784068,10.0096787,2.117243407,-2.139118621,2.303972964,-2.023299719,5.433081291,0.177599354,2.170628056,522.7721843,13.66492594,11.16696938,11.16696938,9.240713403,6.182138051,6.182138051,4.319941212,4.319941212,3.064246236,3.064246236,2.015286458,2.015286458,-2,25290.51808,13.43209877,6.25,3.26326743,112.96959,14.5802533,0,11.49902367,0,0,0,0,36.39820241,23.25963712,6.420821623,20.32356147,14.5802533,0,12.52478801,14.21959508,59.65783953,11.49902367,9.473725908,11.49902367,0,19.32612248,6.420821623,0,17.23086937,48.53093655,0,38.69,6.103966388,5.106527395,0,17.91984529,11.12690298,0,14.21959508,48.53093655,0,9.473725908,10.42373952,0,0,10.26113757,1.922488846,1.296548879,15.38624764,0.026172761,0,3.183664782,0.25,19,1,3,0,0,2,0,2,3,1,3,5,2,2.9799,74.6518,1,1,0,0,0,2,0,0,2,2,0,3
PC10,O=C1C2=C(C=CC=C2)C3=C1C=CC=C3,-8.50833548,-0.98639875,3.4198,2.1715,11.88796296,0.149259259,11.88796296,0.149259259,0.519529369,180.206,172.142,180.0575149,66,0.193771752,-0.288567117,0.288567117,0.193771752,0.571428571,0.928571429,1.357142857,16.13859365,10.06881928,2.242827986,-1.960629754,2.350748791,-1.930946094,6.210775978,0.103864622,2.416126769,478.7637017,9.543605595,7.527050444,7.527050444,6.877010098,4.608824684,4.608824684,3.420291709,3.420291709,2.63355254,2.63355254,1.977053987,1.977053987,-1.89,3568.990544,7.507895748,2.548237506,0.813780536,82.00913039,0,0,5.783244946,0,0,4.794537184,0,0,48.53093655,11.12690298,11.12690298,0,4.794537184,5.783244946,0,0,0,59.65783953,11.12690298,0,0,0,0,5.783244946,0,15.92144017,48.53093655,0,11.12690298,17.07,0,4.794537184,5.783244946,0,22.25380597,0,0,48.53093655,0,0,0,0,11.88796296,0,3.781111111,0.149259259,15.515,0,0,0,0,14,0,1,1,0,1,2,0,2,1,0,1,0,3,2.898,55.3105,0,0,1,1,0,0,0,0,0,0,2,3,0,0,1,0,0,0,Alc7,OC(CC1=CC=CC=C1)C2=C(OC)C=CC=C2OC,-8.24683777,1.0149703,107.1841159,10.43783636,-0.658796296,10.43783636,0.52537037,0.895699088,258.317,240.173,258.1255944,100,0.127902095,-0.496228759,0.496228759,0.127902095,0.894736842,1.473684211,2,16.47797685,9.995068211,2.183895081,-2.176698553,2.348905965,-2.059889902,5.463673305,0.169084656,2.29696563,500.5221843,13.66492594,11.16696938,11.16696938,9.257550155,6.188121115,6.188121115,4.281728869,4.281728869,3.07104304,3.07104304,2.14772538,2.14772538,-2,25369.48259,13.43209877,6.25,3.0625,112.96959,14.5802533,11.49902367,0,0,0,0,0,36.39820241,17.69618563,6.420821623,25.88701296,14.5802533,0,12.52478801,14.21959508,59.65783953,11.49902367,9.473725908,11.49902367,0,19.32612248,6.420821623,0,17.23086937,48.53093655,0,38.69,6.103966388,5.106527395,0,23.48329678,5.563451492,0,14.21959508,48.53093655,0,9.473725908,10.61332861,0,0,10.43783636,1.763252079,1.282928005,15.35451247,-0.133425926,0,3.181568405,0.25,19,1,3,0,0,2,0,2,3,1,3,5,2,2.9799,74.6518,1,1,0,0,0,2,0,0,2,2,0,2
PC10,O=C1C2=C(C=CC=C2)C3=C1C=CC=C3,-8.50833548,-0.98639875,3.4198,2.1715,11.88796296,0.149259259,11.88796296,0.149259259,0.519529369,180.206,172.142,180.0575149,66,0.193771752,-0.288567117,0.288567117,0.193771752,0.571428571,0.928571429,1.357142857,16.13859365,10.06881928,2.242827986,-1.960629754,2.350748791,-1.930946094,6.210775978,0.103864622,2.416126769,478.7637017,9.543605595,7.527050444,7.527050444,6.877010098,4.608824684,4.608824684,3.420291709,3.420291709,2.63355254,2.63355254,1.977053987,1.977053987,-1.89,3568.990544,7.507895748,2.548237506,0.813780536,82.00913039,0,0,5.783244946,0,0,4.794537184,0,0,48.53093655,11.12690298,11.12690298,0,4.794537184,5.783244946,0,0,0,59.65783953,11.12690298,0,0,0,0,5.783244946,0,15.92144017,48.53093655,0,11.12690298,17.07,0,4.794537184,5.783244946,0,22.25380597,0,0,48.53093655,0,0,0,0,11.88796296,0,3.781111111,0.149259259,15.515,0,0,0,0,14,0,1,1,0,1,2,0,2,1,0,1,0,3,2.898,55.3105,0,0,1,1,0,0,0,0,0,0,2,3,0,0,1,0,0,0,Alc8,OC(CC1=CC=CC=C1)(C)C2=CC=C(OC)C=C2,-8.17772183,1.02993635,110.2274909,10.56200491,-0.867435752,10.56200491,0.597389692,0.892105667,242.318,224.174,242.1306798,94,0.118381372,-0.496768189,0.496768189,0.118381372,1,1.611111111,2.166666667,16.46530434,9.889503761,2.227971509,-2.238534935,2.263139458,-2.236217268,5.316379902,0.05756913,2.188427957,486.2652269,13.0102254,10.75872109,10.75872109,8.61532163,6.025136822,6.025136822,4.664730961,4.664730961,3.103088053,3.103088053,2.04546916,2.04546916,-1.8,13287.8363,12.65159546,5.233467659,2.901820229,107.8560448,9.843390349,5.749511833,0,0,0,0,0,42.46456948,30.18337432,6.420821623,12.71084835,9.843390349,0,18.94560963,7.109797541,65.7242066,5.749511833,4.736862954,5.749511833,0,12.21632494,12.02187243,0,18.05064018,54.59730362,0,29.46,5.601050811,5.106527395,0,6.420821623,16.87641482,0,7.109797541,61.52104082,0,4.736862954,5.118487728,0,0,10.56200491,1.151518986,0.80024177,17.54919827,0.597389692,1.835128496,1.636030145,0.25,18,1,2,0,0,2,0,2,2,1,2,4,2,3.1454,72.7108,1,0,0,0,0,2,0,0,1,1,0,1
PC10,O=C1C2=C(C=CC=C2)C3=C1C=CC=C3,-8.50833548,-0.98639875,3.4198,2.1715,11.88796296,0.149259259,11.88796296,0.149259259,0.519529369,180.206,172.142,180.0575149,66,0.193771752,-0.288567117,0.288567117,0.193771752,0.571428571,0.928571429,1.357142857,16.13859365,10.06881928,2.242827986,-1.960629754,2.350748791,-1.930946094,6.210775978,0.103864622,2.416126769,478.7637017,9.543605595,7.527050444,7.527050444,6.877010098,4.608824684,4.608824684,3.420291709,3.420291709,2.63355254,2.63355254,1.977053987,1.977053987,-1.89,3568.990544,7.507895748,2.548237506,0.813780536,82.00913039,0,0,5.783244946,0,0,4.794537184,0,0,48.53093655,11.12690298,11.12690298,0,4.794537184,5.783244946,0,0,0,59.65783953,11.12690298,0,0,0,0,5.783244946,0,15.92144017,48.53093655,0,11.12690298,17.07,0,4.794537184,5.783244946,0,22.25380597,0,0,48.53093655,0,0,0,0,11.88796296,0,3.781111111,0.149259259,15.515,0,0,0,0,14,0,1,1,0,1,2,0,2,1,0,1,0,3,2.898,55.3105,0,0,1,1,0,0,0,0,0,0,2,3,0,0,1,0,0,0,Alc9,OC(CC1=CC=CC=C1)(C)C2=CC(OC)=C(OC)C=C2,-7.83976121,1.02803158,110.3090658,10.72641534,-0.957435752,10.72641534,0.544963388,0.908372189,272.344,252.184,272.1412445,106,0.160595357,-0.492869947,0.492869947,0.160595357,0.95,1.6,2.2,16.50786391,9.886714685,2.244651992,-2.246767403,2.332200447,-2.238535517,5.4439743,0.057303819,2.290057545,561.7027291,14.58757567,12.08961911,12.08961911,9.564010035,6.554175925,6.554175925,5.005991953,5.005991953,3.396609945,3.396609945,2.266626138,2.266626138,-2,33330.10718,14.4099723,5.969821674,3.114186851,119.3345321,14.5802533,0,11.49902367,0,0,0,0,36.39820241,30.18337432,6.420821623,19.82064589,14.5802533,0,18.94560963,14.21959508,59.65783953,11.49902367,9.473725908,11.49902367,0,19.32612248,12.02187243,0,18.05064018,48.53093655,0,38.69,5.601050811,5.106527395,0,17.91984529,11.12690298,0,21.14333228,48.53093655,0,9.473725908,10.50166658,0,0,10.72641534,0.937275316,1.282497953,15.42937264,0.544963388,1.806795163,3.187680277,0.294117647,20,1,3,0,0,2,0,2,3,1,3,5,2,3.154,79.2628,1,0,0,0,0,2,0,0,2,2,0,2
PC10,O=C1C2=C(C=CC=C2)C3=C1C=CC=C3,-8.50833548,-0.98639875,3.4198,2.1715,11.88796296,0.149259259,11.88796296,0.149259259,0.519529369,180.206,172.142,180.0575149,66,0.193771752,-0.288567117,0.288567117,0.193771752,0.571428571,0.928571429,1.357142857,16.13859365,10.06881928,2.242827986,-1.960629754,2.350748791,-1.930946094,6.210775978,0.103864622,2.416126769,478.7637017,9.543605595,7.527050444,7.527050444,6.877010098,4.608824684,4.608824684,3.420291709,3.420291709,2.63355254,2.63355254,1.977053987,1.977053987,-1.89,3568.990544,7.507895748,2.548237506,0.813780536,82.00913039,0,0,5.783244946,0,0,4.794537184,0,0,48.53093655,11.12690298,11.12690298,0,4.794537184,5.783244946,0,0,0,59.65783953,11.12690298,0,0,0,0,5.783244946,0,15.92144017,48.53093655,0,11.12690298,17.07,0,4.794537184,5.783244946,0,22.25380597,0,0,48.53093655,0,0,0,0,11.88796296,0,3.781111111,0.149259259,15.515,0,0,0,0,14,0,1,1,0,1,2,0,2,1,0,1,0,3,2.898,55.3105,0,0,1,1,0,0,0,0,0,0,2,3,0,0,1,0,0,0,Alc10,OC(CC1=CC=CC=C1)C2=CC=CS2,-8.64139727,1.03292956,111.8150659,9.873253023,-0.363518519,9.873253023,0.363518519,0.814439084,204.294,192.198,204.060886,72,0.09216528,-0.38723214,0.38723214,0.09216528,1.071428571,1.857142857,2.5,32.13347352,10.07645264,2.078921369,-2.072307397,2.216794261,-1.983243765,7.095204082,0.182071194,2.055317991,366.4849572,9.803118619,7.75872109,8.575217671,6.860173345,4.614527515,5.494180326,3.220940058,4.200212366,2.143483815,3.117025632,1.418819851,2.130640812,-1.12,3066.32425,9.435606308,4.398850502,2.21844236,87.65297858,5.106527395,0,0,0,0,0,11.33678588,36.39820241,17.00988133,11.29796882,6.103966388,5.106527395,11.33678588,12.52478801,0,58.28523094,0,0,0,11.33678588,5.106527395,6.420821623,0,16.54456507,47.84463225,0,20.23,0,5.106527395,6.103966388,6.420821623,4.877147194,5.563451492,11.33678588,47.84463225,0,0,0,1.600269038,1.035975057,11.86288265,1.174444444,0,13.99416029,0.332268519,0,0,0.166666667,14,1,1,0,0,1,1,2,2,1,2,3,2,3.0242,59.4248,1,1,0,0,0,1,0,0,0,0,1,0
PC10,O=C1C2=C(C=CC=C2)C3=C1C=CC=C3,-8.50833548,-0.98639875,3.4198,2.1715,11.88796296,0.149259259,11.88796296,0.149259259,0.519529369,180.206,172.142,180.0575149,66,0.193771752,-0.288567117,0.288567117,0.193771752,0.571428571,0.928571429,1.357142857,16.13859365,10.06881928,2.242827986,-1.960629754,2.350748791,-1.930946094,6.210775978,0.103864622,2.416126769,478.7637017,9.543605595,7.527050444,7.527050444,6.877010098,4.608824684,4.608824684,3.420291709,3.420291709,2.63355254,2.63355254,1.977053987,1.977053987,-1.89,3568.990544,7.507895748,2.548237506,0.813780536,82.00913039,0,0,5.783244946,0,0,4.794537184,0,0,48.53093655,11.12690298,11.12690298,0,4.794537184,5.783244946,0,0,0,59.65783953,11.12690298,0,0,0,0,5.783244946,0,15.92144017,48.53093655,0,11.12690298,17.07,0,4.794537184,5.783244946,0,22.25380597,0,0,48.53093655,0,0,0,0,11.88796296,0,3.781111111,0.149259259,15.515,0,0,0,0,14,0,1,1,0,1,2,0,2,1,0,1,0,3,2.898,55.3105,0,0,1,1,0,0,0,0,0,0,2,3,0,0,1,0,0,0,Alc11,OC(CC1=CC=CC=C1)C2=CC=C3C(C=CC=C3)=C2,-8.12765359,0.32353879,110.1333659,10.33341648,-0.451846183,10.33341648,0.451846183,0.739012436,248.325,232.197,248.1201151,94,0.083009866,-0.388071663,0.388071663,0.083009866,0.736842105,1.421052632,2.210526316,16.26608468,9.986417292,2.083747824,-2.117047312,2.224950035,-2.010327051,5.82588213,0.178379756,1.869464155,673.3497853,13.0791395,10.65987388,10.65987388,9.32649984,6.534743449,6.534743449,4.812108497,4.812108497,3.430171422,3.430171422,2.370271693,2.370271693,-2.12,36765.48652,11.94179079,5.249619382,2.66527869,112.6942798,5.106527395,0,0,0,0,0,0,66.73003775,27.96571848,6.420821623,6.103966388,5.106527395,10.77244843,12.52478801,0,83.9233078,0,0,0,0,5.106527395,6.420821623,0,17.23086937,72.79640482,10.77244843,20.23,6.103966388,5.106527395,0,6.420821623,11.12690298,10.77244843,0,48.53093655,24.26546827,0,0,0,0,12.71329869,2.130288591,0,24.45629438,0.200118339,0,0,0.111111111,19,1,1,0,0,3,0,3,1,1,1,3,3,4.1159,79.0538,1,1,0,0,0,3,1,0,0,0,0,0
PC10,O=C1C2=C(C=CC=C2)C3=C1C=CC=C3,-8.50833548,-0.98639875,3.4198,2.1715,11.88796296,0.149259259,11.88796296,0.149259259,0.519529369,180.206,172.142,180.0575149,66,0.193771752,-0.288567117,0.288567117,0.193771752,0.571428571,0.928571429,1.357142857,16.13859365,10.06881928,2.242827986,-1.960629754,2.350748791,-1.930946094,6.210775978,0.103864622,2.416126769,478.7637017,9.543605595,7.527050444,7.527050444,6.877010098,4.608824684,4.608824684,3.420291709,3.420291709,2.63355254,2.63355254,1.977053987,1.977053987,-1.89,3568.990544,7.507895748,2.548237506,0.813780536,82.00913039,0,0,5.783244946,0,0,4.794537184,0,0,48.53093655,11.12690298,11.12690298,0,4.794537184,5.783244946,0,0,0,59.65783953,11.12690298,0,0,0,0,5.783244946,0,15.92144017,48.53093655,0,11.12690298,17.07,0,4.794537184,5.783244946,0,22.25380597,0,0,48.53093655,0,0,0,0,11.88796296,0,3.781111111,0.149259259,15.515,0,0,0,0,14,0,1,1,0,1,2,0,2,1,0,1,0,3,2.898,55.3105,0,0,1,1,0,0,0,0,0,0,2,3,0,0,1,0,0,0,Alc12,OC(CC1=CC=CC=C1)C2=C3C(C=CC=C3)=CC=C2,-8.02670078,0.27891275,110.2902409,10.47196901,-0.464351852,10.47196901,0.464351852,0.739012436,248.325,232.197,248.1201151,94,0.083586962,-0.388048921,0.388048921,0.083586962,0.736842105,1.421052632,2.263157895,16.2661245,9.961087362,2.108514386,-2.135341267,2.259726004,-2.019364071,5.854953123,0.179785723,1.955927549,668.0997853,13.0791395,10.65987388,10.65987388,9.343336593,6.540726513,6.540726513,4.773896154,4.773896154,3.454236172,3.454236172,2.488346906,2.488346906,-2.12,37234.02226,11.94179079,5.249619382,2.514643812,112.6942798,5.106527395,0,0,0,0,0,0,72.79640482,21.89935141,6.420821623,6.103966388,5.106527395,10.77244843,12.52478801,0,83.9233078,0,0,0,0,5.106527395,6.420821623,0,17.23086937,72.79640482,10.77244843,20.23,6.103966388,5.106527395,0,6.420821623,16.5131272,5.386224214,0,54.59730362,18.19910121,0,0,0,0,12.77802716,2.157303005,0,24.3813554,0.183314437,0,0,0.111111111,19,1,1,0,0,3,0,3,1,1,1,3,3,4.1159,79.0538,1,1,0,0,0,3,1,0,0,0,0,1
PC10,O=C1C2=C(C=CC=C2)C3=C1C=CC=C3,-8.50833548,-0.98639875,3.4198,2.1715,11.88796296,0.149259259,11.88796296,0.149259259,0.519529369,180.206,172.142,180.0575149,66,0.193771752,-0.288567117,0.288567117,0.193771752,0.571428571,0.928571429,1.357142857,16.13859365,10.06881928,2.242827986,-1.960629754,2.350748791,-1.930946094,6.210775978,0.103864622,2.416126769,478.7637017,9.543605595,7.527050444,7.527050444,6.877010098,4.608824684,4.608824684,3.420291709,3.420291709,2.63355254,2.63355254,1.977053987,1.977053987,-1.89,3568.990544,7.507895748,2.548237506,0.813780536,82.00913039,0,0,5.783244946,0,0,4.794537184,0,0,48.53093655,11.12690298,11.12690298,0,4.794537184,5.783244946,0,0,0,59.65783953,11.12690298,0,0,0,0,5.783244946,0,15.92144017,48.53093655,0,11.12690298,17.07,0,4.794537184,5.783244946,0,22.25380597,0,0,48.53093655,0,0,0,0,11.88796296,0,3.781111111,0.149259259,15.515,0,0,0,0,14,0,1,1,0,1,2,0,2,1,0,1,0,3,2.898,55.3105,0,0,1,1,0,0,0,0,0,0,2,3,0,0,1,0,0,0,Alc13,OC(CC1=CC=CC=C1)C2=CC(OCO3)=C3C=C2,-7.9864285,1.08381413,109.9953158,10.20884165,-0.526018519,10.20884165,0.257507114,0.898944943,242.274,228.162,242.0942943,92,0.230800378,-0.453595466,0.453595466,0.230800378,1,1.777777778,2.611111111,16.69672243,10.01045676,2.161838013,-2.112079703,2.342342866,-2.01108597,5.447982472,0.171222171,1.782012697,536.689907,12.37203272,9.874076162,9.874076162,8.82649984,5.942991739,5.942991739,4.318219186,4.318219186,3.053275195,3.053275195,2.075602865,2.075602865,-2,27276.07585,11.11111111,4.704,2.172635445,105.5988167,14.5802533,0,11.49902367,6.792942306,0,0,0,36.39820241,23.25963712,6.420821623,6.103966388,14.5802533,0,12.52478801,6.792942306,59.65783953,11.49902367,9.473725908,11.49902367,0,11.8994697,6.420821623,0,17.23086937,48.53093655,0,38.69,6.103966388,5.106527395,6.792942306,12.17033346,16.87641482,0,0,48.53093655,0,9.473725908,10.55373952,0,0,10.20884165,1.963675831,1.449326657,15.49522555,0.071683673,0.257507114,0,0.2,18,1,3,1,1,2,0,2,3,1,3,3,3,2.6914,67.6708,1,1,0,0,0,2,1,0,2,0,0,1
PC10,O=C1C2=C(C=CC=C2)C3=C1C=CC=C3,-8.50833548,-0.98639875,3.4198,2.1715,11.88796296,0.149259259,11.88796296,0.149259259,0.519529369,180.206,172.142,180.0575149,66,0.193771752,-0.288567117,0.288567117,0.193771752,0.571428571,0.928571429,1.357142857,16.13859365,10.06881928,2.242827986,-1.960629754,2.350748791,-1.930946094,6.210775978,0.103864622,2.416126769,478.7637017,9.543605595,7.527050444,7.527050444,6.877010098,4.608824684,4.608824684,3.420291709,3.420291709,2.63355254,2.63355254,1.977053987,1.977053987,-1.89,3568.990544,7.507895748,2.548237506,0.813780536,82.00913039,0,0,5.783244946,0,0,4.794537184,0,0,48.53093655,11.12690298,11.12690298,0,4.794537184,5.783244946,0,0,0,59.65783953,11.12690298,0,0,0,0,5.783244946,0,15.92144017,48.53093655,0,11.12690298,17.07,0,4.794537184,5.783244946,0,22.25380597,0,0,48.53093655,0,0,0,0,11.88796296,0,3.781111111,0.149259259,15.515,0,0,0,0,14,0,1,1,0,1,2,0,2,1,0,1,0,3,2.898,55.3105,0,0,1,1,0,0,0,0,0,0,2,3,0,0,1,0,0,0,Alc14,OC(CC1=CC=CC=C1)C2=CC=C3C(OCCO3)=C2,-8.04792536,1.06912019,110.6792909,10.27915415,-0.529419879,10.27915415,0.529419879,0.917331086,256.301,240.173,256.1099444,98,0.161229612,-0.486147273,0.486147273,0.161229612,0.947368421,1.684210526,2.473684211,16.56262844,10.00869622,2.151138065,-2.198867245,2.32807113,-2.153791222,5.441928646,0.164210297,1.779518637,551.1754333,13.0791395,10.58118294,10.58118294,9.32649984,6.442991739,6.442991739,4.608616347,4.608616347,3.222881543,3.222881543,2.222419671,2.222419671,-2,36765.48652,12.05540166,5.325443787,2.712802768,111.9637588,14.5802533,13.21376393,11.49902367,0,0,0,0,36.39820241,23.25963712,6.420821623,6.103966388,14.5802533,0,12.52478801,13.21376393,59.65783953,11.49902367,9.473725908,11.49902367,0,18.32029132,6.420821623,0,17.23086937,48.53093655,0,38.69,6.103966388,5.106527395,0,19.63458555,22.62592665,0,0,48.53093655,0,9.473725908,10.99818397,0,0,10.27915415,1.970363074,1.47015999,15.57085113,0.068282313,1.14300538,0,0.25,19,1,3,1,1,2,0,2,3,1,3,3,3,2.7339,72.5378,1,1,0,0,0,2,1,0,2,0,0,0
PC11,O=C1C2=C(C=CC=C2)CCC3=C1C=CC=C3,-9.01309953,-0.36517162,3.9404,2.4235,12.32796296,0.170092593,12.32796296,0.170092593,0.650062553,208.26,196.164,208.088815,78,0.193075403,-0.288593524,0.288593524,0.193075403,0.6875,1.125,1.625,16.13837116,9.991162271,2.190623862,-2.033143976,2.233440925,-2.029250748,6.107802569,0.103354967,2.220325248,505.3663391,10.95781916,8.941264006,8.941264006,7.860173345,5.565931465,5.565931465,4.143418256,4.143418256,3.187655641,3.187655641,2.33406812,2.33406812,-1.89,8684.377624,9.344182592,3.599905389,1.363496098,94.73901462,0,0,5.783244946,0,0,4.794537184,0,0,48.53093655,23.96854623,11.12690298,0,4.794537184,5.783244946,0,12.84164325,0,70.78474251,0,0,0,0,0,5.783244946,12.84164325,27.04834315,48.53093655,0,0,17.07,0,4.794537184,5.783244946,0,23.96854623,11.12690298,0,36.39820241,12.13273414,0,0,0,12.32796296,0,4.076203704,0.170092593,15.84453704,1.914537037,0,0,0.133333333,16,0,1,1,0,1,2,0,2,1,0,1,0,3,3.0162,63.7245,0,0,1,1,0,0,0,0,0,2,2,2,0,0,1,0,0,0,Alc1,OC(CC1=CC=CC=C1)C2=CC=C(C(OC)=O)C=C2,-8.93854139,0.12353794,110.2839659,11.30088219,-0.574910242,11.30088219,0.371204472,0.855519056,256.301,240.173,256.1099444,98,0.337341793,-0.465417521,0.465417521,0.337341793,1.105263158,1.736842105,2.315789474,16.52329338,10.00323688,2.100617015,-2.111125286,2.185198708,-2.040609497,5.887593188,0.060023834,2.073681425,531.6803208,13.66492594,10.74431965,10.74431965,9.2027086,6.107223094,6.107223094,4.319110573,4.319110573,2.988430816,2.988430816,1.914407383,1.914407383,-2.13,25130.04108,13.30515172,6.15877057,3.421837675,112.0175669,9.843390349,0,0,0,5.969305288,4.794537184,0,42.46456948,23.25963712,6.420821623,18.77721542,14.63792753,5.969305288,12.52478801,7.109797541,71.28765809,0,0,0,0,18.18563022,11.15768458,0,27.58885805,54.59730362,0,46.53,6.103966388,9.901064579,5.969305288,11.98427311,11.12690298,7.109797541,24.26546827,30.33183534,4.736862954,0,4.630823061,0,11.30088219,10.14446232,2.348807109,-0.371204472,16.61944778,-0.020931201,0,1.347713215,0.1875,19,1,3,0,0,2,0,2,3,1,3,4,2,2.7493,72.8873,1,1,1,1,0,2,0,1,1,1,0,0
PC11,O=C1C2=C(C=CC=C2)CCC3=C1C=CC=C3,-9.01309953,-0.36517162,3.9404,2.4235,12.32796296,0.170092593,12.32796296,0.170092593,0.650062553,208.26,196.164,208.088815,78,0.193075403,-0.288593524,0.288593524,0.193075403,0.6875,1.125,1.625,16.13837116,9.991162271,2.190623862,-2.033143976,2.233440925,-2.029250748,6.107802569,0.103354967,2.220325248,505.3663391,10.95781916,8.941264006,8.941264006,7.860173345,5.565931465,5.565931465,4.143418256,4.143418256,3.187655641,3.187655641,2.33406812,2.33406812,-1.89,8684.377624,9.344182592,3.599905389,1.363496098,94.73901462,0,0,5.783244946,0,0,4.794537184,0,0,48.53093655,23.96854623,11.12690298,0,4.794537184,5.783244946,0,12.84164325,0,70.78474251,0,0,0,0,0,5.783244946,12.84164325,27.04834315,48.53093655,0,0,17.07,0,4.794537184,5.783244946,0,23.96854623,11.12690298,0,36.39820241,12.13273414,0,0,0,12.32796296,0,4.076203704,0.170092593,15.84453704,1.914537037,0,0,0.133333333,16,0,1,1,0,1,2,0,2,1,0,1,0,3,3.0162,63.7245,0,0,1,1,0,0,0,0,0,2,2,2,0,0,1,0,0,0,Alc2,OC(CC1=CC=CC=C1)C2=CC=CC=C2,-8.90697663,1.05415414,110.1584658,9.973947468,-0.408703704,9.973947468,0.408703704,0.803505173,198.265,184.153,198.1044651,76,0.08298805,-0.388072044,0.388072044,0.08298805,0.8,1.333333333,1.933333333,16.26607617,10.01729244,2.063045969,-2.099774891,2.167902087,-2.005146996,5.216146633,0.178227923,2.078451608,394.1985815,10.5102254,8.505173338,8.505173338,7.360173345,5.13004291,5.13004291,3.616204083,3.616204083,2.456222038,2.456222038,1.630392829,1.630392829,-1.6,4035.300847,9.936265432,4.759877127,2.672959184,90.01261531,5.106527395,0,0,0,0,0,0,60.66367068,11.12690298,6.420821623,6.103966388,5.106527395,0,12.52478801,0,71.79057367,0,0,0,0,5.106527395,6.420821623,0,17.23086937,60.66367068,0,20.23,6.103966388,5.106527395,0,6.420821623,11.12690298,0,0,60.66367068,0,0,0,0,0,9.973947468,2.134450113,0,19.79549131,0.262777778,0,0,0.142857143,15,1,1,0,0,2,0,2,1,1,1,3,2,2.9627,61.5478,1,1,0,0,0,2,0,0,0,0,0,3
PC11,O=C1C2=C(C=CC=C2)CCC3=C1C=CC=C3,-9.01309953,-0.36517162,3.9404,2.4235,12.32796296,0.170092593,12.32796296,0.170092593,0.650062553,208.26,196.164,208.088815,78,0.193075403,-0.288593524,0.288593524,0.193075403,0.6875,1.125,1.625,16.13837116,9.991162271,2.190623862,-2.033143976,2.233440925,-2.029250748,6.107802569,0.103354967,2.220325248,505.3663391,10.95781916,8.941264006,8.941264006,7.860173345,5.565931465,5.565931465,4.143418256,4.143418256,3.187655641,3.187655641,2.33406812,2.33406812,-1.89,8684.377624,9.344182592,3.599905389,1.363496098,94.73901462,0,0,5.783244946,0,0,4.794537184,0,0,48.53093655,23.96854623,11.12690298,0,4.794537184,5.783244946,0,12.84164325,0,70.78474251,0,0,0,0,0,5.783244946,12.84164325,27.04834315,48.53093655,0,0,17.07,0,4.794537184,5.783244946,0,23.96854623,11.12690298,0,36.39820241,12.13273414,0,0,0,12.32796296,0,4.076203704,0.170092593,15.84453704,1.914537037,0,0,0.133333333,16,0,1,1,0,1,2,0,2,1,0,1,0,3,3.0162,63.7245,0,0,1,1,0,0,0,0,0,2,2,2,0,0,1,0,0,0,Alc3,OC(CC1=CC=CC=C1)C2=CC=C(C3=CC=CC=C3)C=C2,-8.36030764,0.54884587,110.1647408,10.33540753,-0.4609043,10.33540753,0.4609043,0.735116307,274.363,256.219,274.1357652,104,0.082988753,-0.388072038,0.388072038,0.082988753,0.619047619,1.142857143,1.761904762,16.26608329,9.982653574,2.08184519,-2.117053785,2.231560759,-2.009876154,5.629945447,0.178242278,1.7483318,672.0487817,14.49335306,11.81457441,11.81457441,10.32649984,7.201410115,7.201410115,5.193554353,5.193554353,3.674455551,3.674455551,2.483526522,2.483526522,-2.38,104293.4243,13.59609414,6.379998763,3.388286558,125.0697095,5.106527395,0,0,0,0,0,0,84.92913896,22.25380597,6.420821623,6.103966388,5.106527395,0,12.52478801,0,96.05604194,11.12690298,0,0,0,5.106527395,6.420821623,0,17.23086937,84.92913896,11.12690298,20.23,6.103966388,5.106527395,0,6.420821623,11.12690298,11.12690298,0,60.66367068,24.26546827,0,0,0,0,10.33540753,4.475491082,0,28.50563698,0.183464401,0,0,0.1,21,1,1,0,0,3,0,3,1,1,1,4,3,4.6297,86.9838,1,1,0,0,0,3,0,0,0,0,0,1
PC11,O=C1C2=C(C=CC=C2)CCC3=C1C=CC=C3,-9.01309953,-0.36517162,3.9404,2.4235,12.32796296,0.170092593,12.32796296,0.170092593,0.650062553,208.26,196.164,208.088815,78,0.193075403,-0.288593524,0.288593524,0.193075403,0.6875,1.125,1.625,16.13837116,9.991162271,2.190623862,-2.033143976,2.233440925,-2.029250748,6.107802569,0.103354967,2.220325248,505.3663391,10.95781916,8.941264006,8.941264006,7.860173345,5.565931465,5.565931465,4.143418256,4.143418256,3.187655641,3.187655641,2.33406812,2.33406812,-1.89,8684.377624,9.344182592,3.599905389,1.363496098,94.73901462,0,0,5.783244946,0,0,4.794537184,0,0,48.53093655,23.96854623,11.12690298,0,4.794537184,5.783244946,0,12.84164325,0,70.78474251,0,0,0,0,0,5.783244946,12.84164325,27.04834315,48.53093655,0,0,17.07,0,4.794537184,5.783244946,0,23.96854623,11.12690298,0,36.39820241,12.13273414,0,0,0,12.32796296,0,4.076203704,0.170092593,15.84453704,1.914537037,0,0,0.133333333,16,0,1,1,0,1,2,0,2,1,0,1,0,3,3.0162,63.7245,0,0,1,1,0,0,0,0,0,2,2,2,0,0,1,0,0,0,Alc4,OC(CC1=CC=CC=C1)C2=CC=C(C)C=C2,-8.66833616,1.06231744,110.0894409,10.06483938,-0.413888889,10.06483938,0.413888889,0.827496934,212.292,196.164,212.1201151,82,0.082988375,-0.388072041,0.388072041,0.082988375,0.9375,1.5625,2.1875,16.26607839,10.0062892,2.069742142,-2.107210664,2.178966078,-2.009250363,5.250301887,0.178214004,2.085070945,430.7519476,11.38046889,9.427823069,9.427823069,7.754020195,5.540726513,5.540726513,4.116204083,4.116204083,2.733999816,2.733999816,1.743806823,1.743806823,-1.6,5689.016293,10.90261427,4.950941945,2.706772373,96.37755742,5.106527395,0,0,0,0,0,0,60.16075511,18.05064018,6.420821623,6.103966388,5.106527395,0,19.44852521,0,71.28765809,0,0,0,0,5.106527395,6.420821623,6.9237372,22.79432086,54.59730362,0,20.23,6.103966388,5.106527395,0,6.420821623,11.12690298,5.563451492,0,61.52104082,0,0,0,0,0,10.06483938,3.361749234,0,18.101132,0.25664777,2.048964947,0,0.2,16,1,1,0,0,2,0,2,1,1,1,3,2,3.27112,66.2848,1,1,0,0,1,2,0,0,0,0,0,7
PC11,O=C1C2=C(C=CC=C2)CCC3=C1C=CC=C3,-9.01309953,-0.36517162,3.9404,2.4235,12.32796296,0.170092593,12.32796296,0.170092593,0.650062553,208.26,196.164,208.088815,78,0.193075403,-0.288593524,0.288593524,0.193075403,0.6875,1.125,1.625,16.13837116,9.991162271,2.190623862,-2.033143976,2.233440925,-2.029250748,6.107802569,0.103354967,2.220325248,505.3663391,10.95781916,8.941264006,8.941264006,7.860173345,5.565931465,5.565931465,4.143418256,4.143418256,3.187655641,3.187655641,2.33406812,2.33406812,-1.89,8684.377624,9.344182592,3.599905389,1.363496098,94.73901462,0,0,5.783244946,0,0,4.794537184,0,0,48.53093655,23.96854623,11.12690298,0,4.794537184,5.783244946,0,12.84164325,0,70.78474251,0,0,0,0,0,5.783244946,12.84164325,27.04834315,48.53093655,0,0,17.07,0,4.794537184,5.783244946,0,23.96854623,11.12690298,0,36.39820241,12.13273414,0,0,0,12.32796296,0,4.076203704,0.170092593,15.84453704,1.914537037,0,0,0.133333333,16,0,1,1,0,1,2,0,2,1,0,1,0,3,3.0162,63.7245,0,0,1,1,0,0,0,0,0,2,2,2,0,0,1,0,0,0,Alc5,OC(CC1=CC=CC=C1)C2=CC=C(OC)C=C2,-8.23187172,1.04735139,110.4094658,10.09672714,-0.469160998,10.09672714,0.469160998,0.871362138,228.291,212.163,228.1150298,88,0.118381005,-0.496768192,0.496768192,0.118381005,1,1.647058824,2.235294118,16.46529396,10.01448176,2.0766339,-2.111463059,2.203362817,-2.010311168,5.291757737,0.178131117,2.062926536,448.1078528,12.08757567,9.836071359,9.836071359,8.292024998,5.653098949,5.653098949,3.97868022,3.97868022,2.772451507,2.772451507,1.781264301,1.781264301,-1.8,10090.55557,11.67858558,5.50509078,3.078969757,101.4911027,9.843390349,5.749511833,0,0,0,0,0,42.46456948,23.25963712,6.420821623,13.21376393,9.843390349,0,12.52478801,7.109797541,65.7242066,5.749511833,4.736862954,5.749511833,0,12.21632494,6.420821623,0,17.23086937,54.59730362,0,29.46,6.103966388,5.106527395,0,6.420821623,16.87641482,0,7.109797541,54.59730362,0,4.736862954,5.085560668,0,0,10.09672714,2.046732516,0.806167695,17.50086494,0.162950916,0,1.634329465,0.2,17,1,2,0,0,2,0,2,2,1,2,4,2,2.9713,68.0998,1,1,0,0,0,2,0,0,1,1,0,36
PC11,O=C1C2=C(C=CC=C2)CCC3=C1C=CC=C3,-9.01309953,-0.36517162,3.9404,2.4235,12.32796296,0.170092593,12.32796296,0.170092593,0.650062553,208.26,196.164,208.088815,78,0.193075403,-0.288593524,0.288593524,0.193075403,0.6875,1.125,1.625,16.13837116,9.991162271,2.190623862,-2.033143976,2.233440925,-2.029250748,6.107802569,0.103354967,2.220325248,505.3663391,10.95781916,8.941264006,8.941264006,7.860173345,5.565931465,5.565931465,4.143418256,4.143418256,3.187655641,3.187655641,2.33406812,2.33406812,-1.89,8684.377624,9.344182592,3.599905389,1.363496098,94.73901462,0,0,5.783244946,0,0,4.794537184,0,0,48.53093655,23.96854623,11.12690298,0,4.794537184,5.783244946,0,12.84164325,0,70.78474251,0,0,0,0,0,5.783244946,12.84164325,27.04834315,48.53093655,0,0,17.07,0,4.794537184,5.783244946,0,23.96854623,11.12690298,0,36.39820241,12.13273414,0,0,0,12.32796296,0,4.076203704,0.170092593,15.84453704,1.914537037,0,0,0.133333333,16,0,1,1,0,1,2,0,2,1,0,1,0,3,3.0162,63.7245,0,0,1,1,0,0,0,0,0,2,2,2,0,0,1,0,0,0,Alc6,OC(CC1=CC=CC=C1)C2=CC=C(OC)C(OC)=C2,-7.88792468,1.04517451,110.5224158,10.26113757,-0.55351285,10.26113757,0.55351285,0.895699088,258.317,240.173,258.1255944,100,0.160584538,-0.49286995,0.49286995,0.160584538,0.947368421,1.631578947,2.263157895,16.50784068,10.0096787,2.117243407,-2.139118621,2.303972964,-2.023299719,5.433081291,0.177599354,2.170628056,522.7721843,13.66492594,11.16696938,11.16696938,9.240713403,6.182138051,6.182138051,4.319941212,4.319941212,3.064246236,3.064246236,2.015286458,2.015286458,-2,25290.51808,13.43209877,6.25,3.26326743,112.96959,14.5802533,0,11.49902367,0,0,0,0,36.39820241,23.25963712,6.420821623,20.32356147,14.5802533,0,12.52478801,14.21959508,59.65783953,11.49902367,9.473725908,11.49902367,0,19.32612248,6.420821623,0,17.23086937,48.53093655,0,38.69,6.103966388,5.106527395,0,17.91984529,11.12690298,0,14.21959508,48.53093655,0,9.473725908,10.42373952,0,0,10.26113757,1.922488846,1.296548879,15.38624764,0.026172761,0,3.183664782,0.25,19,1,3,0,0,2,0,2,3,1,3,5,2,2.9799,74.6518,1,1,0,0,0,2,0,0,2,2,0,82
PC11,O=C1C2=C(C=CC=C2)CCC3=C1C=CC=C3,-9.01309953,-0.36517162,3.9404,2.4235,12.32796296,0.170092593,12.32796296,0.170092593,0.650062553,208.26,196.164,208.088815,78,0.193075403,-0.288593524,0.288593524,0.193075403,0.6875,1.125,1.625,16.13837116,9.991162271,2.190623862,-2.033143976,2.233440925,-2.029250748,6.107802569,0.103354967,2.220325248,505.3663391,10.95781916,8.941264006,8.941264006,7.860173345,5.565931465,5.565931465,4.143418256,4.143418256,3.187655641,3.187655641,2.33406812,2.33406812,-1.89,8684.377624,9.344182592,3.599905389,1.363496098,94.73901462,0,0,5.783244946,0,0,4.794537184,0,0,48.53093655,23.96854623,11.12690298,0,4.794537184,5.783244946,0,12.84164325,0,70.78474251,0,0,0,0,0,5.783244946,12.84164325,27.04834315,48.53093655,0,0,17.07,0,4.794537184,5.783244946,0,23.96854623,11.12690298,0,36.39820241,12.13273414,0,0,0,12.32796296,0,4.076203704,0.170092593,15.84453704,1.914537037,0,0,0.133333333,16,0,1,1,0,1,2,0,2,1,0,1,0,3,3.0162,63.7245,0,0,1,1,0,0,0,0,0,2,2,2,0,0,1,0,0,0,Alc7,OC(CC1=CC=CC=C1)C2=C(OC)C=CC=C2OC,-8.24683777,1.0149703,107.1841159,10.43783636,-0.658796296,10.43783636,0.52537037,0.895699088,258.317,240.173,258.1255944,100,0.127902095,-0.496228759,0.496228759,0.127902095,0.894736842,1.473684211,2,16.47797685,9.995068211,2.183895081,-2.176698553,2.348905965,-2.059889902,5.463673305,0.169084656,2.29696563,500.5221843,13.66492594,11.16696938,11.16696938,9.257550155,6.188121115,6.188121115,4.281728869,4.281728869,3.07104304,3.07104304,2.14772538,2.14772538,-2,25369.48259,13.43209877,6.25,3.0625,112.96959,14.5802533,11.49902367,0,0,0,0,0,36.39820241,17.69618563,6.420821623,25.88701296,14.5802533,0,12.52478801,14.21959508,59.65783953,11.49902367,9.473725908,11.49902367,0,19.32612248,6.420821623,0,17.23086937,48.53093655,0,38.69,6.103966388,5.106527395,0,23.48329678,5.563451492,0,14.21959508,48.53093655,0,9.473725908,10.61332861,0,0,10.43783636,1.763252079,1.282928005,15.35451247,-0.133425926,0,3.181568405,0.25,19,1,3,0,0,2,0,2,3,1,3,5,2,2.9799,74.6518,1,1,0,0,0,2,0,0,2,2,0,3
PC11,O=C1C2=C(C=CC=C2)CCC3=C1C=CC=C3,-9.01309953,-0.36517162,3.9404,2.4235,12.32796296,0.170092593,12.32796296,0.170092593,0.650062553,208.26,196.164,208.088815,78,0.193075403,-0.288593524,0.288593524,0.193075403,0.6875,1.125,1.625,16.13837116,9.991162271,2.190623862,-2.033143976,2.233440925,-2.029250748,6.107802569,0.103354967,2.220325248,505.3663391,10.95781916,8.941264006,8.941264006,7.860173345,5.565931465,5.565931465,4.143418256,4.143418256,3.187655641,3.187655641,2.33406812,2.33406812,-1.89,8684.377624,9.344182592,3.599905389,1.363496098,94.73901462,0,0,5.783244946,0,0,4.794537184,0,0,48.53093655,23.96854623,11.12690298,0,4.794537184,5.783244946,0,12.84164325,0,70.78474251,0,0,0,0,0,5.783244946,12.84164325,27.04834315,48.53093655,0,0,17.07,0,4.794537184,5.783244946,0,23.96854623,11.12690298,0,36.39820241,12.13273414,0,0,0,12.32796296,0,4.076203704,0.170092593,15.84453704,1.914537037,0,0,0.133333333,16,0,1,1,0,1,2,0,2,1,0,1,0,3,3.0162,63.7245,0,0,1,1,0,0,0,0,0,2,2,2,0,0,1,0,0,0,Alc8,OC(CC1=CC=CC=C1)(C)C2=CC=C(OC)C=C2,-8.17772183,1.02993635,110.2274909,10.56200491,-0.867435752,10.56200491,0.597389692,0.892105667,242.318,224.174,242.1306798,94,0.118381372,-0.496768189,0.496768189,0.118381372,1,1.611111111,2.166666667,16.46530434,9.889503761,2.227971509,-2.238534935,2.263139458,-2.236217268,5.316379902,0.05756913,2.188427957,486.2652269,13.0102254,10.75872109,10.75872109,8.61532163,6.025136822,6.025136822,4.664730961,4.664730961,3.103088053,3.103088053,2.04546916,2.04546916,-1.8,13287.8363,12.65159546,5.233467659,2.901820229,107.8560448,9.843390349,5.749511833,0,0,0,0,0,42.46456948,30.18337432,6.420821623,12.71084835,9.843390349,0,18.94560963,7.109797541,65.7242066,5.749511833,4.736862954,5.749511833,0,12.21632494,12.02187243,0,18.05064018,54.59730362,0,29.46,5.601050811,5.106527395,0,6.420821623,16.87641482,0,7.109797541,61.52104082,0,4.736862954,5.118487728,0,0,10.56200491,1.151518986,0.80024177,17.54919827,0.597389692,1.835128496,1.636030145,0.25,18,1,2,0,0,2,0,2,2,1,2,4,2,3.1454,72.7108,1,0,0,0,0,2,0,0,1,1,0,19
PC11,O=C1C2=C(C=CC=C2)CCC3=C1C=CC=C3,-9.01309953,-0.36517162,3.9404,2.4235,12.32796296,0.170092593,12.32796296,0.170092593,0.650062553,208.26,196.164,208.088815,78,0.193075403,-0.288593524,0.288593524,0.193075403,0.6875,1.125,1.625,16.13837116,9.991162271,2.190623862,-2.033143976,2.233440925,-2.029250748,6.107802569,0.103354967,2.220325248,505.3663391,10.95781916,8.941264006,8.941264006,7.860173345,5.565931465,5.565931465,4.143418256,4.143418256,3.187655641,3.187655641,2.33406812,2.33406812,-1.89,8684.377624,9.344182592,3.599905389,1.363496098,94.73901462,0,0,5.783244946,0,0,4.794537184,0,0,48.53093655,23.96854623,11.12690298,0,4.794537184,5.783244946,0,12.84164325,0,70.78474251,0,0,0,0,0,5.783244946,12.84164325,27.04834315,48.53093655,0,0,17.07,0,4.794537184,5.783244946,0,23.96854623,11.12690298,0,36.39820241,12.13273414,0,0,0,12.32796296,0,4.076203704,0.170092593,15.84453704,1.914537037,0,0,0.133333333,16,0,1,1,0,1,2,0,2,1,0,1,0,3,3.0162,63.7245,0,0,1,1,0,0,0,0,0,2,2,2,0,0,1,0,0,0,Alc9,OC(CC1=CC=CC=C1)(C)C2=CC(OC)=C(OC)C=C2,-7.83976121,1.02803158,110.3090658,10.72641534,-0.957435752,10.72641534,0.544963388,0.908372189,272.344,252.184,272.1412445,106,0.160595357,-0.492869947,0.492869947,0.160595357,0.95,1.6,2.2,16.50786391,9.886714685,2.244651992,-2.246767403,2.332200447,-2.238535517,5.4439743,0.057303819,2.290057545,561.7027291,14.58757567,12.08961911,12.08961911,9.564010035,6.554175925,6.554175925,5.005991953,5.005991953,3.396609945,3.396609945,2.266626138,2.266626138,-2,33330.10718,14.4099723,5.969821674,3.114186851,119.3345321,14.5802533,0,11.49902367,0,0,0,0,36.39820241,30.18337432,6.420821623,19.82064589,14.5802533,0,18.94560963,14.21959508,59.65783953,11.49902367,9.473725908,11.49902367,0,19.32612248,12.02187243,0,18.05064018,48.53093655,0,38.69,5.601050811,5.106527395,0,17.91984529,11.12690298,0,21.14333228,48.53093655,0,9.473725908,10.50166658,0,0,10.72641534,0.937275316,1.282497953,15.42937264,0.544963388,1.806795163,3.187680277,0.294117647,20,1,3,0,0,2,0,2,3,1,3,5,2,3.154,79.2628,1,0,0,0,0,2,0,0,2,2,0,61
PC11,O=C1C2=C(C=CC=C2)CCC3=C1C=CC=C3,-9.01309953,-0.36517162,3.9404,2.4235,12.32796296,0.170092593,12.32796296,0.170092593,0.650062553,208.26,196.164,208.088815,78,0.193075403,-0.288593524,0.288593524,0.193075403,0.6875,1.125,1.625,16.13837116,9.991162271,2.190623862,-2.033143976,2.233440925,-2.029250748,6.107802569,0.103354967,2.220325248,505.3663391,10.95781916,8.941264006,8.941264006,7.860173345,5.565931465,5.565931465,4.143418256,4.143418256,3.187655641,3.187655641,2.33406812,2.33406812,-1.89,8684.377624,9.344182592,3.599905389,1.363496098,94.73901462,0,0,5.783244946,0,0,4.794537184,0,0,48.53093655,23.96854623,11.12690298,0,4.794537184,5.783244946,0,12.84164325,0,70.78474251,0,0,0,0,0,5.783244946,12.84164325,27.04834315,48.53093655,0,0,17.07,0,4.794537184,5.783244946,0,23.96854623,11.12690298,0,36.39820241,12.13273414,0,0,0,12.32796296,0,4.076203704,0.170092593,15.84453704,1.914537037,0,0,0.133333333,16,0,1,1,0,1,2,0,2,1,0,1,0,3,3.0162,63.7245,0,0,1,1,0,0,0,0,0,2,2,2,0,0,1,0,0,0,Alc10,OC(CC1=CC=CC=C1)C2=CC=CS2,-8.64139727,1.03292956,111.8150659,9.873253023,-0.363518519,9.873253023,0.363518519,0.814439084,204.294,192.198,204.060886,72,0.09216528,-0.38723214,0.38723214,0.09216528,1.071428571,1.857142857,2.5,32.13347352,10.07645264,2.078921369,-2.072307397,2.216794261,-1.983243765,7.095204082,0.182071194,2.055317991,366.4849572,9.803118619,7.75872109,8.575217671,6.860173345,4.614527515,5.494180326,3.220940058,4.200212366,2.143483815,3.117025632,1.418819851,2.130640812,-1.12,3066.32425,9.435606308,4.398850502,2.21844236,87.65297858,5.106527395,0,0,0,0,0,11.33678588,36.39820241,17.00988133,11.29796882,6.103966388,5.106527395,11.33678588,12.52478801,0,58.28523094,0,0,0,11.33678588,5.106527395,6.420821623,0,16.54456507,47.84463225,0,20.23,0,5.106527395,6.103966388,6.420821623,4.877147194,5.563451492,11.33678588,47.84463225,0,0,0,1.600269038,1.035975057,11.86288265,1.174444444,0,13.99416029,0.332268519,0,0,0.166666667,14,1,1,0,0,1,1,2,2,1,2,3,2,3.0242,59.4248,1,1,0,0,0,1,0,0,0,0,1,2
PC11,O=C1C2=C(C=CC=C2)CCC3=C1C=CC=C3,-9.01309953,-0.36517162,3.9404,2.4235,12.32796296,0.170092593,12.32796296,0.170092593,0.650062553,208.26,196.164,208.088815,78,0.193075403,-0.288593524,0.288593524,0.193075403,0.6875,1.125,1.625,16.13837116,9.991162271,2.190623862,-2.033143976,2.233440925,-2.029250748,6.107802569,0.103354967,2.220325248,505.3663391,10.95781916,8.941264006,8.941264006,7.860173345,5.565931465,5.565931465,4.143418256,4.143418256,3.187655641,3.187655641,2.33406812,2.33406812,-1.89,8684.377624,9.344182592,3.599905389,1.363496098,94.73901462,0,0,5.783244946,0,0,4.794537184,0,0,48.53093655,23.96854623,11.12690298,0,4.794537184,5.783244946,0,12.84164325,0,70.78474251,0,0,0,0,0,5.783244946,12.84164325,27.04834315,48.53093655,0,0,17.07,0,4.794537184,5.783244946,0,23.96854623,11.12690298,0,36.39820241,12.13273414,0,0,0,12.32796296,0,4.076203704,0.170092593,15.84453704,1.914537037,0,0,0.133333333,16,0,1,1,0,1,2,0,2,1,0,1,0,3,3.0162,63.7245,0,0,1,1,0,0,0,0,0,2,2,2,0,0,1,0,0,0,Alc11,OC(CC1=CC=CC=C1)C2=CC=C3C(C=CC=C3)=C2,-8.12765359,0.32353879,110.1333659,10.33341648,-0.451846183,10.33341648,0.451846183,0.739012436,248.325,232.197,248.1201151,94,0.083009866,-0.388071663,0.388071663,0.083009866,0.736842105,1.421052632,2.210526316,16.26608468,9.986417292,2.083747824,-2.117047312,2.224950035,-2.010327051,5.82588213,0.178379756,1.869464155,673.3497853,13.0791395,10.65987388,10.65987388,9.32649984,6.534743449,6.534743449,4.812108497,4.812108497,3.430171422,3.430171422,2.370271693,2.370271693,-2.12,36765.48652,11.94179079,5.249619382,2.66527869,112.6942798,5.106527395,0,0,0,0,0,0,66.73003775,27.96571848,6.420821623,6.103966388,5.106527395,10.77244843,12.52478801,0,83.9233078,0,0,0,0,5.106527395,6.420821623,0,17.23086937,72.79640482,10.77244843,20.23,6.103966388,5.106527395,0,6.420821623,11.12690298,10.77244843,0,48.53093655,24.26546827,0,0,0,0,12.71329869,2.130288591,0,24.45629438,0.200118339,0,0,0.111111111,19,1,1,0,0,3,0,3,1,1,1,3,3,4.1159,79.0538,1,1,0,0,0,3,1,0,0,0,0,0
PC11,O=C1C2=C(C=CC=C2)CCC3=C1C=CC=C3,-9.01309953,-0.36517162,3.9404,2.4235,12.32796296,0.170092593,12.32796296,0.170092593,0.650062553,208.26,196.164,208.088815,78,0.193075403,-0.288593524,0.288593524,0.193075403,0.6875,1.125,1.625,16.13837116,9.991162271,2.190623862,-2.033143976,2.233440925,-2.029250748,6.107802569,0.103354967,2.220325248,505.3663391,10.95781916,8.941264006,8.941264006,7.860173345,5.565931465,5.565931465,4.143418256,4.143418256,3.187655641,3.187655641,2.33406812,2.33406812,-1.89,8684.377624,9.344182592,3.599905389,1.363496098,94.73901462,0,0,5.783244946,0,0,4.794537184,0,0,48.53093655,23.96854623,11.12690298,0,4.794537184,5.783244946,0,12.84164325,0,70.78474251,0,0,0,0,0,5.783244946,12.84164325,27.04834315,48.53093655,0,0,17.07,0,4.794537184,5.783244946,0,23.96854623,11.12690298,0,36.39820241,12.13273414,0,0,0,12.32796296,0,4.076203704,0.170092593,15.84453704,1.914537037,0,0,0.133333333,16,0,1,1,0,1,2,0,2,1,0,1,0,3,3.0162,63.7245,0,0,1,1,0,0,0,0,0,2,2,2,0,0,1,0,0,0,Alc12,OC(CC1=CC=CC=C1)C2=C3C(C=CC=C3)=CC=C2,-8.02670078,0.27891275,110.2902409,10.47196901,-0.464351852,10.47196901,0.464351852,0.739012436,248.325,232.197,248.1201151,94,0.083586962,-0.388048921,0.388048921,0.083586962,0.736842105,1.421052632,2.263157895,16.2661245,9.961087362,2.108514386,-2.135341267,2.259726004,-2.019364071,5.854953123,0.179785723,1.955927549,668.0997853,13.0791395,10.65987388,10.65987388,9.343336593,6.540726513,6.540726513,4.773896154,4.773896154,3.454236172,3.454236172,2.488346906,2.488346906,-2.12,37234.02226,11.94179079,5.249619382,2.514643812,112.6942798,5.106527395,0,0,0,0,0,0,72.79640482,21.89935141,6.420821623,6.103966388,5.106527395,10.77244843,12.52478801,0,83.9233078,0,0,0,0,5.106527395,6.420821623,0,17.23086937,72.79640482,10.77244843,20.23,6.103966388,5.106527395,0,6.420821623,16.5131272,5.386224214,0,54.59730362,18.19910121,0,0,0,0,12.77802716,2.157303005,0,24.3813554,0.183314437,0,0,0.111111111,19,1,1,0,0,3,0,3,1,1,1,3,3,4.1159,79.0538,1,1,0,0,0,3,1,0,0,0,0,0
PC11,O=C1C2=C(C=CC=C2)CCC3=C1C=CC=C3,-9.01309953,-0.36517162,3.9404,2.4235,12.32796296,0.170092593,12.32796296,0.170092593,0.650062553,208.26,196.164,208.088815,78,0.193075403,-0.288593524,0.288593524,0.193075403,0.6875,1.125,1.625,16.13837116,9.991162271,2.190623862,-2.033143976,2.233440925,-2.029250748,6.107802569,0.103354967,2.220325248,505.3663391,10.95781916,8.941264006,8.941264006,7.860173345,5.565931465,5.565931465,4.143418256,4.143418256,3.187655641,3.187655641,2.33406812,2.33406812,-1.89,8684.377624,9.344182592,3.599905389,1.363496098,94.73901462,0,0,5.783244946,0,0,4.794537184,0,0,48.53093655,23.96854623,11.12690298,0,4.794537184,5.783244946,0,12.84164325,0,70.78474251,0,0,0,0,0,5.783244946,12.84164325,27.04834315,48.53093655,0,0,17.07,0,4.794537184,5.783244946,0,23.96854623,11.12690298,0,36.39820241,12.13273414,0,0,0,12.32796296,0,4.076203704,0.170092593,15.84453704,1.914537037,0,0,0.133333333,16,0,1,1,0,1,2,0,2,1,0,1,0,3,3.0162,63.7245,0,0,1,1,0,0,0,0,0,2,2,2,0,0,1,0,0,0,Alc13,OC(CC1=CC=CC=C1)C2=CC(OCO3)=C3C=C2,-7.9864285,1.08381413,109.9953158,10.20884165,-0.526018519,10.20884165,0.257507114,0.898944943,242.274,228.162,242.0942943,92,0.230800378,-0.453595466,0.453595466,0.230800378,1,1.777777778,2.611111111,16.69672243,10.01045676,2.161838013,-2.112079703,2.342342866,-2.01108597,5.447982472,0.171222171,1.782012697,536.689907,12.37203272,9.874076162,9.874076162,8.82649984,5.942991739,5.942991739,4.318219186,4.318219186,3.053275195,3.053275195,2.075602865,2.075602865,-2,27276.07585,11.11111111,4.704,2.172635445,105.5988167,14.5802533,0,11.49902367,6.792942306,0,0,0,36.39820241,23.25963712,6.420821623,6.103966388,14.5802533,0,12.52478801,6.792942306,59.65783953,11.49902367,9.473725908,11.49902367,0,11.8994697,6.420821623,0,17.23086937,48.53093655,0,38.69,6.103966388,5.106527395,6.792942306,12.17033346,16.87641482,0,0,48.53093655,0,9.473725908,10.55373952,0,0,10.20884165,1.963675831,1.449326657,15.49522555,0.071683673,0.257507114,0,0.2,18,1,3,1,1,2,0,2,3,1,3,3,3,2.6914,67.6708,1,1,0,0,0,2,1,0,2,0,0,31
PC11,O=C1C2=C(C=CC=C2)CCC3=C1C=CC=C3,-9.01309953,-0.36517162,3.9404,2.4235,12.32796296,0.170092593,12.32796296,0.170092593,0.650062553,208.26,196.164,208.088815,78,0.193075403,-0.288593524,0.288593524,0.193075403,0.6875,1.125,1.625,16.13837116,9.991162271,2.190623862,-2.033143976,2.233440925,-2.029250748,6.107802569,0.103354967,2.220325248,505.3663391,10.95781916,8.941264006,8.941264006,7.860173345,5.565931465,5.565931465,4.143418256,4.143418256,3.187655641,3.187655641,2.33406812,2.33406812,-1.89,8684.377624,9.344182592,3.599905389,1.363496098,94.73901462,0,0,5.783244946,0,0,4.794537184,0,0,48.53093655,23.96854623,11.12690298,0,4.794537184,5.783244946,0,12.84164325,0,70.78474251,0,0,0,0,0,5.783244946,12.84164325,27.04834315,48.53093655,0,0,17.07,0,4.794537184,5.783244946,0,23.96854623,11.12690298,0,36.39820241,12.13273414,0,0,0,12.32796296,0,4.076203704,0.170092593,15.84453704,1.914537037,0,0,0.133333333,16,0,1,1,0,1,2,0,2,1,0,1,0,3,3.0162,63.7245,0,0,1,1,0,0,0,0,0,2,2,2,0,0,1,0,0,0,Alc14,OC(CC1=CC=CC=C1)C2=CC=C3C(OCCO3)=C2,-8.04792536,1.06912019,110.6792909,10.27915415,-0.529419879,10.27915415,0.529419879,0.917331086,256.301,240.173,256.1099444,98,0.161229612,-0.486147273,0.486147273,0.161229612,0.947368421,1.684210526,2.473684211,16.56262844,10.00869622,2.151138065,-2.198867245,2.32807113,-2.153791222,5.441928646,0.164210297,1.779518637,551.1754333,13.0791395,10.58118294,10.58118294,9.32649984,6.442991739,6.442991739,4.608616347,4.608616347,3.222881543,3.222881543,2.222419671,2.222419671,-2,36765.48652,12.05540166,5.325443787,2.712802768,111.9637588,14.5802533,13.21376393,11.49902367,0,0,0,0,36.39820241,23.25963712,6.420821623,6.103966388,14.5802533,0,12.52478801,13.21376393,59.65783953,11.49902367,9.473725908,11.49902367,0,18.32029132,6.420821623,0,17.23086937,48.53093655,0,38.69,6.103966388,5.106527395,0,19.63458555,22.62592665,0,0,48.53093655,0,9.473725908,10.99818397,0,0,10.27915415,1.970363074,1.47015999,15.57085113,0.068282313,1.14300538,0,0.25,19,1,3,1,1,2,0,2,3,1,3,3,3,2.7339,72.5378,1,1,0,0,0,2,1,0,2,0,0,36
PC12,O=C(C1=CC=C(C(F)(F)F)C=C1)C2=CC=C(OC)C=C2,-8.62724755,-0.47646461,4.0142,2.4414,12.42820737,-4.401100474,12.42820737,0.21126559,0.79580014,280.245,269.157,280.0711143,104,0.415910251,-0.496767786,0.496767786,0.415910251,0.9,1.35,1.75,19.41317542,10.01713853,2.297350454,-2.072363469,2.28988337,-2.062208619,6.085414124,-0.137140784,2.241448821,598.5109069,14.75071238,10.56919215,10.56919215,9.414033466,5.776177701,5.776177701,4.132735024,4.132735024,2.826622946,2.826622946,1.71964488,1.71964488,-2.3,29326.01767,14.11636878,5.364833375,2.987270294,113.3549972,4.736862954,5.749511833,5.783244946,0,6.176298517,4.794537184,13.17124514,0,12.13273414,36.39820241,11.12690298,12.67324903,22.70264528,5.783244946,0,6.176298517,7.109797541,65.22129102,5.749511833,4.736862954,13.17124514,5.749511833,0,12.89304249,6.176298517,21.48489166,48.53093655,0,0,26.3,11.73975001,17.96578233,11.34669644,11.31296332,12.13273414,19.24253168,24.26546827,0,0,4.736862954,42.25612484,0,12.08484033,0,-0.168975531,0.273469349,10.5323382,-4.401100474,0,1.506636629,0.133333333,20,0,2,0,0,0,2,0,2,2,0,5,3,2,3.945,67.8705,0,0,1,1,0,0,0,3,0,0,2,0,1,3,1,1,0,0,Alc1,OC(CC1=CC=CC=C1)C2=CC=C(C(OC)=O)C=C2,-8.93854139,0.12353794,110.2839659,11.30088219,-0.574910242,11.30088219,0.371204472,0.855519056,256.301,240.173,256.1099444,98,0.337341793,-0.465417521,0.465417521,0.337341793,1.105263158,1.736842105,2.315789474,16.52329338,10.00323688,2.100617015,-2.111125286,2.185198708,-2.040609497,5.887593188,0.060023834,2.073681425,531.6803208,13.66492594,10.74431965,10.74431965,9.2027086,6.107223094,6.107223094,4.319110573,4.319110573,2.988430816,2.988430816,1.914407383,1.914407383,-2.13,25130.04108,13.30515172,6.15877057,3.421837675,112.0175669,9.843390349,0,0,0,5.969305288,4.794537184,0,42.46456948,23.25963712,6.420821623,18.77721542,14.63792753,5.969305288,12.52478801,7.109797541,71.28765809,0,0,0,0,18.18563022,11.15768458,0,27.58885805,54.59730362,0,46.53,6.103966388,9.901064579,5.969305288,11.98427311,11.12690298,7.109797541,24.26546827,30.33183534,4.736862954,0,4.630823061,0,11.30088219,10.14446232,2.348807109,-0.371204472,16.61944778,-0.020931201,0,1.347713215,0.1875,19,1,3,0,0,2,0,2,3,1,3,4,2,2.7493,72.8873,1,1,1,1,0,2,0,1,1,1,0,1
PC12,O=C(C1=CC=C(C(F)(F)F)C=C1)C2=CC=C(OC)C=C2,-8.62724755,-0.47646461,4.0142,2.4414,12.42820737,-4.401100474,12.42820737,0.21126559,0.79580014,280.245,269.157,280.0711143,104,0.415910251,-0.496767786,0.496767786,0.415910251,0.9,1.35,1.75,19.41317542,10.01713853,2.297350454,-2.072363469,2.28988337,-2.062208619,6.085414124,-0.137140784,2.241448821,598.5109069,14.75071238,10.56919215,10.56919215,9.414033466,5.776177701,5.776177701,4.132735024,4.132735024,2.826622946,2.826622946,1.71964488,1.71964488,-2.3,29326.01767,14.11636878,5.364833375,2.987270294,113.3549972,4.736862954,5.749511833,5.783244946,0,6.176298517,4.794537184,13.17124514,0,12.13273414,36.39820241,11.12690298,12.67324903,22.70264528,5.783244946,0,6.176298517,7.109797541,65.22129102,5.749511833,4.736862954,13.17124514,5.749511833,0,12.89304249,6.176298517,21.48489166,48.53093655,0,0,26.3,11.73975001,17.96578233,11.34669644,11.31296332,12.13273414,19.24253168,24.26546827,0,0,4.736862954,42.25612484,0,12.08484033,0,-0.168975531,0.273469349,10.5323382,-4.401100474,0,1.506636629,0.133333333,20,0,2,0,0,0,2,0,2,2,0,5,3,2,3.945,67.8705,0,0,1,1,0,0,0,3,0,0,2,0,1,3,1,1,0,0,Alc2,OC(CC1=CC=CC=C1)C2=CC=CC=C2,-8.90697663,1.05415414,110.1584658,9.973947468,-0.408703704,9.973947468,0.408703704,0.803505173,198.265,184.153,198.1044651,76,0.08298805,-0.388072044,0.388072044,0.08298805,0.8,1.333333333,1.933333333,16.26607617,10.01729244,2.063045969,-2.099774891,2.167902087,-2.005146996,5.216146633,0.178227923,2.078451608,394.1985815,10.5102254,8.505173338,8.505173338,7.360173345,5.13004291,5.13004291,3.616204083,3.616204083,2.456222038,2.456222038,1.630392829,1.630392829,-1.6,4035.300847,9.936265432,4.759877127,2.672959184,90.01261531,5.106527395,0,0,0,0,0,0,60.66367068,11.12690298,6.420821623,6.103966388,5.106527395,0,12.52478801,0,71.79057367,0,0,0,0,5.106527395,6.420821623,0,17.23086937,60.66367068,0,20.23,6.103966388,5.106527395,0,6.420821623,11.12690298,0,0,60.66367068,0,0,0,0,0,9.973947468,2.134450113,0,19.79549131,0.262777778,0,0,0.142857143,15,1,1,0,0,2,0,2,1,1,1,3,2,2.9627,61.5478,1,1,0,0,0,2,0,0,0,0,0,1
PC12,O=C(C1=CC=C(C(F)(F)F)C=C1)C2=CC=C(OC)C=C2,-8.62724755,-0.47646461,4.0142,2.4414,12.42820737,-4.401100474,12.42820737,0.21126559,0.79580014,280.245,269.157,280.0711143,104,0.415910251,-0.496767786,0.496767786,0.415910251,0.9,1.35,1.75,19.41317542,10.01713853,2.297350454,-2.072363469,2.28988337,-2.062208619,6.085414124,-0.137140784,2.241448821,598.5109069,14.75071238,10.56919215,10.56919215,9.414033466,5.776177701,5.776177701,4.132735024,4.132735024,2.826622946,2.826622946,1.71964488,1.71964488,-2.3,29326.01767,14.11636878,5.364833375,2.987270294,113.3549972,4.736862954,5.749511833,5.783244946,0,6.176298517,4.794537184,13.17124514,0,12.13273414,36.39820241,11.12690298,12.67324903,22.70264528,5.783244946,0,6.176298517,7.109797541,65.22129102,5.749511833,4.736862954,13.17124514,5.749511833,0,12.89304249,6.176298517,21.48489166,48.53093655,0,0,26.3,11.73975001,17.96578233,11.34669644,11.31296332,12.13273414,19.24253168,24.26546827,0,0,4.736862954,42.25612484,0,12.08484033,0,-0.168975531,0.273469349,10.5323382,-4.401100474,0,1.506636629,0.133333333,20,0,2,0,0,0,2,0,2,2,0,5,3,2,3.945,67.8705,0,0,1,1,0,0,0,3,0,0,2,0,1,3,1,1,0,0,Alc3,OC(CC1=CC=CC=C1)C2=CC=C(C3=CC=CC=C3)C=C2,-8.36030764,0.54884587,110.1647408,10.33540753,-0.4609043,10.33540753,0.4609043,0.735116307,274.363,256.219,274.1357652,104,0.082988753,-0.388072038,0.388072038,0.082988753,0.619047619,1.142857143,1.761904762,16.26608329,9.982653574,2.08184519,-2.117053785,2.231560759,-2.009876154,5.629945447,0.178242278,1.7483318,672.0487817,14.49335306,11.81457441,11.81457441,10.32649984,7.201410115,7.201410115,5.193554353,5.193554353,3.674455551,3.674455551,2.483526522,2.483526522,-2.38,104293.4243,13.59609414,6.379998763,3.388286558,125.0697095,5.106527395,0,0,0,0,0,0,84.92913896,22.25380597,6.420821623,6.103966388,5.106527395,0,12.52478801,0,96.05604194,11.12690298,0,0,0,5.106527395,6.420821623,0,17.23086937,84.92913896,11.12690298,20.23,6.103966388,5.106527395,0,6.420821623,11.12690298,11.12690298,0,60.66367068,24.26546827,0,0,0,0,10.33540753,4.475491082,0,28.50563698,0.183464401,0,0,0.1,21,1,1,0,0,3,0,3,1,1,1,4,3,4.6297,86.9838,1,1,0,0,0,3,0,0,0,0,0,0
PC12,O=C(C1=CC=C(C(F)(F)F)C=C1)C2=CC=C(OC)C=C2,-8.62724755,-0.47646461,4.0142,2.4414,12.42820737,-4.401100474,12.42820737,0.21126559,0.79580014,280.245,269.157,280.0711143,104,0.415910251,-0.496767786,0.496767786,0.415910251,0.9,1.35,1.75,19.41317542,10.01713853,2.297350454,-2.072363469,2.28988337,-2.062208619,6.085414124,-0.137140784,2.241448821,598.5109069,14.75071238,10.56919215,10.56919215,9.414033466,5.776177701,5.776177701,4.132735024,4.132735024,2.826622946,2.826622946,1.71964488,1.71964488,-2.3,29326.01767,14.11636878,5.364833375,2.987270294,113.3549972,4.736862954,5.749511833,5.783244946,0,6.176298517,4.794537184,13.17124514,0,12.13273414,36.39820241,11.12690298,12.67324903,22.70264528,5.783244946,0,6.176298517,7.109797541,65.22129102,5.749511833,4.736862954,13.17124514,5.749511833,0,12.89304249,6.176298517,21.48489166,48.53093655,0,0,26.3,11.73975001,17.96578233,11.34669644,11.31296332,12.13273414,19.24253168,24.26546827,0,0,4.736862954,42.25612484,0,12.08484033,0,-0.168975531,0.273469349,10.5323382,-4.401100474,0,1.506636629,0.133333333,20,0,2,0,0,0,2,0,2,2,0,5,3,2,3.945,67.8705,0,0,1,1,0,0,0,3,0,0,2,0,1,3,1,1,0,0,Alc4,OC(CC1=CC=CC=C1)C2=CC=C(C)C=C2,-8.66833616,1.06231744,110.0894409,10.06483938,-0.413888889,10.06483938,0.413888889,0.827496934,212.292,196.164,212.1201151,82,0.082988375,-0.388072041,0.388072041,0.082988375,0.9375,1.5625,2.1875,16.26607839,10.0062892,2.069742142,-2.107210664,2.178966078,-2.009250363,5.250301887,0.178214004,2.085070945,430.7519476,11.38046889,9.427823069,9.427823069,7.754020195,5.540726513,5.540726513,4.116204083,4.116204083,2.733999816,2.733999816,1.743806823,1.743806823,-1.6,5689.016293,10.90261427,4.950941945,2.706772373,96.37755742,5.106527395,0,0,0,0,0,0,60.16075511,18.05064018,6.420821623,6.103966388,5.106527395,0,19.44852521,0,71.28765809,0,0,0,0,5.106527395,6.420821623,6.9237372,22.79432086,54.59730362,0,20.23,6.103966388,5.106527395,0,6.420821623,11.12690298,5.563451492,0,61.52104082,0,0,0,0,0,10.06483938,3.361749234,0,18.101132,0.25664777,2.048964947,0,0.2,16,1,1,0,0,2,0,2,1,1,1,3,2,3.27112,66.2848,1,1,0,0,1,2,0,0,0,0,0,4
PC12,O=C(C1=CC=C(C(F)(F)F)C=C1)C2=CC=C(OC)C=C2,-8.62724755,-0.47646461,4.0142,2.4414,12.42820737,-4.401100474,12.42820737,0.21126559,0.79580014,280.245,269.157,280.0711143,104,0.415910251,-0.496767786,0.496767786,0.415910251,0.9,1.35,1.75,19.41317542,10.01713853,2.297350454,-2.072363469,2.28988337,-2.062208619,6.085414124,-0.137140784,2.241448821,598.5109069,14.75071238,10.56919215,10.56919215,9.414033466,5.776177701,5.776177701,4.132735024,4.132735024,2.826622946,2.826622946,1.71964488,1.71964488,-2.3,29326.01767,14.11636878,5.364833375,2.987270294,113.3549972,4.736862954,5.749511833,5.783244946,0,6.176298517,4.794537184,13.17124514,0,12.13273414,36.39820241,11.12690298,12.67324903,22.70264528,5.783244946,0,6.176298517,7.109797541,65.22129102,5.749511833,4.736862954,13.17124514,5.749511833,0,12.89304249,6.176298517,21.48489166,48.53093655,0,0,26.3,11.73975001,17.96578233,11.34669644,11.31296332,12.13273414,19.24253168,24.26546827,0,0,4.736862954,42.25612484,0,12.08484033,0,-0.168975531,0.273469349,10.5323382,-4.401100474,0,1.506636629,0.133333333,20,0,2,0,0,0,2,0,2,2,0,5,3,2,3.945,67.8705,0,0,1,1,0,0,0,3,0,0,2,0,1,3,1,1,0,0,Alc5,OC(CC1=CC=CC=C1)C2=CC=C(OC)C=C2,-8.23187172,1.04735139,110.4094658,10.09672714,-0.469160998,10.09672714,0.469160998,0.871362138,228.291,212.163,228.1150298,88,0.118381005,-0.496768192,0.496768192,0.118381005,1,1.647058824,2.235294118,16.46529396,10.01448176,2.0766339,-2.111463059,2.203362817,-2.010311168,5.291757737,0.178131117,2.062926536,448.1078528,12.08757567,9.836071359,9.836071359,8.292024998,5.653098949,5.653098949,3.97868022,3.97868022,2.772451507,2.772451507,1.781264301,1.781264301,-1.8,10090.55557,11.67858558,5.50509078,3.078969757,101.4911027,9.843390349,5.749511833,0,0,0,0,0,42.46456948,23.25963712,6.420821623,13.21376393,9.843390349,0,12.52478801,7.109797541,65.7242066,5.749511833,4.736862954,5.749511833,0,12.21632494,6.420821623,0,17.23086937,54.59730362,0,29.46,6.103966388,5.106527395,0,6.420821623,16.87641482,0,7.109797541,54.59730362,0,4.736862954,5.085560668,0,0,10.09672714,2.046732516,0.806167695,17.50086494,0.162950916,0,1.634329465,0.2,17,1,2,0,0,2,0,2,2,1,2,4,2,2.9713,68.0998,1,1,0,0,0,2,0,0,1,1,0,40
PC12,O=C(C1=CC=C(C(F)(F)F)C=C1)C2=CC=C(OC)C=C2,-8.62724755,-0.47646461,4.0142,2.4414,12.42820737,-4.401100474,12.42820737,0.21126559,0.79580014,280.245,269.157,280.0711143,104,0.415910251,-0.496767786,0.496767786,0.415910251,0.9,1.35,1.75,19.41317542,10.01713853,2.297350454,-2.072363469,2.28988337,-2.062208619,6.085414124,-0.137140784,2.241448821,598.5109069,14.75071238,10.56919215,10.56919215,9.414033466,5.776177701,5.776177701,4.132735024,4.132735024,2.826622946,2.826622946,1.71964488,1.71964488,-2.3,29326.01767,14.11636878,5.364833375,2.987270294,113.3549972,4.736862954,5.749511833,5.783244946,0,6.176298517,4.794537184,13.17124514,0,12.13273414,36.39820241,11.12690298,12.67324903,22.70264528,5.783244946,0,6.176298517,7.109797541,65.22129102,5.749511833,4.736862954,13.17124514,5.749511833,0,12.89304249,6.176298517,21.48489166,48.53093655,0,0,26.3,11.73975001,17.96578233,11.34669644,11.31296332,12.13273414,19.24253168,24.26546827,0,0,4.736862954,42.25612484,0,12.08484033,0,-0.168975531,0.273469349,10.5323382,-4.401100474,0,1.506636629,0.133333333,20,0,2,0,0,0,2,0,2,2,0,5,3,2,3.945,67.8705,0,0,1,1,0,0,0,3,0,0,2,0,1,3,1,1,0,0,Alc6,OC(CC1=CC=CC=C1)C2=CC=C(OC)C(OC)=C2,-7.88792468,1.04517451,110.5224158,10.26113757,-0.55351285,10.26113757,0.55351285,0.895699088,258.317,240.173,258.1255944,100,0.160584538,-0.49286995,0.49286995,0.160584538,0.947368421,1.631578947,2.263157895,16.50784068,10.0096787,2.117243407,-2.139118621,2.303972964,-2.023299719,5.433081291,0.177599354,2.170628056,522.7721843,13.66492594,11.16696938,11.16696938,9.240713403,6.182138051,6.182138051,4.319941212,4.319941212,3.064246236,3.064246236,2.015286458,2.015286458,-2,25290.51808,13.43209877,6.25,3.26326743,112.96959,14.5802533,0,11.49902367,0,0,0,0,36.39820241,23.25963712,6.420821623,20.32356147,14.5802533,0,12.52478801,14.21959508,59.65783953,11.49902367,9.473725908,11.49902367,0,19.32612248,6.420821623,0,17.23086937,48.53093655,0,38.69,6.103966388,5.106527395,0,17.91984529,11.12690298,0,14.21959508,48.53093655,0,9.473725908,10.42373952,0,0,10.26113757,1.922488846,1.296548879,15.38624764,0.026172761,0,3.183664782,0.25,19,1,3,0,0,2,0,2,3,1,3,5,2,2.9799,74.6518,1,1,0,0,0,2,0,0,2,2,0,72
PC12,O=C(C1=CC=C(C(F)(F)F)C=C1)C2=CC=C(OC)C=C2,-8.62724755,-0.47646461,4.0142,2.4414,12.42820737,-4.401100474,12.42820737,0.21126559,0.79580014,280.245,269.157,280.0711143,104,0.415910251,-0.496767786,0.496767786,0.415910251,0.9,1.35,1.75,19.41317542,10.01713853,2.297350454,-2.072363469,2.28988337,-2.062208619,6.085414124,-0.137140784,2.241448821,598.5109069,14.75071238,10.56919215,10.56919215,9.414033466,5.776177701,5.776177701,4.132735024,4.132735024,2.826622946,2.826622946,1.71964488,1.71964488,-2.3,29326.01767,14.11636878,5.364833375,2.987270294,113.3549972,4.736862954,5.749511833,5.783244946,0,6.176298517,4.794537184,13.17124514,0,12.13273414,36.39820241,11.12690298,12.67324903,22.70264528,5.783244946,0,6.176298517,7.109797541,65.22129102,5.749511833,4.736862954,13.17124514,5.749511833,0,12.89304249,6.176298517,21.48489166,48.53093655,0,0,26.3,11.73975001,17.96578233,11.34669644,11.31296332,12.13273414,19.24253168,24.26546827,0,0,4.736862954,42.25612484,0,12.08484033,0,-0.168975531,0.273469349,10.5323382,-4.401100474,0,1.506636629,0.133333333,20,0,2,0,0,0,2,0,2,2,0,5,3,2,3.945,67.8705,0,0,1,1,0,0,0,3,0,0,2,0,1,3,1,1,0,0,Alc7,OC(CC1=CC=CC=C1)C2=C(OC)C=CC=C2OC,-8.24683777,1.0149703,107.1841159,10.43783636,-0.658796296,10.43783636,0.52537037,0.895699088,258.317,240.173,258.1255944,100,0.127902095,-0.496228759,0.496228759,0.127902095,0.894736842,1.473684211,2,16.47797685,9.995068211,2.183895081,-2.176698553,2.348905965,-2.059889902,5.463673305,0.169084656,2.29696563,500.5221843,13.66492594,11.16696938,11.16696938,9.257550155,6.188121115,6.188121115,4.281728869,4.281728869,3.07104304,3.07104304,2.14772538,2.14772538,-2,25369.48259,13.43209877,6.25,3.0625,112.96959,14.5802533,11.49902367,0,0,0,0,0,36.39820241,17.69618563,6.420821623,25.88701296,14.5802533,0,12.52478801,14.21959508,59.65783953,11.49902367,9.473725908,11.49902367,0,19.32612248,6.420821623,0,17.23086937,48.53093655,0,38.69,6.103966388,5.106527395,0,23.48329678,5.563451492,0,14.21959508,48.53093655,0,9.473725908,10.61332861,0,0,10.43783636,1.763252079,1.282928005,15.35451247,-0.133425926,0,3.181568405,0.25,19,1,3,0,0,2,0,2,3,1,3,5,2,2.9799,74.6518,1,1,0,0,0,2,0,0,2,2,0,7
PC12,O=C(C1=CC=C(C(F)(F)F)C=C1)C2=CC=C(OC)C=C2,-8.62724755,-0.47646461,4.0142,2.4414,12.42820737,-4.401100474,12.42820737,0.21126559,0.79580014,280.245,269.157,280.0711143,104,0.415910251,-0.496767786,0.496767786,0.415910251,0.9,1.35,1.75,19.41317542,10.01713853,2.297350454,-2.072363469,2.28988337,-2.062208619,6.085414124,-0.137140784,2.241448821,598.5109069,14.75071238,10.56919215,10.56919215,9.414033466,5.776177701,5.776177701,4.132735024,4.132735024,2.826622946,2.826622946,1.71964488,1.71964488,-2.3,29326.01767,14.11636878,5.364833375,2.987270294,113.3549972,4.736862954,5.749511833,5.783244946,0,6.176298517,4.794537184,13.17124514,0,12.13273414,36.39820241,11.12690298,12.67324903,22.70264528,5.783244946,0,6.176298517,7.109797541,65.22129102,5.749511833,4.736862954,13.17124514,5.749511833,0,12.89304249,6.176298517,21.48489166,48.53093655,0,0,26.3,11.73975001,17.96578233,11.34669644,11.31296332,12.13273414,19.24253168,24.26546827,0,0,4.736862954,42.25612484,0,12.08484033,0,-0.168975531,0.273469349,10.5323382,-4.401100474,0,1.506636629,0.133333333,20,0,2,0,0,0,2,0,2,2,0,5,3,2,3.945,67.8705,0,0,1,1,0,0,0,3,0,0,2,0,1,3,1,1,0,0,Alc8,OC(CC1=CC=CC=C1)(C)C2=CC=C(OC)C=C2,-8.17772183,1.02993635,110.2274909,10.56200491,-0.867435752,10.56200491,0.597389692,0.892105667,242.318,224.174,242.1306798,94,0.118381372,-0.496768189,0.496768189,0.118381372,1,1.611111111,2.166666667,16.46530434,9.889503761,2.227971509,-2.238534935,2.263139458,-2.236217268,5.316379902,0.05756913,2.188427957,486.2652269,13.0102254,10.75872109,10.75872109,8.61532163,6.025136822,6.025136822,4.664730961,4.664730961,3.103088053,3.103088053,2.04546916,2.04546916,-1.8,13287.8363,12.65159546,5.233467659,2.901820229,107.8560448,9.843390349,5.749511833,0,0,0,0,0,42.46456948,30.18337432,6.420821623,12.71084835,9.843390349,0,18.94560963,7.109797541,65.7242066,5.749511833,4.736862954,5.749511833,0,12.21632494,12.02187243,0,18.05064018,54.59730362,0,29.46,5.601050811,5.106527395,0,6.420821623,16.87641482,0,7.109797541,61.52104082,0,4.736862954,5.118487728,0,0,10.56200491,1.151518986,0.80024177,17.54919827,0.597389692,1.835128496,1.636030145,0.25,18,1,2,0,0,2,0,2,2,1,2,4,2,3.1454,72.7108,1,0,0,0,0,2,0,0,1,1,0,3
PC12,O=C(C1=CC=C(C(F)(F)F)C=C1)C2=CC=C(OC)C=C2,-8.62724755,-0.47646461,4.0142,2.4414,12.42820737,-4.401100474,12.42820737,0.21126559,0.79580014,280.245,269.157,280.0711143,104,0.415910251,-0.496767786,0.496767786,0.415910251,0.9,1.35,1.75,19.41317542,10.01713853,2.297350454,-2.072363469,2.28988337,-2.062208619,6.085414124,-0.137140784,2.241448821,598.5109069,14.75071238,10.56919215,10.56919215,9.414033466,5.776177701,5.776177701,4.132735024,4.132735024,2.826622946,2.826622946,1.71964488,1.71964488,-2.3,29326.01767,14.11636878,5.364833375,2.987270294,113.3549972,4.736862954,5.749511833,5.783244946,0,6.176298517,4.794537184,13.17124514,0,12.13273414,36.39820241,11.12690298,12.67324903,22.70264528,5.783244946,0,6.176298517,7.109797541,65.22129102,5.749511833,4.736862954,13.17124514,5.749511833,0,12.89304249,6.176298517,21.48489166,48.53093655,0,0,26.3,11.73975001,17.96578233,11.34669644,11.31296332,12.13273414,19.24253168,24.26546827,0,0,4.736862954,42.25612484,0,12.08484033,0,-0.168975531,0.273469349,10.5323382,-4.401100474,0,1.506636629,0.133333333,20,0,2,0,0,0,2,0,2,2,0,5,3,2,3.945,67.8705,0,0,1,1,0,0,0,3,0,0,2,0,1,3,1,1,0,0,Alc9,OC(CC1=CC=CC=C1)(C)C2=CC(OC)=C(OC)C=C2,-7.83976121,1.02803158,110.3090658,10.72641534,-0.957435752,10.72641534,0.544963388,0.908372189,272.344,252.184,272.1412445,106,0.160595357,-0.492869947,0.492869947,0.160595357,0.95,1.6,2.2,16.50786391,9.886714685,2.244651992,-2.246767403,2.332200447,-2.238535517,5.4439743,0.057303819,2.290057545,561.7027291,14.58757567,12.08961911,12.08961911,9.564010035,6.554175925,6.554175925,5.005991953,5.005991953,3.396609945,3.396609945,2.266626138,2.266626138,-2,33330.10718,14.4099723,5.969821674,3.114186851,119.3345321,14.5802533,0,11.49902367,0,0,0,0,36.39820241,30.18337432,6.420821623,19.82064589,14.5802533,0,18.94560963,14.21959508,59.65783953,11.49902367,9.473725908,11.49902367,0,19.32612248,12.02187243,0,18.05064018,48.53093655,0,38.69,5.601050811,5.106527395,0,17.91984529,11.12690298,0,21.14333228,48.53093655,0,9.473725908,10.50166658,0,0,10.72641534,0.937275316,1.282497953,15.42937264,0.544963388,1.806795163,3.187680277,0.294117647,20,1,3,0,0,2,0,2,3,1,3,5,2,3.154,79.2628,1,0,0,0,0,2,0,0,2,2,0,43
PC12,O=C(C1=CC=C(C(F)(F)F)C=C1)C2=CC=C(OC)C=C2,-8.62724755,-0.47646461,4.0142,2.4414,12.42820737,-4.401100474,12.42820737,0.21126559,0.79580014,280.245,269.157,280.0711143,104,0.415910251,-0.496767786,0.496767786,0.415910251,0.9,1.35,1.75,19.41317542,10.01713853,2.297350454,-2.072363469,2.28988337,-2.062208619,6.085414124,-0.137140784,2.241448821,598.5109069,14.75071238,10.56919215,10.56919215,9.414033466,5.776177701,5.776177701,4.132735024,4.132735024,2.826622946,2.826622946,1.71964488,1.71964488,-2.3,29326.01767,14.11636878,5.364833375,2.987270294,113.3549972,4.736862954,5.749511833,5.783244946,0,6.176298517,4.794537184,13.17124514,0,12.13273414,36.39820241,11.12690298,12.67324903,22.70264528,5.783244946,0,6.176298517,7.109797541,65.22129102,5.749511833,4.736862954,13.17124514,5.749511833,0,12.89304249,6.176298517,21.48489166,48.53093655,0,0,26.3,11.73975001,17.96578233,11.34669644,11.31296332,12.13273414,19.24253168,24.26546827,0,0,4.736862954,42.25612484,0,12.08484033,0,-0.168975531,0.273469349,10.5323382,-4.401100474,0,1.506636629,0.133333333,20,0,2,0,0,0,2,0,2,2,0,5,3,2,3.945,67.8705,0,0,1,1,0,0,0,3,0,0,2,0,1,3,1,1,0,0,Alc10,OC(CC1=CC=CC=C1)C2=CC=CS2,-8.64139727,1.03292956,111.8150659,9.873253023,-0.363518519,9.873253023,0.363518519,0.814439084,204.294,192.198,204.060886,72,0.09216528,-0.38723214,0.38723214,0.09216528,1.071428571,1.857142857,2.5,32.13347352,10.07645264,2.078921369,-2.072307397,2.216794261,-1.983243765,7.095204082,0.182071194,2.055317991,366.4849572,9.803118619,7.75872109,8.575217671,6.860173345,4.614527515,5.494180326,3.220940058,4.200212366,2.143483815,3.117025632,1.418819851,2.130640812,-1.12,3066.32425,9.435606308,4.398850502,2.21844236,87.65297858,5.106527395,0,0,0,0,0,11.33678588,36.39820241,17.00988133,11.29796882,6.103966388,5.106527395,11.33678588,12.52478801,0,58.28523094,0,0,0,11.33678588,5.106527395,6.420821623,0,16.54456507,47.84463225,0,20.23,0,5.106527395,6.103966388,6.420821623,4.877147194,5.563451492,11.33678588,47.84463225,0,0,0,1.600269038,1.035975057,11.86288265,1.174444444,0,13.99416029,0.332268519,0,0,0.166666667,14,1,1,0,0,1,1,2,2,1,2,3,2,3.0242,59.4248,1,1,0,0,0,1,0,0,0,0,1,1
PC12,O=C(C1=CC=C(C(F)(F)F)C=C1)C2=CC=C(OC)C=C2,-8.62724755,-0.47646461,4.0142,2.4414,12.42820737,-4.401100474,12.42820737,0.21126559,0.79580014,280.245,269.157,280.0711143,104,0.415910251,-0.496767786,0.496767786,0.415910251,0.9,1.35,1.75,19.41317542,10.01713853,2.297350454,-2.072363469,2.28988337,-2.062208619,6.085414124,-0.137140784,2.241448821,598.5109069,14.75071238,10.56919215,10.56919215,9.414033466,5.776177701,5.776177701,4.132735024,4.132735024,2.826622946,2.826622946,1.71964488,1.71964488,-2.3,29326.01767,14.11636878,5.364833375,2.987270294,113.3549972,4.736862954,5.749511833,5.783244946,0,6.176298517,4.794537184,13.17124514,0,12.13273414,36.39820241,11.12690298,12.67324903,22.70264528,5.783244946,0,6.176298517,7.109797541,65.22129102,5.749511833,4.736862954,13.17124514,5.749511833,0,12.89304249,6.176298517,21.48489166,48.53093655,0,0,26.3,11.73975001,17.96578233,11.34669644,11.31296332,12.13273414,19.24253168,24.26546827,0,0,4.736862954,42.25612484,0,12.08484033,0,-0.168975531,0.273469349,10.5323382,-4.401100474,0,1.506636629,0.133333333,20,0,2,0,0,0,2,0,2,2,0,5,3,2,3.945,67.8705,0,0,1,1,0,0,0,3,0,0,2,0,1,3,1,1,0,0,Alc11,OC(CC1=CC=CC=C1)C2=CC=C3C(C=CC=C3)=C2,-8.12765359,0.32353879,110.1333659,10.33341648,-0.451846183,10.33341648,0.451846183,0.739012436,248.325,232.197,248.1201151,94,0.083009866,-0.388071663,0.388071663,0.083009866,0.736842105,1.421052632,2.210526316,16.26608468,9.986417292,2.083747824,-2.117047312,2.224950035,-2.010327051,5.82588213,0.178379756,1.869464155,673.3497853,13.0791395,10.65987388,10.65987388,9.32649984,6.534743449,6.534743449,4.812108497,4.812108497,3.430171422,3.430171422,2.370271693,2.370271693,-2.12,36765.48652,11.94179079,5.249619382,2.66527869,112.6942798,5.106527395,0,0,0,0,0,0,66.73003775,27.96571848,6.420821623,6.103966388,5.106527395,10.77244843,12.52478801,0,83.9233078,0,0,0,0,5.106527395,6.420821623,0,17.23086937,72.79640482,10.77244843,20.23,6.103966388,5.106527395,0,6.420821623,11.12690298,10.77244843,0,48.53093655,24.26546827,0,0,0,0,12.71329869,2.130288591,0,24.45629438,0.200118339,0,0,0.111111111,19,1,1,0,0,3,0,3,1,1,1,3,3,4.1159,79.0538,1,1,0,0,0,3,1,0,0,0,0,0
PC12,O=C(C1=CC=C(C(F)(F)F)C=C1)C2=CC=C(OC)C=C2,-8.62724755,-0.47646461,4.0142,2.4414,12.42820737,-4.401100474,12.42820737,0.21126559,0.79580014,280.245,269.157,280.0711143,104,0.415910251,-0.496767786,0.496767786,0.415910251,0.9,1.35,1.75,19.41317542,10.01713853,2.297350454,-2.072363469,2.28988337,-2.062208619,6.085414124,-0.137140784,2.241448821,598.5109069,14.75071238,10.56919215,10.56919215,9.414033466,5.776177701,5.776177701,4.132735024,4.132735024,2.826622946,2.826622946,1.71964488,1.71964488,-2.3,29326.01767,14.11636878,5.364833375,2.987270294,113.3549972,4.736862954,5.749511833,5.783244946,0,6.176298517,4.794537184,13.17124514,0,12.13273414,36.39820241,11.12690298,12.67324903,22.70264528,5.783244946,0,6.176298517,7.109797541,65.22129102,5.749511833,4.736862954,13.17124514,5.749511833,0,12.89304249,6.176298517,21.48489166,48.53093655,0,0,26.3,11.73975001,17.96578233,11.34669644,11.31296332,12.13273414,19.24253168,24.26546827,0,0,4.736862954,42.25612484,0,12.08484033,0,-0.168975531,0.273469349,10.5323382,-4.401100474,0,1.506636629,0.133333333,20,0,2,0,0,0,2,0,2,2,0,5,3,2,3.945,67.8705,0,0,1,1,0,0,0,3,0,0,2,0,1,3,1,1,0,0,Alc12,OC(CC1=CC=CC=C1)C2=C3C(C=CC=C3)=CC=C2,-8.02670078,0.27891275,110.2902409,10.47196901,-0.464351852,10.47196901,0.464351852,0.739012436,248.325,232.197,248.1201151,94,0.083586962,-0.388048921,0.388048921,0.083586962,0.736842105,1.421052632,2.263157895,16.2661245,9.961087362,2.108514386,-2.135341267,2.259726004,-2.019364071,5.854953123,0.179785723,1.955927549,668.0997853,13.0791395,10.65987388,10.65987388,9.343336593,6.540726513,6.540726513,4.773896154,4.773896154,3.454236172,3.454236172,2.488346906,2.488346906,-2.12,37234.02226,11.94179079,5.249619382,2.514643812,112.6942798,5.106527395,0,0,0,0,0,0,72.79640482,21.89935141,6.420821623,6.103966388,5.106527395,10.77244843,12.52478801,0,83.9233078,0,0,0,0,5.106527395,6.420821623,0,17.23086937,72.79640482,10.77244843,20.23,6.103966388,5.106527395,0,6.420821623,16.5131272,5.386224214,0,54.59730362,18.19910121,0,0,0,0,12.77802716,2.157303005,0,24.3813554,0.183314437,0,0,0.111111111,19,1,1,0,0,3,0,3,1,1,1,3,3,4.1159,79.0538,1,1,0,0,0,3,1,0,0,0,0,0
PC12,O=C(C1=CC=C(C(F)(F)F)C=C1)C2=CC=C(OC)C=C2,-8.62724755,-0.47646461,4.0142,2.4414,12.42820737,-4.401100474,12.42820737,0.21126559,0.79580014,280.245,269.157,280.0711143,104,0.415910251,-0.496767786,0.496767786,0.415910251,0.9,1.35,1.75,19.41317542,10.01713853,2.297350454,-2.072363469,2.28988337,-2.062208619,6.085414124,-0.137140784,2.241448821,598.5109069,14.75071238,10.56919215,10.56919215,9.414033466,5.776177701,5.776177701,4.132735024,4.132735024,2.826622946,2.826622946,1.71964488,1.71964488,-2.3,29326.01767,14.11636878,5.364833375,2.987270294,113.3549972,4.736862954,5.749511833,5.783244946,0,6.176298517,4.794537184,13.17124514,0,12.13273414,36.39820241,11.12690298,12.67324903,22.70264528,5.783244946,0,6.176298517,7.109797541,65.22129102,5.749511833,4.736862954,13.17124514,5.749511833,0,12.89304249,6.176298517,21.48489166,48.53093655,0,0,26.3,11.73975001,17.96578233,11.34669644,11.31296332,12.13273414,19.24253168,24.26546827,0,0,4.736862954,42.25612484,0,12.08484033,0,-0.168975531,0.273469349,10.5323382,-4.401100474,0,1.506636629,0.133333333,20,0,2,0,0,0,2,0,2,2,0,5,3,2,3.945,67.8705,0,0,1,1,0,0,0,3,0,0,2,0,1,3,1,1,0,0,Alc13,OC(CC1=CC=CC=C1)C2=CC(OCO3)=C3C=C2,-7.9864285,1.08381413,109.9953158,10.20884165,-0.526018519,10.20884165,0.257507114,0.898944943,242.274,228.162,242.0942943,92,0.230800378,-0.453595466,0.453595466,0.230800378,1,1.777777778,2.611111111,16.69672243,10.01045676,2.161838013,-2.112079703,2.342342866,-2.01108597,5.447982472,0.171222171,1.782012697,536.689907,12.37203272,9.874076162,9.874076162,8.82649984,5.942991739,5.942991739,4.318219186,4.318219186,3.053275195,3.053275195,2.075602865,2.075602865,-2,27276.07585,11.11111111,4.704,2.172635445,105.5988167,14.5802533,0,11.49902367,6.792942306,0,0,0,36.39820241,23.25963712,6.420821623,6.103966388,14.5802533,0,12.52478801,6.792942306,59.65783953,11.49902367,9.473725908,11.49902367,0,11.8994697,6.420821623,0,17.23086937,48.53093655,0,38.69,6.103966388,5.106527395,6.792942306,12.17033346,16.87641482,0,0,48.53093655,0,9.473725908,10.55373952,0,0,10.20884165,1.963675831,1.449326657,15.49522555,0.071683673,0.257507114,0,0.2,18,1,3,1,1,2,0,2,3,1,3,3,3,2.6914,67.6708,1,1,0,0,0,2,1,0,2,0,0,36
PC12,O=C(C1=CC=C(C(F)(F)F)C=C1)C2=CC=C(OC)C=C2,-8.62724755,-0.47646461,4.0142,2.4414,12.42820737,-4.401100474,12.42820737,0.21126559,0.79580014,280.245,269.157,280.0711143,104,0.415910251,-0.496767786,0.496767786,0.415910251,0.9,1.35,1.75,19.41317542,10.01713853,2.297350454,-2.072363469,2.28988337,-2.062208619,6.085414124,-0.137140784,2.241448821,598.5109069,14.75071238,10.56919215,10.56919215,9.414033466,5.776177701,5.776177701,4.132735024,4.132735024,2.826622946,2.826622946,1.71964488,1.71964488,-2.3,29326.01767,14.11636878,5.364833375,2.987270294,113.3549972,4.736862954,5.749511833,5.783244946,0,6.176298517,4.794537184,13.17124514,0,12.13273414,36.39820241,11.12690298,12.67324903,22.70264528,5.783244946,0,6.176298517,7.109797541,65.22129102,5.749511833,4.736862954,13.17124514,5.749511833,0,12.89304249,6.176298517,21.48489166,48.53093655,0,0,26.3,11.73975001,17.96578233,11.34669644,11.31296332,12.13273414,19.24253168,24.26546827,0,0,4.736862954,42.25612484,0,12.08484033,0,-0.168975531,0.273469349,10.5323382,-4.401100474,0,1.506636629,0.133333333,20,0,2,0,0,0,2,0,2,2,0,5,3,2,3.945,67.8705,0,0,1,1,0,0,0,3,0,0,2,0,1,3,1,1,0,0,Alc14,OC(CC1=CC=CC=C1)C2=CC=C3C(OCCO3)=C2,-8.04792536,1.06912019,110.6792909,10.27915415,-0.529419879,10.27915415,0.529419879,0.917331086,256.301,240.173,256.1099444,98,0.161229612,-0.486147273,0.486147273,0.161229612,0.947368421,1.684210526,2.473684211,16.56262844,10.00869622,2.151138065,-2.198867245,2.32807113,-2.153791222,5.441928646,0.164210297,1.779518637,551.1754333,13.0791395,10.58118294,10.58118294,9.32649984,6.442991739,6.442991739,4.608616347,4.608616347,3.222881543,3.222881543,2.222419671,2.222419671,-2,36765.48652,12.05540166,5.325443787,2.712802768,111.9637588,14.5802533,13.21376393,11.49902367,0,0,0,0,36.39820241,23.25963712,6.420821623,6.103966388,14.5802533,0,12.52478801,13.21376393,59.65783953,11.49902367,9.473725908,11.49902367,0,18.32029132,6.420821623,0,17.23086937,48.53093655,0,38.69,6.103966388,5.106527395,0,19.63458555,22.62592665,0,0,48.53093655,0,9.473725908,10.99818397,0,0,10.27915415,1.970363074,1.47015999,15.57085113,0.068282313,1.14300538,0,0.25,19,1,3,1,1,2,0,2,3,1,3,3,3,2.7339,72.5378,1,1,0,0,0,2,1,0,2,0,0,54
PC13,O=C(C1=CC(C=CC=C2)=C2C=C1)C3=CC=CC=C3,-8.34262049,-0.50830148,3.9881,2.3854,12.28998441,0.070697279,12.28998441,0.070697279,0.608550718,232.282,220.186,232.088815,86,0.192542105,-0.288615569,0.288615569,0.192542105,0.611111111,1.277777778,2.055555556,16.13827253,10.00031297,2.079009195,-2.028746204,2.175472347,-1.999229643,6.101205293,0.103416507,2.071529769,698.8917112,12.37203272,9.836451521,9.836451521,8.843336593,5.930191889,5.930191889,4.257079366,4.257079366,3.047632078,3.047632078,2.086753727,2.086753727,-2.41,23536.82928,10.72568455,4.456327991,1.90919773,105.6966261,0,0,5.783244946,0,0,4.794537184,0,0,66.73003775,16.8388155,11.12690298,0,4.794537184,16.55569338,0,0,0,83.9233078,0,0,0,0,0,5.783244946,0,15.92144017,72.79640482,0,10.77244843,17.07,0,4.794537184,5.783244946,0,21.89935141,0,0,72.79640482,0,0,0,0,12.28998441,2.25128963,1.465445484,0.070697279,23.25591653,0,0,0,0,18,0,1,0,0,0,3,0,3,1,0,1,2,3,4.0708,73.8225,0,0,1,1,0,0,0,0,0,0,3,1,0,0,1,0,0,0,Alc1,OC(CC1=CC=CC=C1)C2=CC=C(C(OC)=O)C=C2,-8.93854139,0.12353794,110.2839659,11.30088219,-0.574910242,11.30088219,0.371204472,0.855519056,256.301,240.173,256.1099444,98,0.337341793,-0.465417521,0.465417521,0.337341793,1.105263158,1.736842105,2.315789474,16.52329338,10.00323688,2.100617015,-2.111125286,2.185198708,-2.040609497,5.887593188,0.060023834,2.073681425,531.6803208,13.66492594,10.74431965,10.74431965,9.2027086,6.107223094,6.107223094,4.319110573,4.319110573,2.988430816,2.988430816,1.914407383,1.914407383,-2.13,25130.04108,13.30515172,6.15877057,3.421837675,112.0175669,9.843390349,0,0,0,5.969305288,4.794537184,0,42.46456948,23.25963712,6.420821623,18.77721542,14.63792753,5.969305288,12.52478801,7.109797541,71.28765809,0,0,0,0,18.18563022,11.15768458,0,27.58885805,54.59730362,0,46.53,6.103966388,9.901064579,5.969305288,11.98427311,11.12690298,7.109797541,24.26546827,30.33183534,4.736862954,0,4.630823061,0,11.30088219,10.14446232,2.348807109,-0.371204472,16.61944778,-0.020931201,0,1.347713215,0.1875,19,1,3,0,0,2,0,2,3,1,3,4,2,2.7493,72.8873,1,1,1,1,0,2,0,1,1,1,0,0
PC13,O=C(C1=CC(C=CC=C2)=C2C=C1)C3=CC=CC=C3,-8.34262049,-0.50830148,3.9881,2.3854,12.28998441,0.070697279,12.28998441,0.070697279,0.608550718,232.282,220.186,232.088815,86,0.192542105,-0.288615569,0.288615569,0.192542105,0.611111111,1.277777778,2.055555556,16.13827253,10.00031297,2.079009195,-2.028746204,2.175472347,-1.999229643,6.101205293,0.103416507,2.071529769,698.8917112,12.37203272,9.836451521,9.836451521,8.843336593,5.930191889,5.930191889,4.257079366,4.257079366,3.047632078,3.047632078,2.086753727,2.086753727,-2.41,23536.82928,10.72568455,4.456327991,1.90919773,105.6966261,0,0,5.783244946,0,0,4.794537184,0,0,66.73003775,16.8388155,11.12690298,0,4.794537184,16.55569338,0,0,0,83.9233078,0,0,0,0,0,5.783244946,0,15.92144017,72.79640482,0,10.77244843,17.07,0,4.794537184,5.783244946,0,21.89935141,0,0,72.79640482,0,0,0,0,12.28998441,2.25128963,1.465445484,0.070697279,23.25591653,0,0,0,0,18,0,1,0,0,0,3,0,3,1,0,1,2,3,4.0708,73.8225,0,0,1,1,0,0,0,0,0,0,3,1,0,0,1,0,0,0,Alc2,OC(CC1=CC=CC=C1)C2=CC=CC=C2,-8.90697663,1.05415414,110.1584658,9.973947468,-0.408703704,9.973947468,0.408703704,0.803505173,198.265,184.153,198.1044651,76,0.08298805,-0.388072044,0.388072044,0.08298805,0.8,1.333333333,1.933333333,16.26607617,10.01729244,2.063045969,-2.099774891,2.167902087,-2.005146996,5.216146633,0.178227923,2.078451608,394.1985815,10.5102254,8.505173338,8.505173338,7.360173345,5.13004291,5.13004291,3.616204083,3.616204083,2.456222038,2.456222038,1.630392829,1.630392829,-1.6,4035.300847,9.936265432,4.759877127,2.672959184,90.01261531,5.106527395,0,0,0,0,0,0,60.66367068,11.12690298,6.420821623,6.103966388,5.106527395,0,12.52478801,0,71.79057367,0,0,0,0,5.106527395,6.420821623,0,17.23086937,60.66367068,0,20.23,6.103966388,5.106527395,0,6.420821623,11.12690298,0,0,60.66367068,0,0,0,0,0,9.973947468,2.134450113,0,19.79549131,0.262777778,0,0,0.142857143,15,1,1,0,0,2,0,2,1,1,1,3,2,2.9627,61.5478,1,1,0,0,0,2,0,0,0,0,0,0
PC13,O=C(C1=CC(C=CC=C2)=C2C=C1)C3=CC=CC=C3,-8.34262049,-0.50830148,3.9881,2.3854,12.28998441,0.070697279,12.28998441,0.070697279,0.608550718,232.282,220.186,232.088815,86,0.192542105,-0.288615569,0.288615569,0.192542105,0.611111111,1.277777778,2.055555556,16.13827253,10.00031297,2.079009195,-2.028746204,2.175472347,-1.999229643,6.101205293,0.103416507,2.071529769,698.8917112,12.37203272,9.836451521,9.836451521,8.843336593,5.930191889,5.930191889,4.257079366,4.257079366,3.047632078,3.047632078,2.086753727,2.086753727,-2.41,23536.82928,10.72568455,4.456327991,1.90919773,105.6966261,0,0,5.783244946,0,0,4.794537184,0,0,66.73003775,16.8388155,11.12690298,0,4.794537184,16.55569338,0,0,0,83.9233078,0,0,0,0,0,5.783244946,0,15.92144017,72.79640482,0,10.77244843,17.07,0,4.794537184,5.783244946,0,21.89935141,0,0,72.79640482,0,0,0,0,12.28998441,2.25128963,1.465445484,0.070697279,23.25591653,0,0,0,0,18,0,1,0,0,0,3,0,3,1,0,1,2,3,4.0708,73.8225,0,0,1,1,0,0,0,0,0,0,3,1,0,0,1,0,0,0,Alc3,OC(CC1=CC=CC=C1)C2=CC=C(C3=CC=CC=C3)C=C2,-8.36030764,0.54884587,110.1647408,10.33540753,-0.4609043,10.33540753,0.4609043,0.735116307,274.363,256.219,274.1357652,104,0.082988753,-0.388072038,0.388072038,0.082988753,0.619047619,1.142857143,1.761904762,16.26608329,9.982653574,2.08184519,-2.117053785,2.231560759,-2.009876154,5.629945447,0.178242278,1.7483318,672.0487817,14.49335306,11.81457441,11.81457441,10.32649984,7.201410115,7.201410115,5.193554353,5.193554353,3.674455551,3.674455551,2.483526522,2.483526522,-2.38,104293.4243,13.59609414,6.379998763,3.388286558,125.0697095,5.106527395,0,0,0,0,0,0,84.92913896,22.25380597,6.420821623,6.103966388,5.106527395,0,12.52478801,0,96.05604194,11.12690298,0,0,0,5.106527395,6.420821623,0,17.23086937,84.92913896,11.12690298,20.23,6.103966388,5.106527395,0,6.420821623,11.12690298,11.12690298,0,60.66367068,24.26546827,0,0,0,0,10.33540753,4.475491082,0,28.50563698,0.183464401,0,0,0.1,21,1,1,0,0,3,0,3,1,1,1,4,3,4.6297,86.9838,1,1,0,0,0,3,0,0,0,0,0,0
PC13,O=C(C1=CC(C=CC=C2)=C2C=C1)C3=CC=CC=C3,-8.34262049,-0.50830148,3.9881,2.3854,12.28998441,0.070697279,12.28998441,0.070697279,0.608550718,232.282,220.186,232.088815,86,0.192542105,-0.288615569,0.288615569,0.192542105,0.611111111,1.277777778,2.055555556,16.13827253,10.00031297,2.079009195,-2.028746204,2.175472347,-1.999229643,6.101205293,0.103416507,2.071529769,698.8917112,12.37203272,9.836451521,9.836451521,8.843336593,5.930191889,5.930191889,4.257079366,4.257079366,3.047632078,3.047632078,2.086753727,2.086753727,-2.41,23536.82928,10.72568455,4.456327991,1.90919773,105.6966261,0,0,5.783244946,0,0,4.794537184,0,0,66.73003775,16.8388155,11.12690298,0,4.794537184,16.55569338,0,0,0,83.9233078,0,0,0,0,0,5.783244946,0,15.92144017,72.79640482,0,10.77244843,17.07,0,4.794537184,5.783244946,0,21.89935141,0,0,72.79640482,0,0,0,0,12.28998441,2.25128963,1.465445484,0.070697279,23.25591653,0,0,0,0,18,0,1,0,0,0,3,0,3,1,0,1,2,3,4.0708,73.8225,0,0,1,1,0,0,0,0,0,0,3,1,0,0,1,0,0,0,Alc4,OC(CC1=CC=CC=C1)C2=CC=C(C)C=C2,-8.66833616,1.06231744,110.0894409,10.06483938,-0.413888889,10.06483938,0.413888889,0.827496934,212.292,196.164,212.1201151,82,0.082988375,-0.388072041,0.388072041,0.082988375,0.9375,1.5625,2.1875,16.26607839,10.0062892,2.069742142,-2.107210664,2.178966078,-2.009250363,5.250301887,0.178214004,2.085070945,430.7519476,11.38046889,9.427823069,9.427823069,7.754020195,5.540726513,5.540726513,4.116204083,4.116204083,2.733999816,2.733999816,1.743806823,1.743806823,-1.6,5689.016293,10.90261427,4.950941945,2.706772373,96.37755742,5.106527395,0,0,0,0,0,0,60.16075511,18.05064018,6.420821623,6.103966388,5.106527395,0,19.44852521,0,71.28765809,0,0,0,0,5.106527395,6.420821623,6.9237372,22.79432086,54.59730362,0,20.23,6.103966388,5.106527395,0,6.420821623,11.12690298,5.563451492,0,61.52104082,0,0,0,0,0,10.06483938,3.361749234,0,18.101132,0.25664777,2.048964947,0,0.2,16,1,1,0,0,2,0,2,1,1,1,3,2,3.27112,66.2848,1,1,0,0,1,2,0,0,0,0,0,0
PC13,O=C(C1=CC(C=CC=C2)=C2C=C1)C3=CC=CC=C3,-8.34262049,-0.50830148,3.9881,2.3854,12.28998441,0.070697279,12.28998441,0.070697279,0.608550718,232.282,220.186,232.088815,86,0.192542105,-0.288615569,0.288615569,0.192542105,0.611111111,1.277777778,2.055555556,16.13827253,10.00031297,2.079009195,-2.028746204,2.175472347,-1.999229643,6.101205293,0.103416507,2.071529769,698.8917112,12.37203272,9.836451521,9.836451521,8.843336593,5.930191889,5.930191889,4.257079366,4.257079366,3.047632078,3.047632078,2.086753727,2.086753727,-2.41,23536.82928,10.72568455,4.456327991,1.90919773,105.6966261,0,0,5.783244946,0,0,4.794537184,0,0,66.73003775,16.8388155,11.12690298,0,4.794537184,16.55569338,0,0,0,83.9233078,0,0,0,0,0,5.783244946,0,15.92144017,72.79640482,0,10.77244843,17.07,0,4.794537184,5.783244946,0,21.89935141,0,0,72.79640482,0,0,0,0,12.28998441,2.25128963,1.465445484,0.070697279,23.25591653,0,0,0,0,18,0,1,0,0,0,3,0,3,1,0,1,2,3,4.0708,73.8225,0,0,1,1,0,0,0,0,0,0,3,1,0,0,1,0,0,0,Alc5,OC(CC1=CC=CC=C1)C2=CC=C(OC)C=C2,-8.23187172,1.04735139,110.4094658,10.09672714,-0.469160998,10.09672714,0.469160998,0.871362138,228.291,212.163,228.1150298,88,0.118381005,-0.496768192,0.496768192,0.118381005,1,1.647058824,2.235294118,16.46529396,10.01448176,2.0766339,-2.111463059,2.203362817,-2.010311168,5.291757737,0.178131117,2.062926536,448.1078528,12.08757567,9.836071359,9.836071359,8.292024998,5.653098949,5.653098949,3.97868022,3.97868022,2.772451507,2.772451507,1.781264301,1.781264301,-1.8,10090.55557,11.67858558,5.50509078,3.078969757,101.4911027,9.843390349,5.749511833,0,0,0,0,0,42.46456948,23.25963712,6.420821623,13.21376393,9.843390349,0,12.52478801,7.109797541,65.7242066,5.749511833,4.736862954,5.749511833,0,12.21632494,6.420821623,0,17.23086937,54.59730362,0,29.46,6.103966388,5.106527395,0,6.420821623,16.87641482,0,7.109797541,54.59730362,0,4.736862954,5.085560668,0,0,10.09672714,2.046732516,0.806167695,17.50086494,0.162950916,0,1.634329465,0.2,17,1,2,0,0,2,0,2,2,1,2,4,2,2.9713,68.0998,1,1,0,0,0,2,0,0,1,1,0,0
PC13,O=C(C1=CC(C=CC=C2)=C2C=C1)C3=CC=CC=C3,-8.34262049,-0.50830148,3.9881,2.3854,12.28998441,0.070697279,12.28998441,0.070697279,0.608550718,232.282,220.186,232.088815,86,0.192542105,-0.288615569,0.288615569,0.192542105,0.611111111,1.277777778,2.055555556,16.13827253,10.00031297,2.079009195,-2.028746204,2.175472347,-1.999229643,6.101205293,0.103416507,2.071529769,698.8917112,12.37203272,9.836451521,9.836451521,8.843336593,5.930191889,5.930191889,4.257079366,4.257079366,3.047632078,3.047632078,2.086753727,2.086753727,-2.41,23536.82928,10.72568455,4.456327991,1.90919773,105.6966261,0,0,5.783244946,0,0,4.794537184,0,0,66.73003775,16.8388155,11.12690298,0,4.794537184,16.55569338,0,0,0,83.9233078,0,0,0,0,0,5.783244946,0,15.92144017,72.79640482,0,10.77244843,17.07,0,4.794537184,5.783244946,0,21.89935141,0,0,72.79640482,0,0,0,0,12.28998441,2.25128963,1.465445484,0.070697279,23.25591653,0,0,0,0,18,0,1,0,0,0,3,0,3,1,0,1,2,3,4.0708,73.8225,0,0,1,1,0,0,0,0,0,0,3,1,0,0,1,0,0,0,Alc6,OC(CC1=CC=CC=C1)C2=CC=C(OC)C(OC)=C2,-7.88792468,1.04517451,110.5224158,10.26113757,-0.55351285,10.26113757,0.55351285,0.895699088,258.317,240.173,258.1255944,100,0.160584538,-0.49286995,0.49286995,0.160584538,0.947368421,1.631578947,2.263157895,16.50784068,10.0096787,2.117243407,-2.139118621,2.303972964,-2.023299719,5.433081291,0.177599354,2.170628056,522.7721843,13.66492594,11.16696938,11.16696938,9.240713403,6.182138051,6.182138051,4.319941212,4.319941212,3.064246236,3.064246236,2.015286458,2.015286458,-2,25290.51808,13.43209877,6.25,3.26326743,112.96959,14.5802533,0,11.49902367,0,0,0,0,36.39820241,23.25963712,6.420821623,20.32356147,14.5802533,0,12.52478801,14.21959508,59.65783953,11.49902367,9.473725908,11.49902367,0,19.32612248,6.420821623,0,17.23086937,48.53093655,0,38.69,6.103966388,5.106527395,0,17.91984529,11.12690298,0,14.21959508,48.53093655,0,9.473725908,10.42373952,0,0,10.26113757,1.922488846,1.296548879,15.38624764,0.026172761,0,3.183664782,0.25,19,1,3,0,0,2,0,2,3,1,3,5,2,2.9799,74.6518,1,1,0,0,0,2,0,0,2,2,0,0
PC13,O=C(C1=CC(C=CC=C2)=C2C=C1)C3=CC=CC=C3,-8.34262049,-0.50830148,3.9881,2.3854,12.28998441,0.070697279,12.28998441,0.070697279,0.608550718,232.282,220.186,232.088815,86,0.192542105,-0.288615569,0.288615569,0.192542105,0.611111111,1.277777778,2.055555556,16.13827253,10.00031297,2.079009195,-2.028746204,2.175472347,-1.999229643,6.101205293,0.103416507,2.071529769,698.8917112,12.37203272,9.836451521,9.836451521,8.843336593,5.930191889,5.930191889,4.257079366,4.257079366,3.047632078,3.047632078,2.086753727,2.086753727,-2.41,23536.82928,10.72568455,4.456327991,1.90919773,105.6966261,0,0,5.783244946,0,0,4.794537184,0,0,66.73003775,16.8388155,11.12690298,0,4.794537184,16.55569338,0,0,0,83.9233078,0,0,0,0,0,5.783244946,0,15.92144017,72.79640482,0,10.77244843,17.07,0,4.794537184,5.783244946,0,21.89935141,0,0,72.79640482,0,0,0,0,12.28998441,2.25128963,1.465445484,0.070697279,23.25591653,0,0,0,0,18,0,1,0,0,0,3,0,3,1,0,1,2,3,4.0708,73.8225,0,0,1,1,0,0,0,0,0,0,3,1,0,0,1,0,0,0,Alc7,OC(CC1=CC=CC=C1)C2=C(OC)C=CC=C2OC,-8.24683777,1.0149703,107.1841159,10.43783636,-0.658796296,10.43783636,0.52537037,0.895699088,258.317,240.173,258.1255944,100,0.127902095,-0.496228759,0.496228759,0.127902095,0.894736842,1.473684211,2,16.47797685,9.995068211,2.183895081,-2.176698553,2.348905965,-2.059889902,5.463673305,0.169084656,2.29696563,500.5221843,13.66492594,11.16696938,11.16696938,9.257550155,6.188121115,6.188121115,4.281728869,4.281728869,3.07104304,3.07104304,2.14772538,2.14772538,-2,25369.48259,13.43209877,6.25,3.0625,112.96959,14.5802533,11.49902367,0,0,0,0,0,36.39820241,17.69618563,6.420821623,25.88701296,14.5802533,0,12.52478801,14.21959508,59.65783953,11.49902367,9.473725908,11.49902367,0,19.32612248,6.420821623,0,17.23086937,48.53093655,0,38.69,6.103966388,5.106527395,0,23.48329678,5.563451492,0,14.21959508,48.53093655,0,9.473725908,10.61332861,0,0,10.43783636,1.763252079,1.282928005,15.35451247,-0.133425926,0,3.181568405,0.25,19,1,3,0,0,2,0,2,3,1,3,5,2,2.9799,74.6518,1,1,0,0,0,2,0,0,2,2,0,0
PC13,O=C(C1=CC(C=CC=C2)=C2C=C1)C3=CC=CC=C3,-8.34262049,-0.50830148,3.9881,2.3854,12.28998441,0.070697279,12.28998441,0.070697279,0.608550718,232.282,220.186,232.088815,86,0.192542105,-0.288615569,0.288615569,0.192542105,0.611111111,1.277777778,2.055555556,16.13827253,10.00031297,2.079009195,-2.028746204,2.175472347,-1.999229643,6.101205293,0.103416507,2.071529769,698.8917112,12.37203272,9.836451521,9.836451521,8.843336593,5.930191889,5.930191889,4.257079366,4.257079366,3.047632078,3.047632078,2.086753727,2.086753727,-2.41,23536.82928,10.72568455,4.456327991,1.90919773,105.6966261,0,0,5.783244946,0,0,4.794537184,0,0,66.73003775,16.8388155,11.12690298,0,4.794537184,16.55569338,0,0,0,83.9233078,0,0,0,0,0,5.783244946,0,15.92144017,72.79640482,0,10.77244843,17.07,0,4.794537184,5.783244946,0,21.89935141,0,0,72.79640482,0,0,0,0,12.28998441,2.25128963,1.465445484,0.070697279,23.25591653,0,0,0,0,18,0,1,0,0,0,3,0,3,1,0,1,2,3,4.0708,73.8225,0,0,1,1,0,0,0,0,0,0,3,1,0,0,1,0,0,0,Alc8,OC(CC1=CC=CC=C1)(C)C2=CC=C(OC)C=C2,-8.17772183,1.02993635,110.2274909,10.56200491,-0.867435752,10.56200491,0.597389692,0.892105667,242.318,224.174,242.1306798,94,0.118381372,-0.496768189,0.496768189,0.118381372,1,1.611111111,2.166666667,16.46530434,9.889503761,2.227971509,-2.238534935,2.263139458,-2.236217268,5.316379902,0.05756913,2.188427957,486.2652269,13.0102254,10.75872109,10.75872109,8.61532163,6.025136822,6.025136822,4.664730961,4.664730961,3.103088053,3.103088053,2.04546916,2.04546916,-1.8,13287.8363,12.65159546,5.233467659,2.901820229,107.8560448,9.843390349,5.749511833,0,0,0,0,0,42.46456948,30.18337432,6.420821623,12.71084835,9.843390349,0,18.94560963,7.109797541,65.7242066,5.749511833,4.736862954,5.749511833,0,12.21632494,12.02187243,0,18.05064018,54.59730362,0,29.46,5.601050811,5.106527395,0,6.420821623,16.87641482,0,7.109797541,61.52104082,0,4.736862954,5.118487728,0,0,10.56200491,1.151518986,0.80024177,17.54919827,0.597389692,1.835128496,1.636030145,0.25,18,1,2,0,0,2,0,2,2,1,2,4,2,3.1454,72.7108,1,0,0,0,0,2,0,0,1,1,0,0
PC13,O=C(C1=CC(C=CC=C2)=C2C=C1)C3=CC=CC=C3,-8.34262049,-0.50830148,3.9881,2.3854,12.28998441,0.070697279,12.28998441,0.070697279,0.608550718,232.282,220.186,232.088815,86,0.192542105,-0.288615569,0.288615569,0.192542105,0.611111111,1.277777778,2.055555556,16.13827253,10.00031297,2.079009195,-2.028746204,2.175472347,-1.999229643,6.101205293,0.103416507,2.071529769,698.8917112,12.37203272,9.836451521,9.836451521,8.843336593,5.930191889,5.930191889,4.257079366,4.257079366,3.047632078,3.047632078,2.086753727,2.086753727,-2.41,23536.82928,10.72568455,4.456327991,1.90919773,105.6966261,0,0,5.783244946,0,0,4.794537184,0,0,66.73003775,16.8388155,11.12690298,0,4.794537184,16.55569338,0,0,0,83.9233078,0,0,0,0,0,5.783244946,0,15.92144017,72.79640482,0,10.77244843,17.07,0,4.794537184,5.783244946,0,21.89935141,0,0,72.79640482,0,0,0,0,12.28998441,2.25128963,1.465445484,0.070697279,23.25591653,0,0,0,0,18,0,1,0,0,0,3,0,3,1,0,1,2,3,4.0708,73.8225,0,0,1,1,0,0,0,0,0,0,3,1,0,0,1,0,0,0,Alc9,OC(CC1=CC=CC=C1)(C)C2=CC(OC)=C(OC)C=C2,-7.83976121,1.02803158,110.3090658,10.72641534,-0.957435752,10.72641534,0.544963388,0.908372189,272.344,252.184,272.1412445,106,0.160595357,-0.492869947,0.492869947,0.160595357,0.95,1.6,2.2,16.50786391,9.886714685,2.244651992,-2.246767403,2.332200447,-2.238535517,5.4439743,0.057303819,2.290057545,561.7027291,14.58757567,12.08961911,12.08961911,9.564010035,6.554175925,6.554175925,5.005991953,5.005991953,3.396609945,3.396609945,2.266626138,2.266626138,-2,33330.10718,14.4099723,5.969821674,3.114186851,119.3345321,14.5802533,0,11.49902367,0,0,0,0,36.39820241,30.18337432,6.420821623,19.82064589,14.5802533,0,18.94560963,14.21959508,59.65783953,11.49902367,9.473725908,11.49902367,0,19.32612248,12.02187243,0,18.05064018,48.53093655,0,38.69,5.601050811,5.106527395,0,17.91984529,11.12690298,0,21.14333228,48.53093655,0,9.473725908,10.50166658,0,0,10.72641534,0.937275316,1.282497953,15.42937264,0.544963388,1.806795163,3.187680277,0.294117647,20,1,3,0,0,2,0,2,3,1,3,5,2,3.154,79.2628,1,0,0,0,0,2,0,0,2,2,0,1
PC13,O=C(C1=CC(C=CC=C2)=C2C=C1)C3=CC=CC=C3,-8.34262049,-0.50830148,3.9881,2.3854,12.28998441,0.070697279,12.28998441,0.070697279,0.608550718,232.282,220.186,232.088815,86,0.192542105,-0.288615569,0.288615569,0.192542105,0.611111111,1.277777778,2.055555556,16.13827253,10.00031297,2.079009195,-2.028746204,2.175472347,-1.999229643,6.101205293,0.103416507,2.071529769,698.8917112,12.37203272,9.836451521,9.836451521,8.843336593,5.930191889,5.930191889,4.257079366,4.257079366,3.047632078,3.047632078,2.086753727,2.086753727,-2.41,23536.82928,10.72568455,4.456327991,1.90919773,105.6966261,0,0,5.783244946,0,0,4.794537184,0,0,66.73003775,16.8388155,11.12690298,0,4.794537184,16.55569338,0,0,0,83.9233078,0,0,0,0,0,5.783244946,0,15.92144017,72.79640482,0,10.77244843,17.07,0,4.794537184,5.783244946,0,21.89935141,0,0,72.79640482,0,0,0,0,12.28998441,2.25128963,1.465445484,0.070697279,23.25591653,0,0,0,0,18,0,1,0,0,0,3,0,3,1,0,1,2,3,4.0708,73.8225,0,0,1,1,0,0,0,0,0,0,3,1,0,0,1,0,0,0,Alc10,OC(CC1=CC=CC=C1)C2=CC=CS2,-8.64139727,1.03292956,111.8150659,9.873253023,-0.363518519,9.873253023,0.363518519,0.814439084,204.294,192.198,204.060886,72,0.09216528,-0.38723214,0.38723214,0.09216528,1.071428571,1.857142857,2.5,32.13347352,10.07645264,2.078921369,-2.072307397,2.216794261,-1.983243765,7.095204082,0.182071194,2.055317991,366.4849572,9.803118619,7.75872109,8.575217671,6.860173345,4.614527515,5.494180326,3.220940058,4.200212366,2.143483815,3.117025632,1.418819851,2.130640812,-1.12,3066.32425,9.435606308,4.398850502,2.21844236,87.65297858,5.106527395,0,0,0,0,0,11.33678588,36.39820241,17.00988133,11.29796882,6.103966388,5.106527395,11.33678588,12.52478801,0,58.28523094,0,0,0,11.33678588,5.106527395,6.420821623,0,16.54456507,47.84463225,0,20.23,0,5.106527395,6.103966388,6.420821623,4.877147194,5.563451492,11.33678588,47.84463225,0,0,0,1.600269038,1.035975057,11.86288265,1.174444444,0,13.99416029,0.332268519,0,0,0.166666667,14,1,1,0,0,1,1,2,2,1,2,3,2,3.0242,59.4248,1,1,0,0,0,1,0,0,0,0,1,0
PC13,O=C(C1=CC(C=CC=C2)=C2C=C1)C3=CC=CC=C3,-8.34262049,-0.50830148,3.9881,2.3854,12.28998441,0.070697279,12.28998441,0.070697279,0.608550718,232.282,220.186,232.088815,86,0.192542105,-0.288615569,0.288615569,0.192542105,0.611111111,1.277777778,2.055555556,16.13827253,10.00031297,2.079009195,-2.028746204,2.175472347,-1.999229643,6.101205293,0.103416507,2.071529769,698.8917112,12.37203272,9.836451521,9.836451521,8.843336593,5.930191889,5.930191889,4.257079366,4.257079366,3.047632078,3.047632078,2.086753727,2.086753727,-2.41,23536.82928,10.72568455,4.456327991,1.90919773,105.6966261,0,0,5.783244946,0,0,4.794537184,0,0,66.73003775,16.8388155,11.12690298,0,4.794537184,16.55569338,0,0,0,83.9233078,0,0,0,0,0,5.783244946,0,15.92144017,72.79640482,0,10.77244843,17.07,0,4.794537184,5.783244946,0,21.89935141,0,0,72.79640482,0,0,0,0,12.28998441,2.25128963,1.465445484,0.070697279,23.25591653,0,0,0,0,18,0,1,0,0,0,3,0,3,1,0,1,2,3,4.0708,73.8225,0,0,1,1,0,0,0,0,0,0,3,1,0,0,1,0,0,0,Alc11,OC(CC1=CC=CC=C1)C2=CC=C3C(C=CC=C3)=C2,-8.12765359,0.32353879,110.1333659,10.33341648,-0.451846183,10.33341648,0.451846183,0.739012436,248.325,232.197,248.1201151,94,0.083009866,-0.388071663,0.388071663,0.083009866,0.736842105,1.421052632,2.210526316,16.26608468,9.986417292,2.083747824,-2.117047312,2.224950035,-2.010327051,5.82588213,0.178379756,1.869464155,673.3497853,13.0791395,10.65987388,10.65987388,9.32649984,6.534743449,6.534743449,4.812108497,4.812108497,3.430171422,3.430171422,2.370271693,2.370271693,-2.12,36765.48652,11.94179079,5.249619382,2.66527869,112.6942798,5.106527395,0,0,0,0,0,0,66.73003775,27.96571848,6.420821623,6.103966388,5.106527395,10.77244843,12.52478801,0,83.9233078,0,0,0,0,5.106527395,6.420821623,0,17.23086937,72.79640482,10.77244843,20.23,6.103966388,5.106527395,0,6.420821623,11.12690298,10.77244843,0,48.53093655,24.26546827,0,0,0,0,12.71329869,2.130288591,0,24.45629438,0.200118339,0,0,0.111111111,19,1,1,0,0,3,0,3,1,1,1,3,3,4.1159,79.0538,1,1,0,0,0,3,1,0,0,0,0,0
PC13,O=C(C1=CC(C=CC=C2)=C2C=C1)C3=CC=CC=C3,-8.34262049,-0.50830148,3.9881,2.3854,12.28998441,0.070697279,12.28998441,0.070697279,0.608550718,232.282,220.186,232.088815,86,0.192542105,-0.288615569,0.288615569,0.192542105,0.611111111,1.277777778,2.055555556,16.13827253,10.00031297,2.079009195,-2.028746204,2.175472347,-1.999229643,6.101205293,0.103416507,2.071529769,698.8917112,12.37203272,9.836451521,9.836451521,8.843336593,5.930191889,5.930191889,4.257079366,4.257079366,3.047632078,3.047632078,2.086753727,2.086753727,-2.41,23536.82928,10.72568455,4.456327991,1.90919773,105.6966261,0,0,5.783244946,0,0,4.794537184,0,0,66.73003775,16.8388155,11.12690298,0,4.794537184,16.55569338,0,0,0,83.9233078,0,0,0,0,0,5.783244946,0,15.92144017,72.79640482,0,10.77244843,17.07,0,4.794537184,5.783244946,0,21.89935141,0,0,72.79640482,0,0,0,0,12.28998441,2.25128963,1.465445484,0.070697279,23.25591653,0,0,0,0,18,0,1,0,0,0,3,0,3,1,0,1,2,3,4.0708,73.8225,0,0,1,1,0,0,0,0,0,0,3,1,0,0,1,0,0,0,Alc12,OC(CC1=CC=CC=C1)C2=C3C(C=CC=C3)=CC=C2,-8.02670078,0.27891275,110.2902409,10.47196901,-0.464351852,10.47196901,0.464351852,0.739012436,248.325,232.197,248.1201151,94,0.083586962,-0.388048921,0.388048921,0.083586962,0.736842105,1.421052632,2.263157895,16.2661245,9.961087362,2.108514386,-2.135341267,2.259726004,-2.019364071,5.854953123,0.179785723,1.955927549,668.0997853,13.0791395,10.65987388,10.65987388,9.343336593,6.540726513,6.540726513,4.773896154,4.773896154,3.454236172,3.454236172,2.488346906,2.488346906,-2.12,37234.02226,11.94179079,5.249619382,2.514643812,112.6942798,5.106527395,0,0,0,0,0,0,72.79640482,21.89935141,6.420821623,6.103966388,5.106527395,10.77244843,12.52478801,0,83.9233078,0,0,0,0,5.106527395,6.420821623,0,17.23086937,72.79640482,10.77244843,20.23,6.103966388,5.106527395,0,6.420821623,16.5131272,5.386224214,0,54.59730362,18.19910121,0,0,0,0,12.77802716,2.157303005,0,24.3813554,0.183314437,0,0,0.111111111,19,1,1,0,0,3,0,3,1,1,1,3,3,4.1159,79.0538,1,1,0,0,0,3,1,0,0,0,0,0
PC13,O=C(C1=CC(C=CC=C2)=C2C=C1)C3=CC=CC=C3,-8.34262049,-0.50830148,3.9881,2.3854,12.28998441,0.070697279,12.28998441,0.070697279,0.608550718,232.282,220.186,232.088815,86,0.192542105,-0.288615569,0.288615569,0.192542105,0.611111111,1.277777778,2.055555556,16.13827253,10.00031297,2.079009195,-2.028746204,2.175472347,-1.999229643,6.101205293,0.103416507,2.071529769,698.8917112,12.37203272,9.836451521,9.836451521,8.843336593,5.930191889,5.930191889,4.257079366,4.257079366,3.047632078,3.047632078,2.086753727,2.086753727,-2.41,23536.82928,10.72568455,4.456327991,1.90919773,105.6966261,0,0,5.783244946,0,0,4.794537184,0,0,66.73003775,16.8388155,11.12690298,0,4.794537184,16.55569338,0,0,0,83.9233078,0,0,0,0,0,5.783244946,0,15.92144017,72.79640482,0,10.77244843,17.07,0,4.794537184,5.783244946,0,21.89935141,0,0,72.79640482,0,0,0,0,12.28998441,2.25128963,1.465445484,0.070697279,23.25591653,0,0,0,0,18,0,1,0,0,0,3,0,3,1,0,1,2,3,4.0708,73.8225,0,0,1,1,0,0,0,0,0,0,3,1,0,0,1,0,0,0,Alc13,OC(CC1=CC=CC=C1)C2=CC(OCO3)=C3C=C2,-7.9864285,1.08381413,109.9953158,10.20884165,-0.526018519,10.20884165,0.257507114,0.898944943,242.274,228.162,242.0942943,92,0.230800378,-0.453595466,0.453595466,0.230800378,1,1.777777778,2.611111111,16.69672243,10.01045676,2.161838013,-2.112079703,2.342342866,-2.01108597,5.447982472,0.171222171,1.782012697,536.689907,12.37203272,9.874076162,9.874076162,8.82649984,5.942991739,5.942991739,4.318219186,4.318219186,3.053275195,3.053275195,2.075602865,2.075602865,-2,27276.07585,11.11111111,4.704,2.172635445,105.5988167,14.5802533,0,11.49902367,6.792942306,0,0,0,36.39820241,23.25963712,6.420821623,6.103966388,14.5802533,0,12.52478801,6.792942306,59.65783953,11.49902367,9.473725908,11.49902367,0,11.8994697,6.420821623,0,17.23086937,48.53093655,0,38.69,6.103966388,5.106527395,6.792942306,12.17033346,16.87641482,0,0,48.53093655,0,9.473725908,10.55373952,0,0,10.20884165,1.963675831,1.449326657,15.49522555,0.071683673,0.257507114,0,0.2,18,1,3,1,1,2,0,2,3,1,3,3,3,2.6914,67.6708,1,1,0,0,0,2,1,0,2,0,0,0
PC13,O=C(C1=CC(C=CC=C2)=C2C=C1)C3=CC=CC=C3,-8.34262049,-0.50830148,3.9881,2.3854,12.28998441,0.070697279,12.28998441,0.070697279,0.608550718,232.282,220.186,232.088815,86,0.192542105,-0.288615569,0.288615569,0.192542105,0.611111111,1.277777778,2.055555556,16.13827253,10.00031297,2.079009195,-2.028746204,2.175472347,-1.999229643,6.101205293,0.103416507,2.071529769,698.8917112,12.37203272,9.836451521,9.836451521,8.843336593,5.930191889,5.930191889,4.257079366,4.257079366,3.047632078,3.047632078,2.086753727,2.086753727,-2.41,23536.82928,10.72568455,4.456327991,1.90919773,105.6966261,0,0,5.783244946,0,0,4.794537184,0,0,66.73003775,16.8388155,11.12690298,0,4.794537184,16.55569338,0,0,0,83.9233078,0,0,0,0,0,5.783244946,0,15.92144017,72.79640482,0,10.77244843,17.07,0,4.794537184,5.783244946,0,21.89935141,0,0,72.79640482,0,0,0,0,12.28998441,2.25128963,1.465445484,0.070697279,23.25591653,0,0,0,0,18,0,1,0,0,0,3,0,3,1,0,1,2,3,4.0708,73.8225,0,0,1,1,0,0,0,0,0,0,3,1,0,0,1,0,0,0,Alc14,OC(CC1=CC=CC=C1)C2=CC=C3C(OCCO3)=C2,-8.04792536,1.06912019,110.6792909,10.27915415,-0.529419879,10.27915415,0.529419879,0.917331086,256.301,240.173,256.1099444,98,0.161229612,-0.486147273,0.486147273,0.161229612,0.947368421,1.684210526,2.473684211,16.56262844,10.00869622,2.151138065,-2.198867245,2.32807113,-2.153791222,5.441928646,0.164210297,1.779518637,551.1754333,13.0791395,10.58118294,10.58118294,9.32649984,6.442991739,6.442991739,4.608616347,4.608616347,3.222881543,3.222881543,2.222419671,2.222419671,-2,36765.48652,12.05540166,5.325443787,2.712802768,111.9637588,14.5802533,13.21376393,11.49902367,0,0,0,0,36.39820241,23.25963712,6.420821623,6.103966388,14.5802533,0,12.52478801,13.21376393,59.65783953,11.49902367,9.473725908,11.49902367,0,18.32029132,6.420821623,0,17.23086937,48.53093655,0,38.69,6.103966388,5.106527395,0,19.63458555,22.62592665,0,0,48.53093655,0,9.473725908,10.99818397,0,0,10.27915415,1.970363074,1.47015999,15.57085113,0.068282313,1.14300538,0,0.25,19,1,3,1,1,2,0,2,3,1,3,3,3,2.7339,72.5378,1,1,0,0,0,2,1,0,2,0,0,0
PC14,O=C1C2=C(C=CC=C2)[Si](C3=CC=CC=C3)(C4=CC=CC=C4)C5=CC=CC=C51,-9.07650116,-0.6639484,3.7556,2.5906,13.28060154,-2.538850309,13.28060154,0.13535856,0.441340529,362.504,344.36,362.1126917,128,0.192369533,-0.288625628,0.288625628,0.192369533,0.444444444,0.814814815,1.259259259,28.33242634,10.02330168,2.477484666,-2.390932284,2.204588426,-2.775673982,7.208150255,0.103533243,2.005735475,1042.099159,18.26937395,14.80055314,15.80055314,13.33137046,9.180191889,11.18019189,6.902342517,10.63439332,5.564997882,10.45174923,4.471397349,9.61801023,-3.233116883,3372302.097,15.97809952,6.183465392,2.202541043,159.504306,0,0,13.85711725,0,0,4.794537184,0,0,109.1946072,20.74690258,11.12690298,0,4.794537184,34.60401983,0,0,0,120.3215102,0,20.74690258,0,0,0,13.85711725,0,15.92144017,109.1946072,0,0,17.07,8.073872301,4.794537184,5.783244946,0,11.12690298,20.74690258,0,24.26546827,84.92913896,0,0,0,13.28060154,4.990185185,1.686245906,0.13535856,37.80757023,0,0,-2.538850309,0,27,0,1,0,1,1,4,0,4,1,0,2,2,5,2.6084,113.4905,0,0,1,1,0,0,0,0,0,0,4,2,0,0,1,0,0,0,Alc1,OC(CC1=CC=CC=C1)C2=CC=C(C(OC)=O)C=C2,-8.93854139,0.12353794,110.2839659,11.30088219,-0.574910242,11.30088219,0.371204472,0.855519056,256.301,240.173,256.1099444,98,0.337341793,-0.465417521,0.465417521,0.337341793,1.105263158,1.736842105,2.315789474,16.52329338,10.00323688,2.100617015,-2.111125286,2.185198708,-2.040609497,5.887593188,0.060023834,2.073681425,531.6803208,13.66492594,10.74431965,10.74431965,9.2027086,6.107223094,6.107223094,4.319110573,4.319110573,2.988430816,2.988430816,1.914407383,1.914407383,-2.13,25130.04108,13.30515172,6.15877057,3.421837675,112.0175669,9.843390349,0,0,0,5.969305288,4.794537184,0,42.46456948,23.25963712,6.420821623,18.77721542,14.63792753,5.969305288,12.52478801,7.109797541,71.28765809,0,0,0,0,18.18563022,11.15768458,0,27.58885805,54.59730362,0,46.53,6.103966388,9.901064579,5.969305288,11.98427311,11.12690298,7.109797541,24.26546827,30.33183534,4.736862954,0,4.630823061,0,11.30088219,10.14446232,2.348807109,-0.371204472,16.61944778,-0.020931201,0,1.347713215,0.1875,19,1,3,0,0,2,0,2,3,1,3,4,2,2.7493,72.8873,1,1,1,1,0,2,0,1,1,1,0,8
PC14,O=C1C2=C(C=CC=C2)[Si](C3=CC=CC=C3)(C4=CC=CC=C4)C5=CC=CC=C51,-9.07650116,-0.6639484,3.7556,2.5906,13.28060154,-2.538850309,13.28060154,0.13535856,0.441340529,362.504,344.36,362.1126917,128,0.192369533,-0.288625628,0.288625628,0.192369533,0.444444444,0.814814815,1.259259259,28.33242634,10.02330168,2.477484666,-2.390932284,2.204588426,-2.775673982,7.208150255,0.103533243,2.005735475,1042.099159,18.26937395,14.80055314,15.80055314,13.33137046,9.180191889,11.18019189,6.902342517,10.63439332,5.564997882,10.45174923,4.471397349,9.61801023,-3.233116883,3372302.097,15.97809952,6.183465392,2.202541043,159.504306,0,0,13.85711725,0,0,4.794537184,0,0,109.1946072,20.74690258,11.12690298,0,4.794537184,34.60401983,0,0,0,120.3215102,0,20.74690258,0,0,0,13.85711725,0,15.92144017,109.1946072,0,0,17.07,8.073872301,4.794537184,5.783244946,0,11.12690298,20.74690258,0,24.26546827,84.92913896,0,0,0,13.28060154,4.990185185,1.686245906,0.13535856,37.80757023,0,0,-2.538850309,0,27,0,1,0,1,1,4,0,4,1,0,2,2,5,2.6084,113.4905,0,0,1,1,0,0,0,0,0,0,4,2,0,0,1,0,0,0,Alc2,OC(CC1=CC=CC=C1)C2=CC=CC=C2,-8.90697663,1.05415414,110.1584658,9.973947468,-0.408703704,9.973947468,0.408703704,0.803505173,198.265,184.153,198.1044651,76,0.08298805,-0.388072044,0.388072044,0.08298805,0.8,1.333333333,1.933333333,16.26607617,10.01729244,2.063045969,-2.099774891,2.167902087,-2.005146996,5.216146633,0.178227923,2.078451608,394.1985815,10.5102254,8.505173338,8.505173338,7.360173345,5.13004291,5.13004291,3.616204083,3.616204083,2.456222038,2.456222038,1.630392829,1.630392829,-1.6,4035.300847,9.936265432,4.759877127,2.672959184,90.01261531,5.106527395,0,0,0,0,0,0,60.66367068,11.12690298,6.420821623,6.103966388,5.106527395,0,12.52478801,0,71.79057367,0,0,0,0,5.106527395,6.420821623,0,17.23086937,60.66367068,0,20.23,6.103966388,5.106527395,0,6.420821623,11.12690298,0,0,60.66367068,0,0,0,0,0,9.973947468,2.134450113,0,19.79549131,0.262777778,0,0,0.142857143,15,1,1,0,0,2,0,2,1,1,1,3,2,2.9627,61.5478,1,1,0,0,0,2,0,0,0,0,0,3
PC14,O=C1C2=C(C=CC=C2)[Si](C3=CC=CC=C3)(C4=CC=CC=C4)C5=CC=CC=C51,-9.07650116,-0.6639484,3.7556,2.5906,13.28060154,-2.538850309,13.28060154,0.13535856,0.441340529,362.504,344.36,362.1126917,128,0.192369533,-0.288625628,0.288625628,0.192369533,0.444444444,0.814814815,1.259259259,28.33242634,10.02330168,2.477484666,-2.390932284,2.204588426,-2.775673982,7.208150255,0.103533243,2.005735475,1042.099159,18.26937395,14.80055314,15.80055314,13.33137046,9.180191889,11.18019189,6.902342517,10.63439332,5.564997882,10.45174923,4.471397349,9.61801023,-3.233116883,3372302.097,15.97809952,6.183465392,2.202541043,159.504306,0,0,13.85711725,0,0,4.794537184,0,0,109.1946072,20.74690258,11.12690298,0,4.794537184,34.60401983,0,0,0,120.3215102,0,20.74690258,0,0,0,13.85711725,0,15.92144017,109.1946072,0,0,17.07,8.073872301,4.794537184,5.783244946,0,11.12690298,20.74690258,0,24.26546827,84.92913896,0,0,0,13.28060154,4.990185185,1.686245906,0.13535856,37.80757023,0,0,-2.538850309,0,27,0,1,0,1,1,4,0,4,1,0,2,2,5,2.6084,113.4905,0,0,1,1,0,0,0,0,0,0,4,2,0,0,1,0,0,0,Alc3,OC(CC1=CC=CC=C1)C2=CC=C(C3=CC=CC=C3)C=C2,-8.36030764,0.54884587,110.1647408,10.33540753,-0.4609043,10.33540753,0.4609043,0.735116307,274.363,256.219,274.1357652,104,0.082988753,-0.388072038,0.388072038,0.082988753,0.619047619,1.142857143,1.761904762,16.26608329,9.982653574,2.08184519,-2.117053785,2.231560759,-2.009876154,5.629945447,0.178242278,1.7483318,672.0487817,14.49335306,11.81457441,11.81457441,10.32649984,7.201410115,7.201410115,5.193554353,5.193554353,3.674455551,3.674455551,2.483526522,2.483526522,-2.38,104293.4243,13.59609414,6.379998763,3.388286558,125.0697095,5.106527395,0,0,0,0,0,0,84.92913896,22.25380597,6.420821623,6.103966388,5.106527395,0,12.52478801,0,96.05604194,11.12690298,0,0,0,5.106527395,6.420821623,0,17.23086937,84.92913896,11.12690298,20.23,6.103966388,5.106527395,0,6.420821623,11.12690298,11.12690298,0,60.66367068,24.26546827,0,0,0,0,10.33540753,4.475491082,0,28.50563698,0.183464401,0,0,0.1,21,1,1,0,0,3,0,3,1,1,1,4,3,4.6297,86.9838,1,1,0,0,0,3,0,0,0,0,0,2
PC14,O=C1C2=C(C=CC=C2)[Si](C3=CC=CC=C3)(C4=CC=CC=C4)C5=CC=CC=C51,-9.07650116,-0.6639484,3.7556,2.5906,13.28060154,-2.538850309,13.28060154,0.13535856,0.441340529,362.504,344.36,362.1126917,128,0.192369533,-0.288625628,0.288625628,0.192369533,0.444444444,0.814814815,1.259259259,28.33242634,10.02330168,2.477484666,-2.390932284,2.204588426,-2.775673982,7.208150255,0.103533243,2.005735475,1042.099159,18.26937395,14.80055314,15.80055314,13.33137046,9.180191889,11.18019189,6.902342517,10.63439332,5.564997882,10.45174923,4.471397349,9.61801023,-3.233116883,3372302.097,15.97809952,6.183465392,2.202541043,159.504306,0,0,13.85711725,0,0,4.794537184,0,0,109.1946072,20.74690258,11.12690298,0,4.794537184,34.60401983,0,0,0,120.3215102,0,20.74690258,0,0,0,13.85711725,0,15.92144017,109.1946072,0,0,17.07,8.073872301,4.794537184,5.783244946,0,11.12690298,20.74690258,0,24.26546827,84.92913896,0,0,0,13.28060154,4.990185185,1.686245906,0.13535856,37.80757023,0,0,-2.538850309,0,27,0,1,0,1,1,4,0,4,1,0,2,2,5,2.6084,113.4905,0,0,1,1,0,0,0,0,0,0,4,2,0,0,1,0,0,0,Alc4,OC(CC1=CC=CC=C1)C2=CC=C(C)C=C2,-8.66833616,1.06231744,110.0894409,10.06483938,-0.413888889,10.06483938,0.413888889,0.827496934,212.292,196.164,212.1201151,82,0.082988375,-0.388072041,0.388072041,0.082988375,0.9375,1.5625,2.1875,16.26607839,10.0062892,2.069742142,-2.107210664,2.178966078,-2.009250363,5.250301887,0.178214004,2.085070945,430.7519476,11.38046889,9.427823069,9.427823069,7.754020195,5.540726513,5.540726513,4.116204083,4.116204083,2.733999816,2.733999816,1.743806823,1.743806823,-1.6,5689.016293,10.90261427,4.950941945,2.706772373,96.37755742,5.106527395,0,0,0,0,0,0,60.16075511,18.05064018,6.420821623,6.103966388,5.106527395,0,19.44852521,0,71.28765809,0,0,0,0,5.106527395,6.420821623,6.9237372,22.79432086,54.59730362,0,20.23,6.103966388,5.106527395,0,6.420821623,11.12690298,5.563451492,0,61.52104082,0,0,0,0,0,10.06483938,3.361749234,0,18.101132,0.25664777,2.048964947,0,0.2,16,1,1,0,0,2,0,2,1,1,1,3,2,3.27112,66.2848,1,1,0,0,1,2,0,0,0,0,0,13
PC14,O=C1C2=C(C=CC=C2)[Si](C3=CC=CC=C3)(C4=CC=CC=C4)C5=CC=CC=C51,-9.07650116,-0.6639484,3.7556,2.5906,13.28060154,-2.538850309,13.28060154,0.13535856,0.441340529,362.504,344.36,362.1126917,128,0.192369533,-0.288625628,0.288625628,0.192369533,0.444444444,0.814814815,1.259259259,28.33242634,10.02330168,2.477484666,-2.390932284,2.204588426,-2.775673982,7.208150255,0.103533243,2.005735475,1042.099159,18.26937395,14.80055314,15.80055314,13.33137046,9.180191889,11.18019189,6.902342517,10.63439332,5.564997882,10.45174923,4.471397349,9.61801023,-3.233116883,3372302.097,15.97809952,6.183465392,2.202541043,159.504306,0,0,13.85711725,0,0,4.794537184,0,0,109.1946072,20.74690258,11.12690298,0,4.794537184,34.60401983,0,0,0,120.3215102,0,20.74690258,0,0,0,13.85711725,0,15.92144017,109.1946072,0,0,17.07,8.073872301,4.794537184,5.783244946,0,11.12690298,20.74690258,0,24.26546827,84.92913896,0,0,0,13.28060154,4.990185185,1.686245906,0.13535856,37.80757023,0,0,-2.538850309,0,27,0,1,0,1,1,4,0,4,1,0,2,2,5,2.6084,113.4905,0,0,1,1,0,0,0,0,0,0,4,2,0,0,1,0,0,0,Alc5,OC(CC1=CC=CC=C1)C2=CC=C(OC)C=C2,-8.23187172,1.04735139,110.4094658,10.09672714,-0.469160998,10.09672714,0.469160998,0.871362138,228.291,212.163,228.1150298,88,0.118381005,-0.496768192,0.496768192,0.118381005,1,1.647058824,2.235294118,16.46529396,10.01448176,2.0766339,-2.111463059,2.203362817,-2.010311168,5.291757737,0.178131117,2.062926536,448.1078528,12.08757567,9.836071359,9.836071359,8.292024998,5.653098949,5.653098949,3.97868022,3.97868022,2.772451507,2.772451507,1.781264301,1.781264301,-1.8,10090.55557,11.67858558,5.50509078,3.078969757,101.4911027,9.843390349,5.749511833,0,0,0,0,0,42.46456948,23.25963712,6.420821623,13.21376393,9.843390349,0,12.52478801,7.109797541,65.7242066,5.749511833,4.736862954,5.749511833,0,12.21632494,6.420821623,0,17.23086937,54.59730362,0,29.46,6.103966388,5.106527395,0,6.420821623,16.87641482,0,7.109797541,54.59730362,0,4.736862954,5.085560668,0,0,10.09672714,2.046732516,0.806167695,17.50086494,0.162950916,0,1.634329465,0.2,17,1,2,0,0,2,0,2,2,1,2,4,2,2.9713,68.0998,1,1,0,0,0,2,0,0,1,1,0,88
PC14,O=C1C2=C(C=CC=C2)[Si](C3=CC=CC=C3)(C4=CC=CC=C4)C5=CC=CC=C51,-9.07650116,-0.6639484,3.7556,2.5906,13.28060154,-2.538850309,13.28060154,0.13535856,0.441340529,362.504,344.36,362.1126917,128,0.192369533,-0.288625628,0.288625628,0.192369533,0.444444444,0.814814815,1.259259259,28.33242634,10.02330168,2.477484666,-2.390932284,2.204588426,-2.775673982,7.208150255,0.103533243,2.005735475,1042.099159,18.26937395,14.80055314,15.80055314,13.33137046,9.180191889,11.18019189,6.902342517,10.63439332,5.564997882,10.45174923,4.471397349,9.61801023,-3.233116883,3372302.097,15.97809952,6.183465392,2.202541043,159.504306,0,0,13.85711725,0,0,4.794537184,0,0,109.1946072,20.74690258,11.12690298,0,4.794537184,34.60401983,0,0,0,120.3215102,0,20.74690258,0,0,0,13.85711725,0,15.92144017,109.1946072,0,0,17.07,8.073872301,4.794537184,5.783244946,0,11.12690298,20.74690258,0,24.26546827,84.92913896,0,0,0,13.28060154,4.990185185,1.686245906,0.13535856,37.80757023,0,0,-2.538850309,0,27,0,1,0,1,1,4,0,4,1,0,2,2,5,2.6084,113.4905,0,0,1,1,0,0,0,0,0,0,4,2,0,0,1,0,0,0,Alc6,OC(CC1=CC=CC=C1)C2=CC=C(OC)C(OC)=C2,-7.88792468,1.04517451,110.5224158,10.26113757,-0.55351285,10.26113757,0.55351285,0.895699088,258.317,240.173,258.1255944,100,0.160584538,-0.49286995,0.49286995,0.160584538,0.947368421,1.631578947,2.263157895,16.50784068,10.0096787,2.117243407,-2.139118621,2.303972964,-2.023299719,5.433081291,0.177599354,2.170628056,522.7721843,13.66492594,11.16696938,11.16696938,9.240713403,6.182138051,6.182138051,4.319941212,4.319941212,3.064246236,3.064246236,2.015286458,2.015286458,-2,25290.51808,13.43209877,6.25,3.26326743,112.96959,14.5802533,0,11.49902367,0,0,0,0,36.39820241,23.25963712,6.420821623,20.32356147,14.5802533,0,12.52478801,14.21959508,59.65783953,11.49902367,9.473725908,11.49902367,0,19.32612248,6.420821623,0,17.23086937,48.53093655,0,38.69,6.103966388,5.106527395,0,17.91984529,11.12690298,0,14.21959508,48.53093655,0,9.473725908,10.42373952,0,0,10.26113757,1.922488846,1.296548879,15.38624764,0.026172761,0,3.183664782,0.25,19,1,3,0,0,2,0,2,3,1,3,5,2,2.9799,74.6518,1,1,0,0,0,2,0,0,2,2,0,90
PC14,O=C1C2=C(C=CC=C2)[Si](C3=CC=CC=C3)(C4=CC=CC=C4)C5=CC=CC=C51,-9.07650116,-0.6639484,3.7556,2.5906,13.28060154,-2.538850309,13.28060154,0.13535856,0.441340529,362.504,344.36,362.1126917,128,0.192369533,-0.288625628,0.288625628,0.192369533,0.444444444,0.814814815,1.259259259,28.33242634,10.02330168,2.477484666,-2.390932284,2.204588426,-2.775673982,7.208150255,0.103533243,2.005735475,1042.099159,18.26937395,14.80055314,15.80055314,13.33137046,9.180191889,11.18019189,6.902342517,10.63439332,5.564997882,10.45174923,4.471397349,9.61801023,-3.233116883,3372302.097,15.97809952,6.183465392,2.202541043,159.504306,0,0,13.85711725,0,0,4.794537184,0,0,109.1946072,20.74690258,11.12690298,0,4.794537184,34.60401983,0,0,0,120.3215102,0,20.74690258,0,0,0,13.85711725,0,15.92144017,109.1946072,0,0,17.07,8.073872301,4.794537184,5.783244946,0,11.12690298,20.74690258,0,24.26546827,84.92913896,0,0,0,13.28060154,4.990185185,1.686245906,0.13535856,37.80757023,0,0,-2.538850309,0,27,0,1,0,1,1,4,0,4,1,0,2,2,5,2.6084,113.4905,0,0,1,1,0,0,0,0,0,0,4,2,0,0,1,0,0,0,Alc7,OC(CC1=CC=CC=C1)C2=C(OC)C=CC=C2OC,-8.24683777,1.0149703,107.1841159,10.43783636,-0.658796296,10.43783636,0.52537037,0.895699088,258.317,240.173,258.1255944,100,0.127902095,-0.496228759,0.496228759,0.127902095,0.894736842,1.473684211,2,16.47797685,9.995068211,2.183895081,-2.176698553,2.348905965,-2.059889902,5.463673305,0.169084656,2.29696563,500.5221843,13.66492594,11.16696938,11.16696938,9.257550155,6.188121115,6.188121115,4.281728869,4.281728869,3.07104304,3.07104304,2.14772538,2.14772538,-2,25369.48259,13.43209877,6.25,3.0625,112.96959,14.5802533,11.49902367,0,0,0,0,0,36.39820241,17.69618563,6.420821623,25.88701296,14.5802533,0,12.52478801,14.21959508,59.65783953,11.49902367,9.473725908,11.49902367,0,19.32612248,6.420821623,0,17.23086937,48.53093655,0,38.69,6.103966388,5.106527395,0,23.48329678,5.563451492,0,14.21959508,48.53093655,0,9.473725908,10.61332861,0,0,10.43783636,1.763252079,1.282928005,15.35451247,-0.133425926,0,3.181568405,0.25,19,1,3,0,0,2,0,2,3,1,3,5,2,2.9799,74.6518,1,1,0,0,0,2,0,0,2,2,0,17
PC14,O=C1C2=C(C=CC=C2)[Si](C3=CC=CC=C3)(C4=CC=CC=C4)C5=CC=CC=C51,-9.07650116,-0.6639484,3.7556,2.5906,13.28060154,-2.538850309,13.28060154,0.13535856,0.441340529,362.504,344.36,362.1126917,128,0.192369533,-0.288625628,0.288625628,0.192369533,0.444444444,0.814814815,1.259259259,28.33242634,10.02330168,2.477484666,-2.390932284,2.204588426,-2.775673982,7.208150255,0.103533243,2.005735475,1042.099159,18.26937395,14.80055314,15.80055314,13.33137046,9.180191889,11.18019189,6.902342517,10.63439332,5.564997882,10.45174923,4.471397349,9.61801023,-3.233116883,3372302.097,15.97809952,6.183465392,2.202541043,159.504306,0,0,13.85711725,0,0,4.794537184,0,0,109.1946072,20.74690258,11.12690298,0,4.794537184,34.60401983,0,0,0,120.3215102,0,20.74690258,0,0,0,13.85711725,0,15.92144017,109.1946072,0,0,17.07,8.073872301,4.794537184,5.783244946,0,11.12690298,20.74690258,0,24.26546827,84.92913896,0,0,0,13.28060154,4.990185185,1.686245906,0.13535856,37.80757023,0,0,-2.538850309,0,27,0,1,0,1,1,4,0,4,1,0,2,2,5,2.6084,113.4905,0,0,1,1,0,0,0,0,0,0,4,2,0,0,1,0,0,0,Alc8,OC(CC1=CC=CC=C1)(C)C2=CC=C(OC)C=C2,-8.17772183,1.02993635,110.2274909,10.56200491,-0.867435752,10.56200491,0.597389692,0.892105667,242.318,224.174,242.1306798,94,0.118381372,-0.496768189,0.496768189,0.118381372,1,1.611111111,2.166666667,16.46530434,9.889503761,2.227971509,-2.238534935,2.263139458,-2.236217268,5.316379902,0.05756913,2.188427957,486.2652269,13.0102254,10.75872109,10.75872109,8.61532163,6.025136822,6.025136822,4.664730961,4.664730961,3.103088053,3.103088053,2.04546916,2.04546916,-1.8,13287.8363,12.65159546,5.233467659,2.901820229,107.8560448,9.843390349,5.749511833,0,0,0,0,0,42.46456948,30.18337432,6.420821623,12.71084835,9.843390349,0,18.94560963,7.109797541,65.7242066,5.749511833,4.736862954,5.749511833,0,12.21632494,12.02187243,0,18.05064018,54.59730362,0,29.46,5.601050811,5.106527395,0,6.420821623,16.87641482,0,7.109797541,61.52104082,0,4.736862954,5.118487728,0,0,10.56200491,1.151518986,0.80024177,17.54919827,0.597389692,1.835128496,1.636030145,0.25,18,1,2,0,0,2,0,2,2,1,2,4,2,3.1454,72.7108,1,0,0,0,0,2,0,0,1,1,0,56
PC14,O=C1C2=C(C=CC=C2)[Si](C3=CC=CC=C3)(C4=CC=CC=C4)C5=CC=CC=C51,-9.07650116,-0.6639484,3.7556,2.5906,13.28060154,-2.538850309,13.28060154,0.13535856,0.441340529,362.504,344.36,362.1126917,128,0.192369533,-0.288625628,0.288625628,0.192369533,0.444444444,0.814814815,1.259259259,28.33242634,10.02330168,2.477484666,-2.390932284,2.204588426,-2.775673982,7.208150255,0.103533243,2.005735475,1042.099159,18.26937395,14.80055314,15.80055314,13.33137046,9.180191889,11.18019189,6.902342517,10.63439332,5.564997882,10.45174923,4.471397349,9.61801023,-3.233116883,3372302.097,15.97809952,6.183465392,2.202541043,159.504306,0,0,13.85711725,0,0,4.794537184,0,0,109.1946072,20.74690258,11.12690298,0,4.794537184,34.60401983,0,0,0,120.3215102,0,20.74690258,0,0,0,13.85711725,0,15.92144017,109.1946072,0,0,17.07,8.073872301,4.794537184,5.783244946,0,11.12690298,20.74690258,0,24.26546827,84.92913896,0,0,0,13.28060154,4.990185185,1.686245906,0.13535856,37.80757023,0,0,-2.538850309,0,27,0,1,0,1,1,4,0,4,1,0,2,2,5,2.6084,113.4905,0,0,1,1,0,0,0,0,0,0,4,2,0,0,1,0,0,0,Alc9,OC(CC1=CC=CC=C1)(C)C2=CC(OC)=C(OC)C=C2,-7.83976121,1.02803158,110.3090658,10.72641534,-0.957435752,10.72641534,0.544963388,0.908372189,272.344,252.184,272.1412445,106,0.160595357,-0.492869947,0.492869947,0.160595357,0.95,1.6,2.2,16.50786391,9.886714685,2.244651992,-2.246767403,2.332200447,-2.238535517,5.4439743,0.057303819,2.290057545,561.7027291,14.58757567,12.08961911,12.08961911,9.564010035,6.554175925,6.554175925,5.005991953,5.005991953,3.396609945,3.396609945,2.266626138,2.266626138,-2,33330.10718,14.4099723,5.969821674,3.114186851,119.3345321,14.5802533,0,11.49902367,0,0,0,0,36.39820241,30.18337432,6.420821623,19.82064589,14.5802533,0,18.94560963,14.21959508,59.65783953,11.49902367,9.473725908,11.49902367,0,19.32612248,12.02187243,0,18.05064018,48.53093655,0,38.69,5.601050811,5.106527395,0,17.91984529,11.12690298,0,21.14333228,48.53093655,0,9.473725908,10.50166658,0,0,10.72641534,0.937275316,1.282497953,15.42937264,0.544963388,1.806795163,3.187680277,0.294117647,20,1,3,0,0,2,0,2,3,1,3,5,2,3.154,79.2628,1,0,0,0,0,2,0,0,2,2,0,70
PC14,O=C1C2=C(C=CC=C2)[Si](C3=CC=CC=C3)(C4=CC=CC=C4)C5=CC=CC=C51,-9.07650116,-0.6639484,3.7556,2.5906,13.28060154,-2.538850309,13.28060154,0.13535856,0.441340529,362.504,344.36,362.1126917,128,0.192369533,-0.288625628,0.288625628,0.192369533,0.444444444,0.814814815,1.259259259,28.33242634,10.02330168,2.477484666,-2.390932284,2.204588426,-2.775673982,7.208150255,0.103533243,2.005735475,1042.099159,18.26937395,14.80055314,15.80055314,13.33137046,9.180191889,11.18019189,6.902342517,10.63439332,5.564997882,10.45174923,4.471397349,9.61801023,-3.233116883,3372302.097,15.97809952,6.183465392,2.202541043,159.504306,0,0,13.85711725,0,0,4.794537184,0,0,109.1946072,20.74690258,11.12690298,0,4.794537184,34.60401983,0,0,0,120.3215102,0,20.74690258,0,0,0,13.85711725,0,15.92144017,109.1946072,0,0,17.07,8.073872301,4.794537184,5.783244946,0,11.12690298,20.74690258,0,24.26546827,84.92913896,0,0,0,13.28060154,4.990185185,1.686245906,0.13535856,37.80757023,0,0,-2.538850309,0,27,0,1,0,1,1,4,0,4,1,0,2,2,5,2.6084,113.4905,0,0,1,1,0,0,0,0,0,0,4,2,0,0,1,0,0,0,Alc10,OC(CC1=CC=CC=C1)C2=CC=CS2,-8.64139727,1.03292956,111.8150659,9.873253023,-0.363518519,9.873253023,0.363518519,0.814439084,204.294,192.198,204.060886,72,0.09216528,-0.38723214,0.38723214,0.09216528,1.071428571,1.857142857,2.5,32.13347352,10.07645264,2.078921369,-2.072307397,2.216794261,-1.983243765,7.095204082,0.182071194,2.055317991,366.4849572,9.803118619,7.75872109,8.575217671,6.860173345,4.614527515,5.494180326,3.220940058,4.200212366,2.143483815,3.117025632,1.418819851,2.130640812,-1.12,3066.32425,9.435606308,4.398850502,2.21844236,87.65297858,5.106527395,0,0,0,0,0,11.33678588,36.39820241,17.00988133,11.29796882,6.103966388,5.106527395,11.33678588,12.52478801,0,58.28523094,0,0,0,11.33678588,5.106527395,6.420821623,0,16.54456507,47.84463225,0,20.23,0,5.106527395,6.103966388,6.420821623,4.877147194,5.563451492,11.33678588,47.84463225,0,0,0,1.600269038,1.035975057,11.86288265,1.174444444,0,13.99416029,0.332268519,0,0,0.166666667,14,1,1,0,0,1,1,2,2,1,2,3,2,3.0242,59.4248,1,1,0,0,0,1,0,0,0,0,1,5
PC14,O=C1C2=C(C=CC=C2)[Si](C3=CC=CC=C3)(C4=CC=CC=C4)C5=CC=CC=C51,-9.07650116,-0.6639484,3.7556,2.5906,13.28060154,-2.538850309,13.28060154,0.13535856,0.441340529,362.504,344.36,362.1126917,128,0.192369533,-0.288625628,0.288625628,0.192369533,0.444444444,0.814814815,1.259259259,28.33242634,10.02330168,2.477484666,-2.390932284,2.204588426,-2.775673982,7.208150255,0.103533243,2.005735475,1042.099159,18.26937395,14.80055314,15.80055314,13.33137046,9.180191889,11.18019189,6.902342517,10.63439332,5.564997882,10.45174923,4.471397349,9.61801023,-3.233116883,3372302.097,15.97809952,6.183465392,2.202541043,159.504306,0,0,13.85711725,0,0,4.794537184,0,0,109.1946072,20.74690258,11.12690298,0,4.794537184,34.60401983,0,0,0,120.3215102,0,20.74690258,0,0,0,13.85711725,0,15.92144017,109.1946072,0,0,17.07,8.073872301,4.794537184,5.783244946,0,11.12690298,20.74690258,0,24.26546827,84.92913896,0,0,0,13.28060154,4.990185185,1.686245906,0.13535856,37.80757023,0,0,-2.538850309,0,27,0,1,0,1,1,4,0,4,1,0,2,2,5,2.6084,113.4905,0,0,1,1,0,0,0,0,0,0,4,2,0,0,1,0,0,0,Alc11,OC(CC1=CC=CC=C1)C2=CC=C3C(C=CC=C3)=C2,-8.12765359,0.32353879,110.1333659,10.33341648,-0.451846183,10.33341648,0.451846183,0.739012436,248.325,232.197,248.1201151,94,0.083009866,-0.388071663,0.388071663,0.083009866,0.736842105,1.421052632,2.210526316,16.26608468,9.986417292,2.083747824,-2.117047312,2.224950035,-2.010327051,5.82588213,0.178379756,1.869464155,673.3497853,13.0791395,10.65987388,10.65987388,9.32649984,6.534743449,6.534743449,4.812108497,4.812108497,3.430171422,3.430171422,2.370271693,2.370271693,-2.12,36765.48652,11.94179079,5.249619382,2.66527869,112.6942798,5.106527395,0,0,0,0,0,0,66.73003775,27.96571848,6.420821623,6.103966388,5.106527395,10.77244843,12.52478801,0,83.9233078,0,0,0,0,5.106527395,6.420821623,0,17.23086937,72.79640482,10.77244843,20.23,6.103966388,5.106527395,0,6.420821623,11.12690298,10.77244843,0,48.53093655,24.26546827,0,0,0,0,12.71329869,2.130288591,0,24.45629438,0.200118339,0,0,0.111111111,19,1,1,0,0,3,0,3,1,1,1,3,3,4.1159,79.0538,1,1,0,0,0,3,1,0,0,0,0,0
PC14,O=C1C2=C(C=CC=C2)[Si](C3=CC=CC=C3)(C4=CC=CC=C4)C5=CC=CC=C51,-9.07650116,-0.6639484,3.7556,2.5906,13.28060154,-2.538850309,13.28060154,0.13535856,0.441340529,362.504,344.36,362.1126917,128,0.192369533,-0.288625628,0.288625628,0.192369533,0.444444444,0.814814815,1.259259259,28.33242634,10.02330168,2.477484666,-2.390932284,2.204588426,-2.775673982,7.208150255,0.103533243,2.005735475,1042.099159,18.26937395,14.80055314,15.80055314,13.33137046,9.180191889,11.18019189,6.902342517,10.63439332,5.564997882,10.45174923,4.471397349,9.61801023,-3.233116883,3372302.097,15.97809952,6.183465392,2.202541043,159.504306,0,0,13.85711725,0,0,4.794537184,0,0,109.1946072,20.74690258,11.12690298,0,4.794537184,34.60401983,0,0,0,120.3215102,0,20.74690258,0,0,0,13.85711725,0,15.92144017,109.1946072,0,0,17.07,8.073872301,4.794537184,5.783244946,0,11.12690298,20.74690258,0,24.26546827,84.92913896,0,0,0,13.28060154,4.990185185,1.686245906,0.13535856,37.80757023,0,0,-2.538850309,0,27,0,1,0,1,1,4,0,4,1,0,2,2,5,2.6084,113.4905,0,0,1,1,0,0,0,0,0,0,4,2,0,0,1,0,0,0,Alc12,OC(CC1=CC=CC=C1)C2=C3C(C=CC=C3)=CC=C2,-8.02670078,0.27891275,110.2902409,10.47196901,-0.464351852,10.47196901,0.464351852,0.739012436,248.325,232.197,248.1201151,94,0.083586962,-0.388048921,0.388048921,0.083586962,0.736842105,1.421052632,2.263157895,16.2661245,9.961087362,2.108514386,-2.135341267,2.259726004,-2.019364071,5.854953123,0.179785723,1.955927549,668.0997853,13.0791395,10.65987388,10.65987388,9.343336593,6.540726513,6.540726513,4.773896154,4.773896154,3.454236172,3.454236172,2.488346906,2.488346906,-2.12,37234.02226,11.94179079,5.249619382,2.514643812,112.6942798,5.106527395,0,0,0,0,0,0,72.79640482,21.89935141,6.420821623,6.103966388,5.106527395,10.77244843,12.52478801,0,83.9233078,0,0,0,0,5.106527395,6.420821623,0,17.23086937,72.79640482,10.77244843,20.23,6.103966388,5.106527395,0,6.420821623,16.5131272,5.386224214,0,54.59730362,18.19910121,0,0,0,0,12.77802716,2.157303005,0,24.3813554,0.183314437,0,0,0.111111111,19,1,1,0,0,3,0,3,1,1,1,3,3,4.1159,79.0538,1,1,0,0,0,3,1,0,0,0,0,0
PC14,O=C1C2=C(C=CC=C2)[Si](C3=CC=CC=C3)(C4=CC=CC=C4)C5=CC=CC=C51,-9.07650116,-0.6639484,3.7556,2.5906,13.28060154,-2.538850309,13.28060154,0.13535856,0.441340529,362.504,344.36,362.1126917,128,0.192369533,-0.288625628,0.288625628,0.192369533,0.444444444,0.814814815,1.259259259,28.33242634,10.02330168,2.477484666,-2.390932284,2.204588426,-2.775673982,7.208150255,0.103533243,2.005735475,1042.099159,18.26937395,14.80055314,15.80055314,13.33137046,9.180191889,11.18019189,6.902342517,10.63439332,5.564997882,10.45174923,4.471397349,9.61801023,-3.233116883,3372302.097,15.97809952,6.183465392,2.202541043,159.504306,0,0,13.85711725,0,0,4.794537184,0,0,109.1946072,20.74690258,11.12690298,0,4.794537184,34.60401983,0,0,0,120.3215102,0,20.74690258,0,0,0,13.85711725,0,15.92144017,109.1946072,0,0,17.07,8.073872301,4.794537184,5.783244946,0,11.12690298,20.74690258,0,24.26546827,84.92913896,0,0,0,13.28060154,4.990185185,1.686245906,0.13535856,37.80757023,0,0,-2.538850309,0,27,0,1,0,1,1,4,0,4,1,0,2,2,5,2.6084,113.4905,0,0,1,1,0,0,0,0,0,0,4,2,0,0,1,0,0,0,Alc13,OC(CC1=CC=CC=C1)C2=CC(OCO3)=C3C=C2,-7.9864285,1.08381413,109.9953158,10.20884165,-0.526018519,10.20884165,0.257507114,0.898944943,242.274,228.162,242.0942943,92,0.230800378,-0.453595466,0.453595466,0.230800378,1,1.777777778,2.611111111,16.69672243,10.01045676,2.161838013,-2.112079703,2.342342866,-2.01108597,5.447982472,0.171222171,1.782012697,536.689907,12.37203272,9.874076162,9.874076162,8.82649984,5.942991739,5.942991739,4.318219186,4.318219186,3.053275195,3.053275195,2.075602865,2.075602865,-2,27276.07585,11.11111111,4.704,2.172635445,105.5988167,14.5802533,0,11.49902367,6.792942306,0,0,0,36.39820241,23.25963712,6.420821623,6.103966388,14.5802533,0,12.52478801,6.792942306,59.65783953,11.49902367,9.473725908,11.49902367,0,11.8994697,6.420821623,0,17.23086937,48.53093655,0,38.69,6.103966388,5.106527395,6.792942306,12.17033346,16.87641482,0,0,48.53093655,0,9.473725908,10.55373952,0,0,10.20884165,1.963675831,1.449326657,15.49522555,0.071683673,0.257507114,0,0.2,18,1,3,1,1,2,0,2,3,1,3,3,3,2.6914,67.6708,1,1,0,0,0,2,1,0,2,0,0,36
PC14,O=C1C2=C(C=CC=C2)[Si](C3=CC=CC=C3)(C4=CC=CC=C4)C5=CC=CC=C51,-9.07650116,-0.6639484,3.7556,2.5906,13.28060154,-2.538850309,13.28060154,0.13535856,0.441340529,362.504,344.36,362.1126917,128,0.192369533,-0.288625628,0.288625628,0.192369533,0.444444444,0.814814815,1.259259259,28.33242634,10.02330168,2.477484666,-2.390932284,2.204588426,-2.775673982,7.208150255,0.103533243,2.005735475,1042.099159,18.26937395,14.80055314,15.80055314,13.33137046,9.180191889,11.18019189,6.902342517,10.63439332,5.564997882,10.45174923,4.471397349,9.61801023,-3.233116883,3372302.097,15.97809952,6.183465392,2.202541043,159.504306,0,0,13.85711725,0,0,4.794537184,0,0,109.1946072,20.74690258,11.12690298,0,4.794537184,34.60401983,0,0,0,120.3215102,0,20.74690258,0,0,0,13.85711725,0,15.92144017,109.1946072,0,0,17.07,8.073872301,4.794537184,5.783244946,0,11.12690298,20.74690258,0,24.26546827,84.92913896,0,0,0,13.28060154,4.990185185,1.686245906,0.13535856,37.80757023,0,0,-2.538850309,0,27,0,1,0,1,1,4,0,4,1,0,2,2,5,2.6084,113.4905,0,0,1,1,0,0,0,0,0,0,4,2,0,0,1,0,0,0,Alc14,OC(CC1=CC=CC=C1)C2=CC=C3C(OCCO3)=C2,-8.04792536,1.06912019,110.6792909,10.27915415,-0.529419879,10.27915415,0.529419879,0.917331086,256.301,240.173,256.1099444,98,0.161229612,-0.486147273,0.486147273,0.161229612,0.947368421,1.684210526,2.473684211,16.56262844,10.00869622,2.151138065,-2.198867245,2.32807113,-2.153791222,5.441928646,0.164210297,1.779518637,551.1754333,13.0791395,10.58118294,10.58118294,9.32649984,6.442991739,6.442991739,4.608616347,4.608616347,3.222881543,3.222881543,2.222419671,2.222419671,-2,36765.48652,12.05540166,5.325443787,2.712802768,111.9637588,14.5802533,13.21376393,11.49902367,0,0,0,0,36.39820241,23.25963712,6.420821623,6.103966388,14.5802533,0,12.52478801,13.21376393,59.65783953,11.49902367,9.473725908,11.49902367,0,18.32029132,6.420821623,0,17.23086937,48.53093655,0,38.69,6.103966388,5.106527395,0,19.63458555,22.62592665,0,0,48.53093655,0,9.473725908,10.99818397,0,0,10.27915415,1.970363074,1.47015999,15.57085113,0.068282313,1.14300538,0,0.25,19,1,3,1,1,2,0,2,3,1,3,3,3,2.7339,72.5378,1,1,0,0,0,2,1,0,2,0,0,61
